ISO-10303-21;
HEADER;
FILE_DESCRIPTION(('FreeCAD Model'),'2;1');
FILE_NAME('Open CASCADE Shape Model','2026-09-15T11:38:30',('FreeCAD'),(
    'FreeCAD'),'Open CASCADE STEP processor 7.8','FreeCAD','Unknown');
FILE_SCHEMA(('AUTOMOTIVE_DESIGN { 1 0 10303 214 1 1 1 1 }'));
ENDSEC;
DATA;
#1 = APPLICATION_PROTOCOL_DEFINITION('international standard',
  'automotive_design',2000,#2);
#2 = APPLICATION_CONTEXT(
  'core data for automotive mechanical design processes');
#3 = SHAPE_DEFINITION_REPRESENTATION(#4,#10);
#4 = PRODUCT_DEFINITION_SHAPE('','',#5);
#5 = PRODUCT_DEFINITION('design','',#6,#9);
#6 = PRODUCT_DEFINITION_FORMATION('','',#7);
#7 = PRODUCT('Open CASCADE STEP translator 7.8 1',
  'Open CASCADE STEP translator 7.8 1','',(#8));
#8 = PRODUCT_CONTEXT('',#2,'mechanical');
#9 = PRODUCT_DEFINITION_CONTEXT('part definition',#2,'design');
#10 = SHAPE_REPRESENTATION('',(#11,#15,#678,#828,#978,#1128,#1278,#1428,
    #1578,#1728,#1878,#2028,#2178,#2328,#2478,#2628,#2778,#2928,#3078,
    #3228,#3378,#3528,#3678,#3828,#3978,#4128,#4278,#4428,#4578,#4728,
    #4878,#5028,#5178,#5328,#5478,#5628,#5778,#5928,#6078,#6228,#6378,
    #6528,#6678,#6828,#6978,#7128,#7278,#7428,#7578,#7728,#7878,#8028,
    #8178,#8328,#8478,#8628,#8778,#8928,#9078,#9228,#9378,#9528,#9678,
    #9828),#9881);
#11 = AXIS2_PLACEMENT_3D('',#12,#13,#14);
#12 = CARTESIAN_POINT('',(0.,0.,0.));
#13 = DIRECTION('',(0.,0.,1.));
#14 = DIRECTION('',(1.,0.,-0.));
#15 = MANIFOLD_SOLID_BREP('',#16);
#16 = CLOSED_SHELL('',(#17,#57,#90,#123,#156,#189,#206,#223,#254,#285,
    #302,#344,#361,#392,#410,#428,#461,#479,#510,#528,#559,#584,#613,
    #624,#635,#647,#658,#669));
#17 = ADVANCED_FACE('',(#18),#52,.F.);
#18 = FACE_BOUND('',#19,.F.);
#19 = EDGE_LOOP('',(#20,#30,#38,#46));
#20 = ORIENTED_EDGE('',*,*,#21,.F.);
#21 = EDGE_CURVE('',#22,#24,#26,.T.);
#22 = VERTEX_POINT('',#23);
#23 = CARTESIAN_POINT('',(-3.5,-3.45,7.E-02));
#24 = VERTEX_POINT('',#25);
#25 = CARTESIAN_POINT('',(-3.5,-3.45,0.8));
#26 = LINE('',#27,#28);
#27 = CARTESIAN_POINT('',(-3.5,-3.45,2.E-02));
#28 = VECTOR('',#29,1.);
#29 = DIRECTION('',(0.,0.,1.));
#30 = ORIENTED_EDGE('',*,*,#31,.T.);
#31 = EDGE_CURVE('',#22,#32,#34,.T.);
#32 = VERTEX_POINT('',#33);
#33 = CARTESIAN_POINT('',(-3.5,3.45,7.E-02));
#34 = LINE('',#35,#36);
#35 = CARTESIAN_POINT('',(-3.5,-3.5,7.E-02));
#36 = VECTOR('',#37,1.);
#37 = DIRECTION('',(-0.,1.,0.));
#38 = ORIENTED_EDGE('',*,*,#39,.T.);
#39 = EDGE_CURVE('',#32,#40,#42,.T.);
#40 = VERTEX_POINT('',#41);
#41 = CARTESIAN_POINT('',(-3.5,3.45,0.8));
#42 = LINE('',#43,#44);
#43 = CARTESIAN_POINT('',(-3.5,3.45,2.E-02));
#44 = VECTOR('',#45,1.);
#45 = DIRECTION('',(0.,0.,1.));
#46 = ORIENTED_EDGE('',*,*,#47,.F.);
#47 = EDGE_CURVE('',#24,#40,#48,.T.);
#48 = LINE('',#49,#50);
#49 = CARTESIAN_POINT('',(-3.5,-3.5,0.8));
#50 = VECTOR('',#51,1.);
#51 = DIRECTION('',(-0.,1.,0.));
#52 = PLANE('',#53);
#53 = AXIS2_PLACEMENT_3D('',#54,#55,#56);
#54 = CARTESIAN_POINT('',(-3.5,-3.5,2.E-02));
#55 = DIRECTION('',(1.,0.,-0.));
#56 = DIRECTION('',(0.,0.,1.));
#57 = ADVANCED_FACE('',(#58),#85,.T.);
#58 = FACE_BOUND('',#59,.T.);
#59 = EDGE_LOOP('',(#60,#61,#70,#78));
#60 = ORIENTED_EDGE('',*,*,#21,.F.);
#61 = ORIENTED_EDGE('',*,*,#62,.T.);
#62 = EDGE_CURVE('',#22,#63,#65,.T.);
#63 = VERTEX_POINT('',#64);
#64 = CARTESIAN_POINT('',(-3.45,-3.5,7.E-02));
#65 = CIRCLE('',#66,5.E-02);
#66 = AXIS2_PLACEMENT_3D('',#67,#68,#69);
#67 = CARTESIAN_POINT('',(-3.45,-3.45,7.E-02));
#68 = DIRECTION('',(0.,0.,1.));
#69 = DIRECTION('',(-1.,0.,0.));
#70 = ORIENTED_EDGE('',*,*,#71,.T.);
#71 = EDGE_CURVE('',#63,#72,#74,.T.);
#72 = VERTEX_POINT('',#73);
#73 = CARTESIAN_POINT('',(-3.45,-3.5,0.8));
#74 = LINE('',#75,#76);
#75 = CARTESIAN_POINT('',(-3.45,-3.5,2.E-02));
#76 = VECTOR('',#77,1.);
#77 = DIRECTION('',(0.,0.,1.));
#78 = ORIENTED_EDGE('',*,*,#79,.F.);
#79 = EDGE_CURVE('',#24,#72,#80,.T.);
#80 = CIRCLE('',#81,5.E-02);
#81 = AXIS2_PLACEMENT_3D('',#82,#83,#84);
#82 = CARTESIAN_POINT('',(-3.45,-3.45,0.8));
#83 = DIRECTION('',(0.,0.,1.));
#84 = DIRECTION('',(-1.,0.,0.));
#85 = CYLINDRICAL_SURFACE('',#86,5.E-02);
#86 = AXIS2_PLACEMENT_3D('',#87,#88,#89);
#87 = CARTESIAN_POINT('',(-3.45,-3.45,2.E-02));
#88 = DIRECTION('',(0.,0.,1.));
#89 = DIRECTION('',(-1.,-0.,0.));
#90 = ADVANCED_FACE('',(#91),#118,.T.);
#91 = FACE_BOUND('',#92,.F.);
#92 = EDGE_LOOP('',(#93,#102,#110,#117));
#93 = ORIENTED_EDGE('',*,*,#94,.F.);
#94 = EDGE_CURVE('',#95,#22,#97,.T.);
#95 = VERTEX_POINT('',#96);
#96 = CARTESIAN_POINT('',(-3.45,-3.45,2.E-02));
#97 = CIRCLE('',#98,5.E-02);
#98 = AXIS2_PLACEMENT_3D('',#99,#100,#101);
#99 = CARTESIAN_POINT('',(-3.45,-3.45,7.E-02));
#100 = DIRECTION('',(0.,1.,-0.));
#101 = DIRECTION('',(-1.,0.,0.));
#102 = ORIENTED_EDGE('',*,*,#103,.T.);
#103 = EDGE_CURVE('',#95,#104,#106,.T.);
#104 = VERTEX_POINT('',#105);
#105 = CARTESIAN_POINT('',(-3.45,3.45,2.E-02));
#106 = LINE('',#107,#108);
#107 = CARTESIAN_POINT('',(-3.45,-3.5,2.E-02));
#108 = VECTOR('',#109,1.);
#109 = DIRECTION('',(-0.,1.,0.));
#110 = ORIENTED_EDGE('',*,*,#111,.T.);
#111 = EDGE_CURVE('',#104,#32,#112,.T.);
#112 = CIRCLE('',#113,5.E-02);
#113 = AXIS2_PLACEMENT_3D('',#114,#115,#116);
#114 = CARTESIAN_POINT('',(-3.45,3.45,7.E-02));
#115 = DIRECTION('',(0.,1.,-0.));
#116 = DIRECTION('',(-1.,0.,0.));
#117 = ORIENTED_EDGE('',*,*,#31,.F.);
#118 = CYLINDRICAL_SURFACE('',#119,5.E-02);
#119 = AXIS2_PLACEMENT_3D('',#120,#121,#122);
#120 = CARTESIAN_POINT('',(-3.45,-3.5,7.E-02));
#121 = DIRECTION('',(-0.,1.,0.));
#122 = DIRECTION('',(-1.,-0.,0.));
#123 = ADVANCED_FACE('',(#124),#151,.T.);
#124 = FACE_BOUND('',#125,.T.);
#125 = EDGE_LOOP('',(#126,#135,#143,#150));
#126 = ORIENTED_EDGE('',*,*,#127,.F.);
#127 = EDGE_CURVE('',#128,#24,#130,.T.);
#128 = VERTEX_POINT('',#129);
#129 = CARTESIAN_POINT('',(-3.45,-3.45,0.85));
#130 = CIRCLE('',#131,5.E-02);
#131 = AXIS2_PLACEMENT_3D('',#132,#133,#134);
#132 = CARTESIAN_POINT('',(-3.45,-3.45,0.8));
#133 = DIRECTION('',(0.,-1.,0.));
#134 = DIRECTION('',(-1.,0.,0.));
#135 = ORIENTED_EDGE('',*,*,#136,.T.);
#136 = EDGE_CURVE('',#128,#137,#139,.T.);
#137 = VERTEX_POINT('',#138);
#138 = CARTESIAN_POINT('',(-3.45,3.45,0.85));
#139 = LINE('',#140,#141);
#140 = CARTESIAN_POINT('',(-3.45,-3.5,0.85));
#141 = VECTOR('',#142,1.);
#142 = DIRECTION('',(-0.,1.,0.));
#143 = ORIENTED_EDGE('',*,*,#144,.F.);
#144 = EDGE_CURVE('',#40,#137,#145,.T.);
#145 = CIRCLE('',#146,5.E-02);
#146 = AXIS2_PLACEMENT_3D('',#147,#148,#149);
#147 = CARTESIAN_POINT('',(-3.45,3.45,0.8));
#148 = DIRECTION('',(-0.,1.,0.));
#149 = DIRECTION('',(-1.,-0.,0.));
#150 = ORIENTED_EDGE('',*,*,#47,.F.);
#151 = CYLINDRICAL_SURFACE('',#152,5.E-02);
#152 = AXIS2_PLACEMENT_3D('',#153,#154,#155);
#153 = CARTESIAN_POINT('',(-3.45,-3.5,0.8));
#154 = DIRECTION('',(-0.,1.,0.));
#155 = DIRECTION('',(-1.,-0.,0.));
#156 = ADVANCED_FACE('',(#157),#184,.T.);
#157 = FACE_BOUND('',#158,.F.);
#158 = EDGE_LOOP('',(#159,#160,#169,#177));
#159 = ORIENTED_EDGE('',*,*,#39,.F.);
#160 = ORIENTED_EDGE('',*,*,#161,.T.);
#161 = EDGE_CURVE('',#32,#162,#164,.T.);
#162 = VERTEX_POINT('',#163);
#163 = CARTESIAN_POINT('',(-3.45,3.5,7.E-02));
#164 = CIRCLE('',#165,5.E-02);
#165 = AXIS2_PLACEMENT_3D('',#166,#167,#168);
#166 = CARTESIAN_POINT('',(-3.45,3.45,7.E-02));
#167 = DIRECTION('',(-0.,0.,-1.));
#168 = DIRECTION('',(-1.,0.,0.));
#169 = ORIENTED_EDGE('',*,*,#170,.T.);
#170 = EDGE_CURVE('',#162,#171,#173,.T.);
#171 = VERTEX_POINT('',#172);
#172 = CARTESIAN_POINT('',(-3.45,3.5,0.8));
#173 = LINE('',#174,#175);
#174 = CARTESIAN_POINT('',(-3.45,3.5,2.E-02));
#175 = VECTOR('',#176,1.);
#176 = DIRECTION('',(0.,0.,1.));
#177 = ORIENTED_EDGE('',*,*,#178,.T.);
#178 = EDGE_CURVE('',#171,#40,#179,.T.);
#179 = CIRCLE('',#180,5.E-02);
#180 = AXIS2_PLACEMENT_3D('',#181,#182,#183);
#181 = CARTESIAN_POINT('',(-3.45,3.45,0.8));
#182 = DIRECTION('',(0.,0.,1.));
#183 = DIRECTION('',(-1.,-0.,0.));
#184 = CYLINDRICAL_SURFACE('',#185,5.E-02);
#185 = AXIS2_PLACEMENT_3D('',#186,#187,#188);
#186 = CARTESIAN_POINT('',(-3.45,3.45,2.E-02));
#187 = DIRECTION('',(0.,0.,1.));
#188 = DIRECTION('',(-1.,-0.,0.));
#189 = ADVANCED_FACE('',(#190),#201,.T.);
#190 = FACE_BOUND('',#191,.T.);
#191 = EDGE_LOOP('',(#192,#193,#200));
#192 = ORIENTED_EDGE('',*,*,#94,.F.);
#193 = ORIENTED_EDGE('',*,*,#194,.T.);
#194 = EDGE_CURVE('',#95,#63,#195,.T.);
#195 = CIRCLE('',#196,5.E-02);
#196 = AXIS2_PLACEMENT_3D('',#197,#198,#199);
#197 = CARTESIAN_POINT('',(-3.45,-3.45,7.E-02));
#198 = DIRECTION('',(-1.,6.123233995737E-17,0.));
#199 = DIRECTION('',(-6.123233995737E-17,-1.,0.));
#200 = ORIENTED_EDGE('',*,*,#62,.F.);
#201 = SPHERICAL_SURFACE('',#202,5.E-02);
#202 = AXIS2_PLACEMENT_3D('',#203,#204,#205);
#203 = CARTESIAN_POINT('',(-3.45,-3.45,7.E-02));
#204 = DIRECTION('',(0.,0.,1.));
#205 = DIRECTION('',(-1.,0.,0.));
#206 = ADVANCED_FACE('',(#207),#218,.T.);
#207 = FACE_BOUND('',#208,.F.);
#208 = EDGE_LOOP('',(#209,#210,#217));
#209 = ORIENTED_EDGE('',*,*,#127,.F.);
#210 = ORIENTED_EDGE('',*,*,#211,.T.);
#211 = EDGE_CURVE('',#128,#72,#212,.T.);
#212 = CIRCLE('',#213,5.E-02);
#213 = AXIS2_PLACEMENT_3D('',#214,#215,#216);
#214 = CARTESIAN_POINT('',(-3.45,-3.45,0.8));
#215 = DIRECTION('',(1.,-6.123233995737E-17,0.));
#216 = DIRECTION('',(-6.123233995737E-17,-1.,0.));
#217 = ORIENTED_EDGE('',*,*,#79,.F.);
#218 = SPHERICAL_SURFACE('',#219,5.E-02);
#219 = AXIS2_PLACEMENT_3D('',#220,#221,#222);
#220 = CARTESIAN_POINT('',(-3.45,-3.45,0.8));
#221 = DIRECTION('',(-0.,-0.,-1.));
#222 = DIRECTION('',(-1.,0.,0.));
#223 = ADVANCED_FACE('',(#224),#249,.F.);
#224 = FACE_BOUND('',#225,.F.);
#225 = EDGE_LOOP('',(#226,#227,#235,#243));
#226 = ORIENTED_EDGE('',*,*,#71,.T.);
#227 = ORIENTED_EDGE('',*,*,#228,.T.);
#228 = EDGE_CURVE('',#72,#229,#231,.T.);
#229 = VERTEX_POINT('',#230);
#230 = CARTESIAN_POINT('',(3.45,-3.5,0.8));
#231 = LINE('',#232,#233);
#232 = CARTESIAN_POINT('',(-3.5,-3.5,0.8));
#233 = VECTOR('',#234,1.);
#234 = DIRECTION('',(1.,0.,-0.));
#235 = ORIENTED_EDGE('',*,*,#236,.F.);
#236 = EDGE_CURVE('',#237,#229,#239,.T.);
#237 = VERTEX_POINT('',#238);
#238 = CARTESIAN_POINT('',(3.45,-3.5,7.E-02));
#239 = LINE('',#240,#241);
#240 = CARTESIAN_POINT('',(3.45,-3.5,2.E-02));
#241 = VECTOR('',#242,1.);
#242 = DIRECTION('',(0.,0.,1.));
#243 = ORIENTED_EDGE('',*,*,#244,.F.);
#244 = EDGE_CURVE('',#63,#237,#245,.T.);
#245 = LINE('',#246,#247);
#246 = CARTESIAN_POINT('',(-3.5,-3.5,7.E-02));
#247 = VECTOR('',#248,1.);
#248 = DIRECTION('',(1.,0.,-0.));
#249 = PLANE('',#250);
#250 = AXIS2_PLACEMENT_3D('',#251,#252,#253);
#251 = CARTESIAN_POINT('',(-3.5,-3.5,2.E-02));
#252 = DIRECTION('',(-0.,1.,0.));
#253 = DIRECTION('',(0.,0.,1.));
#254 = ADVANCED_FACE('',(#255),#280,.F.);
#255 = FACE_BOUND('',#256,.F.);
#256 = EDGE_LOOP('',(#257,#258,#266,#274));
#257 = ORIENTED_EDGE('',*,*,#103,.F.);
#258 = ORIENTED_EDGE('',*,*,#259,.T.);
#259 = EDGE_CURVE('',#95,#260,#262,.T.);
#260 = VERTEX_POINT('',#261);
#261 = CARTESIAN_POINT('',(3.45,-3.45,2.E-02));
#262 = LINE('',#263,#264);
#263 = CARTESIAN_POINT('',(-3.5,-3.45,2.E-02));
#264 = VECTOR('',#265,1.);
#265 = DIRECTION('',(1.,0.,-0.));
#266 = ORIENTED_EDGE('',*,*,#267,.T.);
#267 = EDGE_CURVE('',#260,#268,#270,.T.);
#268 = VERTEX_POINT('',#269);
#269 = CARTESIAN_POINT('',(3.45,3.45,2.E-02));
#270 = LINE('',#271,#272);
#271 = CARTESIAN_POINT('',(3.45,-3.5,2.E-02));
#272 = VECTOR('',#273,1.);
#273 = DIRECTION('',(-0.,1.,0.));
#274 = ORIENTED_EDGE('',*,*,#275,.F.);
#275 = EDGE_CURVE('',#104,#268,#276,.T.);
#276 = LINE('',#277,#278);
#277 = CARTESIAN_POINT('',(-3.5,3.45,2.E-02));
#278 = VECTOR('',#279,1.);
#279 = DIRECTION('',(1.,0.,-0.));
#280 = PLANE('',#281);
#281 = AXIS2_PLACEMENT_3D('',#282,#283,#284);
#282 = CARTESIAN_POINT('',(-3.5,-3.5,2.E-02));
#283 = DIRECTION('',(0.,0.,1.));
#284 = DIRECTION('',(1.,0.,-0.));
#285 = ADVANCED_FACE('',(#286),#297,.T.);
#286 = FACE_BOUND('',#287,.F.);
#287 = EDGE_LOOP('',(#288,#289,#296));
#288 = ORIENTED_EDGE('',*,*,#111,.F.);
#289 = ORIENTED_EDGE('',*,*,#290,.T.);
#290 = EDGE_CURVE('',#104,#162,#291,.T.);
#291 = CIRCLE('',#292,5.E-02);
#292 = AXIS2_PLACEMENT_3D('',#293,#294,#295);
#293 = CARTESIAN_POINT('',(-3.45,3.45,7.E-02));
#294 = DIRECTION('',(1.,6.123233995737E-17,-0.));
#295 = DIRECTION('',(-6.123233995737E-17,1.,0.));
#296 = ORIENTED_EDGE('',*,*,#161,.F.);
#297 = SPHERICAL_SURFACE('',#298,5.E-02);
#298 = AXIS2_PLACEMENT_3D('',#299,#300,#301);
#299 = CARTESIAN_POINT('',(-3.45,3.45,7.E-02));
#300 = DIRECTION('',(0.,0.,1.));
#301 = DIRECTION('',(-1.,0.,0.));
#302 = ADVANCED_FACE('',(#303,#328),#339,.T.);
#303 = FACE_BOUND('',#304,.T.);
#304 = EDGE_LOOP('',(#305,#306,#314,#322));
#305 = ORIENTED_EDGE('',*,*,#136,.F.);
#306 = ORIENTED_EDGE('',*,*,#307,.T.);
#307 = EDGE_CURVE('',#128,#308,#310,.T.);
#308 = VERTEX_POINT('',#309);
#309 = CARTESIAN_POINT('',(3.45,-3.45,0.85));
#310 = LINE('',#311,#312);
#311 = CARTESIAN_POINT('',(-3.5,-3.45,0.85));
#312 = VECTOR('',#313,1.);
#313 = DIRECTION('',(1.,0.,-0.));
#314 = ORIENTED_EDGE('',*,*,#315,.T.);
#315 = EDGE_CURVE('',#308,#316,#318,.T.);
#316 = VERTEX_POINT('',#317);
#317 = CARTESIAN_POINT('',(3.45,3.45,0.85));
#318 = LINE('',#319,#320);
#319 = CARTESIAN_POINT('',(3.45,-3.5,0.85));
#320 = VECTOR('',#321,1.);
#321 = DIRECTION('',(-0.,1.,0.));
#322 = ORIENTED_EDGE('',*,*,#323,.F.);
#323 = EDGE_CURVE('',#137,#316,#324,.T.);
#324 = LINE('',#325,#326);
#325 = CARTESIAN_POINT('',(-3.5,3.45,0.85));
#326 = VECTOR('',#327,1.);
#327 = DIRECTION('',(1.,0.,-0.));
#328 = FACE_BOUND('',#329,.T.);
#329 = EDGE_LOOP('',(#330));
#330 = ORIENTED_EDGE('',*,*,#331,.F.);
#331 = EDGE_CURVE('',#332,#332,#334,.T.);
#332 = VERTEX_POINT('',#333);
#333 = CARTESIAN_POINT('',(-2.65,-2.85,0.85));
#334 = CIRCLE('',#335,0.2);
#335 = AXIS2_PLACEMENT_3D('',#336,#337,#338);
#336 = CARTESIAN_POINT('',(-2.85,-2.85,0.85));
#337 = DIRECTION('',(0.,0.,1.));
#338 = DIRECTION('',(1.,0.,-0.));
#339 = PLANE('',#340);
#340 = AXIS2_PLACEMENT_3D('',#341,#342,#343);
#341 = CARTESIAN_POINT('',(-3.5,-3.5,0.85));
#342 = DIRECTION('',(0.,0.,1.));
#343 = DIRECTION('',(1.,0.,-0.));
#344 = ADVANCED_FACE('',(#345),#356,.T.);
#345 = FACE_BOUND('',#346,.F.);
#346 = EDGE_LOOP('',(#347,#348,#355));
#347 = ORIENTED_EDGE('',*,*,#178,.F.);
#348 = ORIENTED_EDGE('',*,*,#349,.T.);
#349 = EDGE_CURVE('',#171,#137,#350,.T.);
#350 = CIRCLE('',#351,5.E-02);
#351 = AXIS2_PLACEMENT_3D('',#352,#353,#354);
#352 = CARTESIAN_POINT('',(-3.45,3.45,0.8));
#353 = DIRECTION('',(1.,0.,6.123233995737E-17));
#354 = DIRECTION('',(-6.123233995737E-17,-0.,1.));
#355 = ORIENTED_EDGE('',*,*,#144,.F.);
#356 = SPHERICAL_SURFACE('',#357,5.E-02);
#357 = AXIS2_PLACEMENT_3D('',#358,#359,#360);
#358 = CARTESIAN_POINT('',(-3.45,3.45,0.8));
#359 = DIRECTION('',(0.,-1.,-0.));
#360 = DIRECTION('',(-1.,-0.,0.));
#361 = ADVANCED_FACE('',(#362),#387,.T.);
#362 = FACE_BOUND('',#363,.T.);
#363 = EDGE_LOOP('',(#364,#365,#373,#381));
#364 = ORIENTED_EDGE('',*,*,#170,.T.);
#365 = ORIENTED_EDGE('',*,*,#366,.T.);
#366 = EDGE_CURVE('',#171,#367,#369,.T.);
#367 = VERTEX_POINT('',#368);
#368 = CARTESIAN_POINT('',(3.45,3.5,0.8));
#369 = LINE('',#370,#371);
#370 = CARTESIAN_POINT('',(-3.5,3.5,0.8));
#371 = VECTOR('',#372,1.);
#372 = DIRECTION('',(1.,0.,-0.));
#373 = ORIENTED_EDGE('',*,*,#374,.F.);
#374 = EDGE_CURVE('',#375,#367,#377,.T.);
#375 = VERTEX_POINT('',#376);
#376 = CARTESIAN_POINT('',(3.45,3.5,7.E-02));
#377 = LINE('',#378,#379);
#378 = CARTESIAN_POINT('',(3.45,3.5,2.E-02));
#379 = VECTOR('',#380,1.);
#380 = DIRECTION('',(0.,0.,1.));
#381 = ORIENTED_EDGE('',*,*,#382,.F.);
#382 = EDGE_CURVE('',#162,#375,#383,.T.);
#383 = LINE('',#384,#385);
#384 = CARTESIAN_POINT('',(-3.5,3.5,7.E-02));
#385 = VECTOR('',#386,1.);
#386 = DIRECTION('',(1.,0.,-0.));
#387 = PLANE('',#388);
#388 = AXIS2_PLACEMENT_3D('',#389,#390,#391);
#389 = CARTESIAN_POINT('',(-3.5,3.5,2.E-02));
#390 = DIRECTION('',(-0.,1.,0.));
#391 = DIRECTION('',(0.,0.,1.));
#392 = ADVANCED_FACE('',(#393),#405,.T.);
#393 = FACE_BOUND('',#394,.T.);
#394 = EDGE_LOOP('',(#395,#396,#397,#404));
#395 = ORIENTED_EDGE('',*,*,#194,.F.);
#396 = ORIENTED_EDGE('',*,*,#259,.T.);
#397 = ORIENTED_EDGE('',*,*,#398,.T.);
#398 = EDGE_CURVE('',#260,#237,#399,.T.);
#399 = CIRCLE('',#400,5.E-02);
#400 = AXIS2_PLACEMENT_3D('',#401,#402,#403);
#401 = CARTESIAN_POINT('',(3.45,-3.45,7.E-02));
#402 = DIRECTION('',(-1.,-6.123233995737E-17,0.));
#403 = DIRECTION('',(6.123233995737E-17,-1.,-0.));
#404 = ORIENTED_EDGE('',*,*,#244,.F.);
#405 = CYLINDRICAL_SURFACE('',#406,5.E-02);
#406 = AXIS2_PLACEMENT_3D('',#407,#408,#409);
#407 = CARTESIAN_POINT('',(-3.5,-3.45,7.E-02));
#408 = DIRECTION('',(1.,0.,-0.));
#409 = DIRECTION('',(0.,-1.,0.));
#410 = ADVANCED_FACE('',(#411),#423,.T.);
#411 = FACE_BOUND('',#412,.F.);
#412 = EDGE_LOOP('',(#413,#414,#415,#422));
#413 = ORIENTED_EDGE('',*,*,#211,.F.);
#414 = ORIENTED_EDGE('',*,*,#307,.T.);
#415 = ORIENTED_EDGE('',*,*,#416,.T.);
#416 = EDGE_CURVE('',#308,#229,#417,.T.);
#417 = CIRCLE('',#418,5.E-02);
#418 = AXIS2_PLACEMENT_3D('',#419,#420,#421);
#419 = CARTESIAN_POINT('',(3.45,-3.45,0.8));
#420 = DIRECTION('',(1.,6.123233995737E-17,0.));
#421 = DIRECTION('',(6.123233995737E-17,-1.,0.));
#422 = ORIENTED_EDGE('',*,*,#228,.F.);
#423 = CYLINDRICAL_SURFACE('',#424,5.E-02);
#424 = AXIS2_PLACEMENT_3D('',#425,#426,#427);
#425 = CARTESIAN_POINT('',(-3.5,-3.45,0.8));
#426 = DIRECTION('',(1.,0.,-0.));
#427 = DIRECTION('',(0.,-1.,0.));
#428 = ADVANCED_FACE('',(#429),#456,.T.);
#429 = FACE_BOUND('',#430,.F.);
#430 = EDGE_LOOP('',(#431,#441,#448,#449));
#431 = ORIENTED_EDGE('',*,*,#432,.F.);
#432 = EDGE_CURVE('',#433,#435,#437,.T.);
#433 = VERTEX_POINT('',#434);
#434 = CARTESIAN_POINT('',(3.5,-3.45,7.E-02));
#435 = VERTEX_POINT('',#436);
#436 = CARTESIAN_POINT('',(3.5,-3.45,0.8));
#437 = LINE('',#438,#439);
#438 = CARTESIAN_POINT('',(3.5,-3.45,2.E-02));
#439 = VECTOR('',#440,1.);
#440 = DIRECTION('',(0.,0.,1.));
#441 = ORIENTED_EDGE('',*,*,#442,.T.);
#442 = EDGE_CURVE('',#433,#237,#443,.T.);
#443 = CIRCLE('',#444,5.E-02);
#444 = AXIS2_PLACEMENT_3D('',#445,#446,#447);
#445 = CARTESIAN_POINT('',(3.45,-3.45,7.E-02));
#446 = DIRECTION('',(0.,-0.,-1.));
#447 = DIRECTION('',(1.,0.,-0.));
#448 = ORIENTED_EDGE('',*,*,#236,.T.);
#449 = ORIENTED_EDGE('',*,*,#450,.F.);
#450 = EDGE_CURVE('',#435,#229,#451,.T.);
#451 = CIRCLE('',#452,5.E-02);
#452 = AXIS2_PLACEMENT_3D('',#453,#454,#455);
#453 = CARTESIAN_POINT('',(3.45,-3.45,0.8));
#454 = DIRECTION('',(0.,0.,-1.));
#455 = DIRECTION('',(1.,0.,0.));
#456 = CYLINDRICAL_SURFACE('',#457,5.E-02);
#457 = AXIS2_PLACEMENT_3D('',#458,#459,#460);
#458 = CARTESIAN_POINT('',(3.45,-3.45,2.E-02));
#459 = DIRECTION('',(0.,0.,1.));
#460 = DIRECTION('',(1.,0.,-0.));
#461 = ADVANCED_FACE('',(#462),#474,.T.);
#462 = FACE_BOUND('',#463,.F.);
#463 = EDGE_LOOP('',(#464,#465,#466,#473));
#464 = ORIENTED_EDGE('',*,*,#290,.F.);
#465 = ORIENTED_EDGE('',*,*,#275,.T.);
#466 = ORIENTED_EDGE('',*,*,#467,.T.);
#467 = EDGE_CURVE('',#268,#375,#468,.T.);
#468 = CIRCLE('',#469,5.E-02);
#469 = AXIS2_PLACEMENT_3D('',#470,#471,#472);
#470 = CARTESIAN_POINT('',(3.45,3.45,7.E-02));
#471 = DIRECTION('',(1.,-6.123233995737E-17,0.));
#472 = DIRECTION('',(6.123233995737E-17,1.,0.));
#473 = ORIENTED_EDGE('',*,*,#382,.F.);
#474 = CYLINDRICAL_SURFACE('',#475,5.E-02);
#475 = AXIS2_PLACEMENT_3D('',#476,#477,#478);
#476 = CARTESIAN_POINT('',(-3.5,3.45,7.E-02));
#477 = DIRECTION('',(1.,0.,-0.));
#478 = DIRECTION('',(0.,1.,0.));
#479 = ADVANCED_FACE('',(#480),#505,.T.);
#480 = FACE_BOUND('',#481,.T.);
#481 = EDGE_LOOP('',(#482,#489,#490,#499));
#482 = ORIENTED_EDGE('',*,*,#483,.F.);
#483 = EDGE_CURVE('',#260,#433,#484,.T.);
#484 = CIRCLE('',#485,5.E-02);
#485 = AXIS2_PLACEMENT_3D('',#486,#487,#488);
#486 = CARTESIAN_POINT('',(3.45,-3.45,7.E-02));
#487 = DIRECTION('',(0.,-1.,0.));
#488 = DIRECTION('',(1.,0.,0.));
#489 = ORIENTED_EDGE('',*,*,#267,.T.);
#490 = ORIENTED_EDGE('',*,*,#491,.T.);
#491 = EDGE_CURVE('',#268,#492,#494,.T.);
#492 = VERTEX_POINT('',#493);
#493 = CARTESIAN_POINT('',(3.5,3.45,7.E-02));
#494 = CIRCLE('',#495,5.E-02);
#495 = AXIS2_PLACEMENT_3D('',#496,#497,#498);
#496 = CARTESIAN_POINT('',(3.45,3.45,7.E-02));
#497 = DIRECTION('',(0.,-1.,0.));
#498 = DIRECTION('',(1.,0.,0.));
#499 = ORIENTED_EDGE('',*,*,#500,.F.);
#500 = EDGE_CURVE('',#433,#492,#501,.T.);
#501 = LINE('',#502,#503);
#502 = CARTESIAN_POINT('',(3.5,-3.5,7.E-02));
#503 = VECTOR('',#504,1.);
#504 = DIRECTION('',(-0.,1.,0.));
#505 = CYLINDRICAL_SURFACE('',#506,5.E-02);
#506 = AXIS2_PLACEMENT_3D('',#507,#508,#509);
#507 = CARTESIAN_POINT('',(3.45,-3.5,7.E-02));
#508 = DIRECTION('',(-0.,1.,0.));
#509 = DIRECTION('',(1.,0.,-0.));
#510 = ADVANCED_FACE('',(#511),#523,.T.);
#511 = FACE_BOUND('',#512,.T.);
#512 = EDGE_LOOP('',(#513,#514,#515,#522));
#513 = ORIENTED_EDGE('',*,*,#349,.T.);
#514 = ORIENTED_EDGE('',*,*,#323,.T.);
#515 = ORIENTED_EDGE('',*,*,#516,.F.);
#516 = EDGE_CURVE('',#367,#316,#517,.T.);
#517 = CIRCLE('',#518,5.E-02);
#518 = AXIS2_PLACEMENT_3D('',#519,#520,#521);
#519 = CARTESIAN_POINT('',(3.45,3.45,0.8));
#520 = DIRECTION('',(1.,0.,-6.123233995737E-17));
#521 = DIRECTION('',(6.123233995737E-17,0.,1.));
#522 = ORIENTED_EDGE('',*,*,#366,.F.);
#523 = CYLINDRICAL_SURFACE('',#524,5.E-02);
#524 = AXIS2_PLACEMENT_3D('',#525,#526,#527);
#525 = CARTESIAN_POINT('',(-3.5,3.45,0.8));
#526 = DIRECTION('',(1.,0.,-0.));
#527 = DIRECTION('',(0.,1.,0.));
#528 = ADVANCED_FACE('',(#529),#554,.T.);
#529 = FACE_BOUND('',#530,.F.);
#530 = EDGE_LOOP('',(#531,#538,#539,#548));
#531 = ORIENTED_EDGE('',*,*,#532,.F.);
#532 = EDGE_CURVE('',#308,#435,#533,.T.);
#533 = CIRCLE('',#534,5.E-02);
#534 = AXIS2_PLACEMENT_3D('',#535,#536,#537);
#535 = CARTESIAN_POINT('',(3.45,-3.45,0.8));
#536 = DIRECTION('',(-0.,1.,0.));
#537 = DIRECTION('',(1.,0.,0.));
#538 = ORIENTED_EDGE('',*,*,#315,.T.);
#539 = ORIENTED_EDGE('',*,*,#540,.F.);
#540 = EDGE_CURVE('',#541,#316,#543,.T.);
#541 = VERTEX_POINT('',#542);
#542 = CARTESIAN_POINT('',(3.5,3.45,0.8));
#543 = CIRCLE('',#544,5.E-02);
#544 = AXIS2_PLACEMENT_3D('',#545,#546,#547);
#545 = CARTESIAN_POINT('',(3.45,3.45,0.8));
#546 = DIRECTION('',(0.,-1.,-0.));
#547 = DIRECTION('',(1.,0.,0.));
#548 = ORIENTED_EDGE('',*,*,#549,.F.);
#549 = EDGE_CURVE('',#435,#541,#550,.T.);
#550 = LINE('',#551,#552);
#551 = CARTESIAN_POINT('',(3.5,-3.5,0.8));
#552 = VECTOR('',#553,1.);
#553 = DIRECTION('',(-0.,1.,0.));
#554 = CYLINDRICAL_SURFACE('',#555,5.E-02);
#555 = AXIS2_PLACEMENT_3D('',#556,#557,#558);
#556 = CARTESIAN_POINT('',(3.45,-3.5,0.8));
#557 = DIRECTION('',(-0.,1.,0.));
#558 = DIRECTION('',(1.,0.,-0.));
#559 = ADVANCED_FACE('',(#560),#579,.F.);
#560 = FACE_BOUND('',#561,.F.);
#561 = EDGE_LOOP('',(#562,#563,#571,#578));
#562 = ORIENTED_EDGE('',*,*,#331,.F.);
#563 = ORIENTED_EDGE('',*,*,#564,.F.);
#564 = EDGE_CURVE('',#565,#332,#567,.T.);
#565 = VERTEX_POINT('',#566);
#566 = CARTESIAN_POINT('',(-2.65,-2.85,0.79));
#567 = LINE('',#568,#569);
#568 = CARTESIAN_POINT('',(-2.65,-2.85,0.79));
#569 = VECTOR('',#570,1.);
#570 = DIRECTION('',(0.,0.,1.));
#571 = ORIENTED_EDGE('',*,*,#572,.T.);
#572 = EDGE_CURVE('',#565,#565,#573,.T.);
#573 = CIRCLE('',#574,0.2);
#574 = AXIS2_PLACEMENT_3D('',#575,#576,#577);
#575 = CARTESIAN_POINT('',(-2.85,-2.85,0.79));
#576 = DIRECTION('',(0.,0.,1.));
#577 = DIRECTION('',(1.,0.,-0.));
#578 = ORIENTED_EDGE('',*,*,#564,.T.);
#579 = CYLINDRICAL_SURFACE('',#580,0.2);
#580 = AXIS2_PLACEMENT_3D('',#581,#582,#583);
#581 = CARTESIAN_POINT('',(-2.85,-2.85,0.79));
#582 = DIRECTION('',(0.,0.,1.));
#583 = DIRECTION('',(1.,0.,-0.));
#584 = ADVANCED_FACE('',(#585),#608,.T.);
#585 = FACE_BOUND('',#586,.T.);
#586 = EDGE_LOOP('',(#587,#593,#600,#601));
#587 = ORIENTED_EDGE('',*,*,#588,.F.);
#588 = EDGE_CURVE('',#492,#541,#589,.T.);
#589 = LINE('',#590,#591);
#590 = CARTESIAN_POINT('',(3.5,3.45,2.E-02));
#591 = VECTOR('',#592,1.);
#592 = DIRECTION('',(0.,0.,1.));
#593 = ORIENTED_EDGE('',*,*,#594,.T.);
#594 = EDGE_CURVE('',#492,#375,#595,.T.);
#595 = CIRCLE('',#596,5.E-02);
#596 = AXIS2_PLACEMENT_3D('',#597,#598,#599);
#597 = CARTESIAN_POINT('',(3.45,3.45,7.E-02));
#598 = DIRECTION('',(0.,0.,1.));
#599 = DIRECTION('',(1.,0.,-0.));
#600 = ORIENTED_EDGE('',*,*,#374,.T.);
#601 = ORIENTED_EDGE('',*,*,#602,.T.);
#602 = EDGE_CURVE('',#367,#541,#603,.T.);
#603 = CIRCLE('',#604,5.E-02);
#604 = AXIS2_PLACEMENT_3D('',#605,#606,#607);
#605 = CARTESIAN_POINT('',(3.45,3.45,0.8));
#606 = DIRECTION('',(0.,0.,-1.));
#607 = DIRECTION('',(1.,0.,0.));
#608 = CYLINDRICAL_SURFACE('',#609,5.E-02);
#609 = AXIS2_PLACEMENT_3D('',#610,#611,#612);
#610 = CARTESIAN_POINT('',(3.45,3.45,2.E-02));
#611 = DIRECTION('',(0.,0.,1.));
#612 = DIRECTION('',(1.,0.,-0.));
#613 = ADVANCED_FACE('',(#614),#619,.T.);
#614 = FACE_BOUND('',#615,.F.);
#615 = EDGE_LOOP('',(#616,#617,#618));
#616 = ORIENTED_EDGE('',*,*,#483,.F.);
#617 = ORIENTED_EDGE('',*,*,#398,.T.);
#618 = ORIENTED_EDGE('',*,*,#442,.F.);
#619 = SPHERICAL_SURFACE('',#620,5.E-02);
#620 = AXIS2_PLACEMENT_3D('',#621,#622,#623);
#621 = CARTESIAN_POINT('',(3.45,-3.45,7.E-02));
#622 = DIRECTION('',(0.,0.,1.));
#623 = DIRECTION('',(1.,0.,-0.));
#624 = ADVANCED_FACE('',(#625),#630,.T.);
#625 = FACE_BOUND('',#626,.T.);
#626 = EDGE_LOOP('',(#627,#628,#629));
#627 = ORIENTED_EDGE('',*,*,#532,.F.);
#628 = ORIENTED_EDGE('',*,*,#416,.T.);
#629 = ORIENTED_EDGE('',*,*,#450,.F.);
#630 = SPHERICAL_SURFACE('',#631,5.E-02);
#631 = AXIS2_PLACEMENT_3D('',#632,#633,#634);
#632 = CARTESIAN_POINT('',(3.45,-3.45,0.8));
#633 = DIRECTION('',(-0.,-0.,-1.));
#634 = DIRECTION('',(1.,0.,0.));
#635 = ADVANCED_FACE('',(#636),#642,.T.);
#636 = FACE_BOUND('',#637,.T.);
#637 = EDGE_LOOP('',(#638,#639,#640,#641));
#638 = ORIENTED_EDGE('',*,*,#432,.F.);
#639 = ORIENTED_EDGE('',*,*,#500,.T.);
#640 = ORIENTED_EDGE('',*,*,#588,.T.);
#641 = ORIENTED_EDGE('',*,*,#549,.F.);
#642 = PLANE('',#643);
#643 = AXIS2_PLACEMENT_3D('',#644,#645,#646);
#644 = CARTESIAN_POINT('',(3.5,-3.5,2.E-02));
#645 = DIRECTION('',(1.,0.,-0.));
#646 = DIRECTION('',(0.,0.,1.));
#647 = ADVANCED_FACE('',(#648),#653,.T.);
#648 = FACE_BOUND('',#649,.T.);
#649 = EDGE_LOOP('',(#650,#651,#652));
#650 = ORIENTED_EDGE('',*,*,#491,.F.);
#651 = ORIENTED_EDGE('',*,*,#467,.T.);
#652 = ORIENTED_EDGE('',*,*,#594,.F.);
#653 = SPHERICAL_SURFACE('',#654,5.E-02);
#654 = AXIS2_PLACEMENT_3D('',#655,#656,#657);
#655 = CARTESIAN_POINT('',(3.45,3.45,7.E-02));
#656 = DIRECTION('',(0.,0.,1.));
#657 = DIRECTION('',(1.,0.,-0.));
#658 = ADVANCED_FACE('',(#659),#664,.T.);
#659 = FACE_BOUND('',#660,.T.);
#660 = EDGE_LOOP('',(#661,#662,#663));
#661 = ORIENTED_EDGE('',*,*,#602,.F.);
#662 = ORIENTED_EDGE('',*,*,#516,.T.);
#663 = ORIENTED_EDGE('',*,*,#540,.F.);
#664 = SPHERICAL_SURFACE('',#665,5.E-02);
#665 = AXIS2_PLACEMENT_3D('',#666,#667,#668);
#666 = CARTESIAN_POINT('',(3.45,3.45,0.8));
#667 = DIRECTION('',(0.,-1.,-0.));
#668 = DIRECTION('',(1.,0.,0.));
#669 = ADVANCED_FACE('',(#670),#673,.T.);
#670 = FACE_BOUND('',#671,.F.);
#671 = EDGE_LOOP('',(#672));
#672 = ORIENTED_EDGE('',*,*,#572,.F.);
#673 = PLANE('',#674);
#674 = AXIS2_PLACEMENT_3D('',#675,#676,#677);
#675 = CARTESIAN_POINT('',(-2.85,-2.85,0.79));
#676 = DIRECTION('',(0.,0.,1.));
#677 = DIRECTION('',(1.,0.,-0.));
#678 = MANIFOLD_SOLID_BREP('',#679);
#679 = CLOSED_SHELL('',(#680,#720,#760,#782,#804,#816));
#680 = ADVANCED_FACE('',(#681),#715,.F.);
#681 = FACE_BOUND('',#682,.F.);
#682 = EDGE_LOOP('',(#683,#693,#701,#709));
#683 = ORIENTED_EDGE('',*,*,#684,.F.);
#684 = EDGE_CURVE('',#685,#687,#689,.T.);
#685 = VERTEX_POINT('',#686);
#686 = CARTESIAN_POINT('',(-1.7,-1.7,0.));
#687 = VERTEX_POINT('',#688);
#688 = CARTESIAN_POINT('',(-1.7,-1.7,0.203));
#689 = LINE('',#690,#691);
#690 = CARTESIAN_POINT('',(-1.7,-1.7,0.));
#691 = VECTOR('',#692,1.);
#692 = DIRECTION('',(0.,0.,1.));
#693 = ORIENTED_EDGE('',*,*,#694,.T.);
#694 = EDGE_CURVE('',#685,#695,#697,.T.);
#695 = VERTEX_POINT('',#696);
#696 = CARTESIAN_POINT('',(-1.7,1.7,0.));
#697 = LINE('',#698,#699);
#698 = CARTESIAN_POINT('',(-1.7,-1.7,0.));
#699 = VECTOR('',#700,1.);
#700 = DIRECTION('',(-0.,1.,0.));
#701 = ORIENTED_EDGE('',*,*,#702,.T.);
#702 = EDGE_CURVE('',#695,#703,#705,.T.);
#703 = VERTEX_POINT('',#704);
#704 = CARTESIAN_POINT('',(-1.7,1.7,0.203));
#705 = LINE('',#706,#707);
#706 = CARTESIAN_POINT('',(-1.7,1.7,0.));
#707 = VECTOR('',#708,1.);
#708 = DIRECTION('',(0.,0.,1.));
#709 = ORIENTED_EDGE('',*,*,#710,.F.);
#710 = EDGE_CURVE('',#687,#703,#711,.T.);
#711 = LINE('',#712,#713);
#712 = CARTESIAN_POINT('',(-1.7,-1.7,0.203));
#713 = VECTOR('',#714,1.);
#714 = DIRECTION('',(-0.,1.,0.));
#715 = PLANE('',#716);
#716 = AXIS2_PLACEMENT_3D('',#717,#718,#719);
#717 = CARTESIAN_POINT('',(-1.7,-1.7,0.));
#718 = DIRECTION('',(1.,0.,-0.));
#719 = DIRECTION('',(0.,0.,1.));
#720 = ADVANCED_FACE('',(#721),#755,.T.);
#721 = FACE_BOUND('',#722,.T.);
#722 = EDGE_LOOP('',(#723,#733,#741,#749));
#723 = ORIENTED_EDGE('',*,*,#724,.F.);
#724 = EDGE_CURVE('',#725,#727,#729,.T.);
#725 = VERTEX_POINT('',#726);
#726 = CARTESIAN_POINT('',(1.7,-1.7,0.));
#727 = VERTEX_POINT('',#728);
#728 = CARTESIAN_POINT('',(1.7,-1.7,0.203));
#729 = LINE('',#730,#731);
#730 = CARTESIAN_POINT('',(1.7,-1.7,0.));
#731 = VECTOR('',#732,1.);
#732 = DIRECTION('',(0.,0.,1.));
#733 = ORIENTED_EDGE('',*,*,#734,.T.);
#734 = EDGE_CURVE('',#725,#735,#737,.T.);
#735 = VERTEX_POINT('',#736);
#736 = CARTESIAN_POINT('',(1.7,1.7,0.));
#737 = LINE('',#738,#739);
#738 = CARTESIAN_POINT('',(1.7,-1.7,0.));
#739 = VECTOR('',#740,1.);
#740 = DIRECTION('',(-0.,1.,0.));
#741 = ORIENTED_EDGE('',*,*,#742,.T.);
#742 = EDGE_CURVE('',#735,#743,#745,.T.);
#743 = VERTEX_POINT('',#744);
#744 = CARTESIAN_POINT('',(1.7,1.7,0.203));
#745 = LINE('',#746,#747);
#746 = CARTESIAN_POINT('',(1.7,1.7,0.));
#747 = VECTOR('',#748,1.);
#748 = DIRECTION('',(0.,0.,1.));
#749 = ORIENTED_EDGE('',*,*,#750,.F.);
#750 = EDGE_CURVE('',#727,#743,#751,.T.);
#751 = LINE('',#752,#753);
#752 = CARTESIAN_POINT('',(1.7,-1.7,0.203));
#753 = VECTOR('',#754,1.);
#754 = DIRECTION('',(-0.,1.,0.));
#755 = PLANE('',#756);
#756 = AXIS2_PLACEMENT_3D('',#757,#758,#759);
#757 = CARTESIAN_POINT('',(1.7,-1.7,0.));
#758 = DIRECTION('',(1.,0.,-0.));
#759 = DIRECTION('',(0.,0.,1.));
#760 = ADVANCED_FACE('',(#761),#777,.F.);
#761 = FACE_BOUND('',#762,.F.);
#762 = EDGE_LOOP('',(#763,#769,#770,#776));
#763 = ORIENTED_EDGE('',*,*,#764,.F.);
#764 = EDGE_CURVE('',#685,#725,#765,.T.);
#765 = LINE('',#766,#767);
#766 = CARTESIAN_POINT('',(-1.7,-1.7,0.));
#767 = VECTOR('',#768,1.);
#768 = DIRECTION('',(1.,0.,-0.));
#769 = ORIENTED_EDGE('',*,*,#684,.T.);
#770 = ORIENTED_EDGE('',*,*,#771,.T.);
#771 = EDGE_CURVE('',#687,#727,#772,.T.);
#772 = LINE('',#773,#774);
#773 = CARTESIAN_POINT('',(-1.7,-1.7,0.203));
#774 = VECTOR('',#775,1.);
#775 = DIRECTION('',(1.,0.,-0.));
#776 = ORIENTED_EDGE('',*,*,#724,.F.);
#777 = PLANE('',#778);
#778 = AXIS2_PLACEMENT_3D('',#779,#780,#781);
#779 = CARTESIAN_POINT('',(-1.7,-1.7,0.));
#780 = DIRECTION('',(-0.,1.,0.));
#781 = DIRECTION('',(0.,0.,1.));
#782 = ADVANCED_FACE('',(#783),#799,.T.);
#783 = FACE_BOUND('',#784,.T.);
#784 = EDGE_LOOP('',(#785,#791,#792,#798));
#785 = ORIENTED_EDGE('',*,*,#786,.F.);
#786 = EDGE_CURVE('',#695,#735,#787,.T.);
#787 = LINE('',#788,#789);
#788 = CARTESIAN_POINT('',(-1.7,1.7,0.));
#789 = VECTOR('',#790,1.);
#790 = DIRECTION('',(1.,0.,-0.));
#791 = ORIENTED_EDGE('',*,*,#702,.T.);
#792 = ORIENTED_EDGE('',*,*,#793,.T.);
#793 = EDGE_CURVE('',#703,#743,#794,.T.);
#794 = LINE('',#795,#796);
#795 = CARTESIAN_POINT('',(-1.7,1.7,0.203));
#796 = VECTOR('',#797,1.);
#797 = DIRECTION('',(1.,0.,-0.));
#798 = ORIENTED_EDGE('',*,*,#742,.F.);
#799 = PLANE('',#800);
#800 = AXIS2_PLACEMENT_3D('',#801,#802,#803);
#801 = CARTESIAN_POINT('',(-1.7,1.7,0.));
#802 = DIRECTION('',(-0.,1.,0.));
#803 = DIRECTION('',(0.,0.,1.));
#804 = ADVANCED_FACE('',(#805),#811,.F.);
#805 = FACE_BOUND('',#806,.F.);
#806 = EDGE_LOOP('',(#807,#808,#809,#810));
#807 = ORIENTED_EDGE('',*,*,#694,.F.);
#808 = ORIENTED_EDGE('',*,*,#764,.T.);
#809 = ORIENTED_EDGE('',*,*,#734,.T.);
#810 = ORIENTED_EDGE('',*,*,#786,.F.);
#811 = PLANE('',#812);
#812 = AXIS2_PLACEMENT_3D('',#813,#814,#815);
#813 = CARTESIAN_POINT('',(-1.7,-1.7,0.));
#814 = DIRECTION('',(0.,0.,1.));
#815 = DIRECTION('',(1.,0.,-0.));
#816 = ADVANCED_FACE('',(#817),#823,.T.);
#817 = FACE_BOUND('',#818,.T.);
#818 = EDGE_LOOP('',(#819,#820,#821,#822));
#819 = ORIENTED_EDGE('',*,*,#710,.F.);
#820 = ORIENTED_EDGE('',*,*,#771,.T.);
#821 = ORIENTED_EDGE('',*,*,#750,.T.);
#822 = ORIENTED_EDGE('',*,*,#793,.F.);
#823 = PLANE('',#824);
#824 = AXIS2_PLACEMENT_3D('',#825,#826,#827);
#825 = CARTESIAN_POINT('',(-1.7,-1.7,0.203));
#826 = DIRECTION('',(0.,0.,1.));
#827 = DIRECTION('',(1.,0.,-0.));
#828 = MANIFOLD_SOLID_BREP('',#829);
#829 = CLOSED_SHELL('',(#830,#870,#910,#932,#954,#966));
#830 = ADVANCED_FACE('',(#831),#865,.F.);
#831 = FACE_BOUND('',#832,.F.);
#832 = EDGE_LOOP('',(#833,#843,#851,#859));
#833 = ORIENTED_EDGE('',*,*,#834,.F.);
#834 = EDGE_CURVE('',#835,#837,#839,.T.);
#835 = VERTEX_POINT('',#836);
#836 = CARTESIAN_POINT('',(-2.89,-3.5,0.));
#837 = VERTEX_POINT('',#838);
#838 = CARTESIAN_POINT('',(-2.89,-3.5,0.203));
#839 = LINE('',#840,#841);
#840 = CARTESIAN_POINT('',(-2.89,-3.5,0.));
#841 = VECTOR('',#842,1.);
#842 = DIRECTION('',(0.,0.,1.));
#843 = ORIENTED_EDGE('',*,*,#844,.T.);
#844 = EDGE_CURVE('',#835,#845,#847,.T.);
#845 = VERTEX_POINT('',#846);
#846 = CARTESIAN_POINT('',(-2.89,-3.1,0.));
#847 = LINE('',#848,#849);
#848 = CARTESIAN_POINT('',(-2.89,-3.5,0.));
#849 = VECTOR('',#850,1.);
#850 = DIRECTION('',(-0.,1.,0.));
#851 = ORIENTED_EDGE('',*,*,#852,.T.);
#852 = EDGE_CURVE('',#845,#853,#855,.T.);
#853 = VERTEX_POINT('',#854);
#854 = CARTESIAN_POINT('',(-2.89,-3.1,0.203));
#855 = LINE('',#856,#857);
#856 = CARTESIAN_POINT('',(-2.89,-3.1,0.));
#857 = VECTOR('',#858,1.);
#858 = DIRECTION('',(0.,0.,1.));
#859 = ORIENTED_EDGE('',*,*,#860,.F.);
#860 = EDGE_CURVE('',#837,#853,#861,.T.);
#861 = LINE('',#862,#863);
#862 = CARTESIAN_POINT('',(-2.89,-3.5,0.203));
#863 = VECTOR('',#864,1.);
#864 = DIRECTION('',(-0.,1.,0.));
#865 = PLANE('',#866);
#866 = AXIS2_PLACEMENT_3D('',#867,#868,#869);
#867 = CARTESIAN_POINT('',(-2.89,-3.5,0.));
#868 = DIRECTION('',(1.,0.,-0.));
#869 = DIRECTION('',(0.,0.,1.));
#870 = ADVANCED_FACE('',(#871),#905,.T.);
#871 = FACE_BOUND('',#872,.T.);
#872 = EDGE_LOOP('',(#873,#883,#891,#899));
#873 = ORIENTED_EDGE('',*,*,#874,.F.);
#874 = EDGE_CURVE('',#875,#877,#879,.T.);
#875 = VERTEX_POINT('',#876);
#876 = CARTESIAN_POINT('',(-2.71,-3.5,0.));
#877 = VERTEX_POINT('',#878);
#878 = CARTESIAN_POINT('',(-2.71,-3.5,0.203));
#879 = LINE('',#880,#881);
#880 = CARTESIAN_POINT('',(-2.71,-3.5,0.));
#881 = VECTOR('',#882,1.);
#882 = DIRECTION('',(0.,0.,1.));
#883 = ORIENTED_EDGE('',*,*,#884,.T.);
#884 = EDGE_CURVE('',#875,#885,#887,.T.);
#885 = VERTEX_POINT('',#886);
#886 = CARTESIAN_POINT('',(-2.71,-3.1,0.));
#887 = LINE('',#888,#889);
#888 = CARTESIAN_POINT('',(-2.71,-3.5,0.));
#889 = VECTOR('',#890,1.);
#890 = DIRECTION('',(-0.,1.,0.));
#891 = ORIENTED_EDGE('',*,*,#892,.T.);
#892 = EDGE_CURVE('',#885,#893,#895,.T.);
#893 = VERTEX_POINT('',#894);
#894 = CARTESIAN_POINT('',(-2.71,-3.1,0.203));
#895 = LINE('',#896,#897);
#896 = CARTESIAN_POINT('',(-2.71,-3.1,0.));
#897 = VECTOR('',#898,1.);
#898 = DIRECTION('',(0.,0.,1.));
#899 = ORIENTED_EDGE('',*,*,#900,.F.);
#900 = EDGE_CURVE('',#877,#893,#901,.T.);
#901 = LINE('',#902,#903);
#902 = CARTESIAN_POINT('',(-2.71,-3.5,0.203));
#903 = VECTOR('',#904,1.);
#904 = DIRECTION('',(-0.,1.,0.));
#905 = PLANE('',#906);
#906 = AXIS2_PLACEMENT_3D('',#907,#908,#909);
#907 = CARTESIAN_POINT('',(-2.71,-3.5,0.));
#908 = DIRECTION('',(1.,0.,-0.));
#909 = DIRECTION('',(0.,0.,1.));
#910 = ADVANCED_FACE('',(#911),#927,.F.);
#911 = FACE_BOUND('',#912,.F.);
#912 = EDGE_LOOP('',(#913,#919,#920,#926));
#913 = ORIENTED_EDGE('',*,*,#914,.F.);
#914 = EDGE_CURVE('',#835,#875,#915,.T.);
#915 = LINE('',#916,#917);
#916 = CARTESIAN_POINT('',(-2.89,-3.5,0.));
#917 = VECTOR('',#918,1.);
#918 = DIRECTION('',(1.,0.,-0.));
#919 = ORIENTED_EDGE('',*,*,#834,.T.);
#920 = ORIENTED_EDGE('',*,*,#921,.T.);
#921 = EDGE_CURVE('',#837,#877,#922,.T.);
#922 = LINE('',#923,#924);
#923 = CARTESIAN_POINT('',(-2.89,-3.5,0.203));
#924 = VECTOR('',#925,1.);
#925 = DIRECTION('',(1.,0.,-0.));
#926 = ORIENTED_EDGE('',*,*,#874,.F.);
#927 = PLANE('',#928);
#928 = AXIS2_PLACEMENT_3D('',#929,#930,#931);
#929 = CARTESIAN_POINT('',(-2.89,-3.5,0.));
#930 = DIRECTION('',(-0.,1.,0.));
#931 = DIRECTION('',(0.,0.,1.));
#932 = ADVANCED_FACE('',(#933),#949,.T.);
#933 = FACE_BOUND('',#934,.T.);
#934 = EDGE_LOOP('',(#935,#941,#942,#948));
#935 = ORIENTED_EDGE('',*,*,#936,.F.);
#936 = EDGE_CURVE('',#845,#885,#937,.T.);
#937 = LINE('',#938,#939);
#938 = CARTESIAN_POINT('',(-2.89,-3.1,0.));
#939 = VECTOR('',#940,1.);
#940 = DIRECTION('',(1.,0.,-0.));
#941 = ORIENTED_EDGE('',*,*,#852,.T.);
#942 = ORIENTED_EDGE('',*,*,#943,.T.);
#943 = EDGE_CURVE('',#853,#893,#944,.T.);
#944 = LINE('',#945,#946);
#945 = CARTESIAN_POINT('',(-2.89,-3.1,0.203));
#946 = VECTOR('',#947,1.);
#947 = DIRECTION('',(1.,0.,-0.));
#948 = ORIENTED_EDGE('',*,*,#892,.F.);
#949 = PLANE('',#950);
#950 = AXIS2_PLACEMENT_3D('',#951,#952,#953);
#951 = CARTESIAN_POINT('',(-2.89,-3.1,0.));
#952 = DIRECTION('',(-0.,1.,0.));
#953 = DIRECTION('',(0.,0.,1.));
#954 = ADVANCED_FACE('',(#955),#961,.F.);
#955 = FACE_BOUND('',#956,.F.);
#956 = EDGE_LOOP('',(#957,#958,#959,#960));
#957 = ORIENTED_EDGE('',*,*,#844,.F.);
#958 = ORIENTED_EDGE('',*,*,#914,.T.);
#959 = ORIENTED_EDGE('',*,*,#884,.T.);
#960 = ORIENTED_EDGE('',*,*,#936,.F.);
#961 = PLANE('',#962);
#962 = AXIS2_PLACEMENT_3D('',#963,#964,#965);
#963 = CARTESIAN_POINT('',(-2.89,-3.5,0.));
#964 = DIRECTION('',(0.,0.,1.));
#965 = DIRECTION('',(1.,0.,-0.));
#966 = ADVANCED_FACE('',(#967),#973,.T.);
#967 = FACE_BOUND('',#968,.T.);
#968 = EDGE_LOOP('',(#969,#970,#971,#972));
#969 = ORIENTED_EDGE('',*,*,#860,.F.);
#970 = ORIENTED_EDGE('',*,*,#921,.T.);
#971 = ORIENTED_EDGE('',*,*,#900,.T.);
#972 = ORIENTED_EDGE('',*,*,#943,.F.);
#973 = PLANE('',#974);
#974 = AXIS2_PLACEMENT_3D('',#975,#976,#977);
#975 = CARTESIAN_POINT('',(-2.89,-3.5,0.203));
#976 = DIRECTION('',(0.,0.,1.));
#977 = DIRECTION('',(1.,0.,-0.));
#978 = MANIFOLD_SOLID_BREP('',#979);
#979 = CLOSED_SHELL('',(#980,#1020,#1060,#1082,#1104,#1116));
#980 = ADVANCED_FACE('',(#981),#1015,.F.);
#981 = FACE_BOUND('',#982,.F.);
#982 = EDGE_LOOP('',(#983,#993,#1001,#1009));
#983 = ORIENTED_EDGE('',*,*,#984,.F.);
#984 = EDGE_CURVE('',#985,#987,#989,.T.);
#985 = VERTEX_POINT('',#986);
#986 = CARTESIAN_POINT('',(-2.89,3.1,0.));
#987 = VERTEX_POINT('',#988);
#988 = CARTESIAN_POINT('',(-2.89,3.1,0.203));
#989 = LINE('',#990,#991);
#990 = CARTESIAN_POINT('',(-2.89,3.1,0.));
#991 = VECTOR('',#992,1.);
#992 = DIRECTION('',(0.,0.,1.));
#993 = ORIENTED_EDGE('',*,*,#994,.T.);
#994 = EDGE_CURVE('',#985,#995,#997,.T.);
#995 = VERTEX_POINT('',#996);
#996 = CARTESIAN_POINT('',(-2.89,3.5,0.));
#997 = LINE('',#998,#999);
#998 = CARTESIAN_POINT('',(-2.89,3.1,0.));
#999 = VECTOR('',#1000,1.);
#1000 = DIRECTION('',(-0.,1.,0.));
#1001 = ORIENTED_EDGE('',*,*,#1002,.T.);
#1002 = EDGE_CURVE('',#995,#1003,#1005,.T.);
#1003 = VERTEX_POINT('',#1004);
#1004 = CARTESIAN_POINT('',(-2.89,3.5,0.203));
#1005 = LINE('',#1006,#1007);
#1006 = CARTESIAN_POINT('',(-2.89,3.5,0.));
#1007 = VECTOR('',#1008,1.);
#1008 = DIRECTION('',(0.,0.,1.));
#1009 = ORIENTED_EDGE('',*,*,#1010,.F.);
#1010 = EDGE_CURVE('',#987,#1003,#1011,.T.);
#1011 = LINE('',#1012,#1013);
#1012 = CARTESIAN_POINT('',(-2.89,3.1,0.203));
#1013 = VECTOR('',#1014,1.);
#1014 = DIRECTION('',(-0.,1.,0.));
#1015 = PLANE('',#1016);
#1016 = AXIS2_PLACEMENT_3D('',#1017,#1018,#1019);
#1017 = CARTESIAN_POINT('',(-2.89,3.1,0.));
#1018 = DIRECTION('',(1.,0.,-0.));
#1019 = DIRECTION('',(0.,0.,1.));
#1020 = ADVANCED_FACE('',(#1021),#1055,.T.);
#1021 = FACE_BOUND('',#1022,.T.);
#1022 = EDGE_LOOP('',(#1023,#1033,#1041,#1049));
#1023 = ORIENTED_EDGE('',*,*,#1024,.F.);
#1024 = EDGE_CURVE('',#1025,#1027,#1029,.T.);
#1025 = VERTEX_POINT('',#1026);
#1026 = CARTESIAN_POINT('',(-2.71,3.1,0.));
#1027 = VERTEX_POINT('',#1028);
#1028 = CARTESIAN_POINT('',(-2.71,3.1,0.203));
#1029 = LINE('',#1030,#1031);
#1030 = CARTESIAN_POINT('',(-2.71,3.1,0.));
#1031 = VECTOR('',#1032,1.);
#1032 = DIRECTION('',(0.,0.,1.));
#1033 = ORIENTED_EDGE('',*,*,#1034,.T.);
#1034 = EDGE_CURVE('',#1025,#1035,#1037,.T.);
#1035 = VERTEX_POINT('',#1036);
#1036 = CARTESIAN_POINT('',(-2.71,3.5,0.));
#1037 = LINE('',#1038,#1039);
#1038 = CARTESIAN_POINT('',(-2.71,3.1,0.));
#1039 = VECTOR('',#1040,1.);
#1040 = DIRECTION('',(-0.,1.,0.));
#1041 = ORIENTED_EDGE('',*,*,#1042,.T.);
#1042 = EDGE_CURVE('',#1035,#1043,#1045,.T.);
#1043 = VERTEX_POINT('',#1044);
#1044 = CARTESIAN_POINT('',(-2.71,3.5,0.203));
#1045 = LINE('',#1046,#1047);
#1046 = CARTESIAN_POINT('',(-2.71,3.5,0.));
#1047 = VECTOR('',#1048,1.);
#1048 = DIRECTION('',(0.,0.,1.));
#1049 = ORIENTED_EDGE('',*,*,#1050,.F.);
#1050 = EDGE_CURVE('',#1027,#1043,#1051,.T.);
#1051 = LINE('',#1052,#1053);
#1052 = CARTESIAN_POINT('',(-2.71,3.1,0.203));
#1053 = VECTOR('',#1054,1.);
#1054 = DIRECTION('',(-0.,1.,0.));
#1055 = PLANE('',#1056);
#1056 = AXIS2_PLACEMENT_3D('',#1057,#1058,#1059);
#1057 = CARTESIAN_POINT('',(-2.71,3.1,0.));
#1058 = DIRECTION('',(1.,0.,-0.));
#1059 = DIRECTION('',(0.,0.,1.));
#1060 = ADVANCED_FACE('',(#1061),#1077,.F.);
#1061 = FACE_BOUND('',#1062,.F.);
#1062 = EDGE_LOOP('',(#1063,#1069,#1070,#1076));
#1063 = ORIENTED_EDGE('',*,*,#1064,.F.);
#1064 = EDGE_CURVE('',#985,#1025,#1065,.T.);
#1065 = LINE('',#1066,#1067);
#1066 = CARTESIAN_POINT('',(-2.89,3.1,0.));
#1067 = VECTOR('',#1068,1.);
#1068 = DIRECTION('',(1.,0.,-0.));
#1069 = ORIENTED_EDGE('',*,*,#984,.T.);
#1070 = ORIENTED_EDGE('',*,*,#1071,.T.);
#1071 = EDGE_CURVE('',#987,#1027,#1072,.T.);
#1072 = LINE('',#1073,#1074);
#1073 = CARTESIAN_POINT('',(-2.89,3.1,0.203));
#1074 = VECTOR('',#1075,1.);
#1075 = DIRECTION('',(1.,0.,-0.));
#1076 = ORIENTED_EDGE('',*,*,#1024,.F.);
#1077 = PLANE('',#1078);
#1078 = AXIS2_PLACEMENT_3D('',#1079,#1080,#1081);
#1079 = CARTESIAN_POINT('',(-2.89,3.1,0.));
#1080 = DIRECTION('',(-0.,1.,0.));
#1081 = DIRECTION('',(0.,0.,1.));
#1082 = ADVANCED_FACE('',(#1083),#1099,.T.);
#1083 = FACE_BOUND('',#1084,.T.);
#1084 = EDGE_LOOP('',(#1085,#1091,#1092,#1098));
#1085 = ORIENTED_EDGE('',*,*,#1086,.F.);
#1086 = EDGE_CURVE('',#995,#1035,#1087,.T.);
#1087 = LINE('',#1088,#1089);
#1088 = CARTESIAN_POINT('',(-2.89,3.5,0.));
#1089 = VECTOR('',#1090,1.);
#1090 = DIRECTION('',(1.,0.,-0.));
#1091 = ORIENTED_EDGE('',*,*,#1002,.T.);
#1092 = ORIENTED_EDGE('',*,*,#1093,.T.);
#1093 = EDGE_CURVE('',#1003,#1043,#1094,.T.);
#1094 = LINE('',#1095,#1096);
#1095 = CARTESIAN_POINT('',(-2.89,3.5,0.203));
#1096 = VECTOR('',#1097,1.);
#1097 = DIRECTION('',(1.,0.,-0.));
#1098 = ORIENTED_EDGE('',*,*,#1042,.F.);
#1099 = PLANE('',#1100);
#1100 = AXIS2_PLACEMENT_3D('',#1101,#1102,#1103);
#1101 = CARTESIAN_POINT('',(-2.89,3.5,0.));
#1102 = DIRECTION('',(-0.,1.,0.));
#1103 = DIRECTION('',(0.,0.,1.));
#1104 = ADVANCED_FACE('',(#1105),#1111,.F.);
#1105 = FACE_BOUND('',#1106,.F.);
#1106 = EDGE_LOOP('',(#1107,#1108,#1109,#1110));
#1107 = ORIENTED_EDGE('',*,*,#994,.F.);
#1108 = ORIENTED_EDGE('',*,*,#1064,.T.);
#1109 = ORIENTED_EDGE('',*,*,#1034,.T.);
#1110 = ORIENTED_EDGE('',*,*,#1086,.F.);
#1111 = PLANE('',#1112);
#1112 = AXIS2_PLACEMENT_3D('',#1113,#1114,#1115);
#1113 = CARTESIAN_POINT('',(-2.89,3.1,0.));
#1114 = DIRECTION('',(0.,0.,1.));
#1115 = DIRECTION('',(1.,0.,-0.));
#1116 = ADVANCED_FACE('',(#1117),#1123,.T.);
#1117 = FACE_BOUND('',#1118,.T.);
#1118 = EDGE_LOOP('',(#1119,#1120,#1121,#1122));
#1119 = ORIENTED_EDGE('',*,*,#1010,.F.);
#1120 = ORIENTED_EDGE('',*,*,#1071,.T.);
#1121 = ORIENTED_EDGE('',*,*,#1050,.T.);
#1122 = ORIENTED_EDGE('',*,*,#1093,.F.);
#1123 = PLANE('',#1124);
#1124 = AXIS2_PLACEMENT_3D('',#1125,#1126,#1127);
#1125 = CARTESIAN_POINT('',(-2.89,3.1,0.203));
#1126 = DIRECTION('',(0.,0.,1.));
#1127 = DIRECTION('',(1.,0.,-0.));
#1128 = MANIFOLD_SOLID_BREP('',#1129);
#1129 = CLOSED_SHELL('',(#1130,#1170,#1210,#1232,#1254,#1266));
#1130 = ADVANCED_FACE('',(#1131),#1165,.F.);
#1131 = FACE_BOUND('',#1132,.F.);
#1132 = EDGE_LOOP('',(#1133,#1143,#1151,#1159));
#1133 = ORIENTED_EDGE('',*,*,#1134,.F.);
#1134 = EDGE_CURVE('',#1135,#1137,#1139,.T.);
#1135 = VERTEX_POINT('',#1136);
#1136 = CARTESIAN_POINT('',(-3.5,-2.89,0.));
#1137 = VERTEX_POINT('',#1138);
#1138 = CARTESIAN_POINT('',(-3.5,-2.89,0.203));
#1139 = LINE('',#1140,#1141);
#1140 = CARTESIAN_POINT('',(-3.5,-2.89,0.));
#1141 = VECTOR('',#1142,1.);
#1142 = DIRECTION('',(0.,0.,1.));
#1143 = ORIENTED_EDGE('',*,*,#1144,.T.);
#1144 = EDGE_CURVE('',#1135,#1145,#1147,.T.);
#1145 = VERTEX_POINT('',#1146);
#1146 = CARTESIAN_POINT('',(-3.5,-2.71,0.));
#1147 = LINE('',#1148,#1149);
#1148 = CARTESIAN_POINT('',(-3.5,-2.89,0.));
#1149 = VECTOR('',#1150,1.);
#1150 = DIRECTION('',(-0.,1.,0.));
#1151 = ORIENTED_EDGE('',*,*,#1152,.T.);
#1152 = EDGE_CURVE('',#1145,#1153,#1155,.T.);
#1153 = VERTEX_POINT('',#1154);
#1154 = CARTESIAN_POINT('',(-3.5,-2.71,0.203));
#1155 = LINE('',#1156,#1157);
#1156 = CARTESIAN_POINT('',(-3.5,-2.71,0.));
#1157 = VECTOR('',#1158,1.);
#1158 = DIRECTION('',(0.,0.,1.));
#1159 = ORIENTED_EDGE('',*,*,#1160,.F.);
#1160 = EDGE_CURVE('',#1137,#1153,#1161,.T.);
#1161 = LINE('',#1162,#1163);
#1162 = CARTESIAN_POINT('',(-3.5,-2.89,0.203));
#1163 = VECTOR('',#1164,1.);
#1164 = DIRECTION('',(-0.,1.,0.));
#1165 = PLANE('',#1166);
#1166 = AXIS2_PLACEMENT_3D('',#1167,#1168,#1169);
#1167 = CARTESIAN_POINT('',(-3.5,-2.89,0.));
#1168 = DIRECTION('',(1.,0.,-0.));
#1169 = DIRECTION('',(0.,0.,1.));
#1170 = ADVANCED_FACE('',(#1171),#1205,.T.);
#1171 = FACE_BOUND('',#1172,.T.);
#1172 = EDGE_LOOP('',(#1173,#1183,#1191,#1199));
#1173 = ORIENTED_EDGE('',*,*,#1174,.F.);
#1174 = EDGE_CURVE('',#1175,#1177,#1179,.T.);
#1175 = VERTEX_POINT('',#1176);
#1176 = CARTESIAN_POINT('',(-3.1,-2.89,0.));
#1177 = VERTEX_POINT('',#1178);
#1178 = CARTESIAN_POINT('',(-3.1,-2.89,0.203));
#1179 = LINE('',#1180,#1181);
#1180 = CARTESIAN_POINT('',(-3.1,-2.89,0.));
#1181 = VECTOR('',#1182,1.);
#1182 = DIRECTION('',(0.,0.,1.));
#1183 = ORIENTED_EDGE('',*,*,#1184,.T.);
#1184 = EDGE_CURVE('',#1175,#1185,#1187,.T.);
#1185 = VERTEX_POINT('',#1186);
#1186 = CARTESIAN_POINT('',(-3.1,-2.71,0.));
#1187 = LINE('',#1188,#1189);
#1188 = CARTESIAN_POINT('',(-3.1,-2.89,0.));
#1189 = VECTOR('',#1190,1.);
#1190 = DIRECTION('',(-0.,1.,0.));
#1191 = ORIENTED_EDGE('',*,*,#1192,.T.);
#1192 = EDGE_CURVE('',#1185,#1193,#1195,.T.);
#1193 = VERTEX_POINT('',#1194);
#1194 = CARTESIAN_POINT('',(-3.1,-2.71,0.203));
#1195 = LINE('',#1196,#1197);
#1196 = CARTESIAN_POINT('',(-3.1,-2.71,0.));
#1197 = VECTOR('',#1198,1.);
#1198 = DIRECTION('',(0.,0.,1.));
#1199 = ORIENTED_EDGE('',*,*,#1200,.F.);
#1200 = EDGE_CURVE('',#1177,#1193,#1201,.T.);
#1201 = LINE('',#1202,#1203);
#1202 = CARTESIAN_POINT('',(-3.1,-2.89,0.203));
#1203 = VECTOR('',#1204,1.);
#1204 = DIRECTION('',(-0.,1.,0.));
#1205 = PLANE('',#1206);
#1206 = AXIS2_PLACEMENT_3D('',#1207,#1208,#1209);
#1207 = CARTESIAN_POINT('',(-3.1,-2.89,0.));
#1208 = DIRECTION('',(1.,0.,-0.));
#1209 = DIRECTION('',(0.,0.,1.));
#1210 = ADVANCED_FACE('',(#1211),#1227,.F.);
#1211 = FACE_BOUND('',#1212,.F.);
#1212 = EDGE_LOOP('',(#1213,#1219,#1220,#1226));
#1213 = ORIENTED_EDGE('',*,*,#1214,.F.);
#1214 = EDGE_CURVE('',#1135,#1175,#1215,.T.);
#1215 = LINE('',#1216,#1217);
#1216 = CARTESIAN_POINT('',(-3.5,-2.89,0.));
#1217 = VECTOR('',#1218,1.);
#1218 = DIRECTION('',(1.,0.,-0.));
#1219 = ORIENTED_EDGE('',*,*,#1134,.T.);
#1220 = ORIENTED_EDGE('',*,*,#1221,.T.);
#1221 = EDGE_CURVE('',#1137,#1177,#1222,.T.);
#1222 = LINE('',#1223,#1224);
#1223 = CARTESIAN_POINT('',(-3.5,-2.89,0.203));
#1224 = VECTOR('',#1225,1.);
#1225 = DIRECTION('',(1.,0.,-0.));
#1226 = ORIENTED_EDGE('',*,*,#1174,.F.);
#1227 = PLANE('',#1228);
#1228 = AXIS2_PLACEMENT_3D('',#1229,#1230,#1231);
#1229 = CARTESIAN_POINT('',(-3.5,-2.89,0.));
#1230 = DIRECTION('',(-0.,1.,0.));
#1231 = DIRECTION('',(0.,0.,1.));
#1232 = ADVANCED_FACE('',(#1233),#1249,.T.);
#1233 = FACE_BOUND('',#1234,.T.);
#1234 = EDGE_LOOP('',(#1235,#1241,#1242,#1248));
#1235 = ORIENTED_EDGE('',*,*,#1236,.F.);
#1236 = EDGE_CURVE('',#1145,#1185,#1237,.T.);
#1237 = LINE('',#1238,#1239);
#1238 = CARTESIAN_POINT('',(-3.5,-2.71,0.));
#1239 = VECTOR('',#1240,1.);
#1240 = DIRECTION('',(1.,0.,-0.));
#1241 = ORIENTED_EDGE('',*,*,#1152,.T.);
#1242 = ORIENTED_EDGE('',*,*,#1243,.T.);
#1243 = EDGE_CURVE('',#1153,#1193,#1244,.T.);
#1244 = LINE('',#1245,#1246);
#1245 = CARTESIAN_POINT('',(-3.5,-2.71,0.203));
#1246 = VECTOR('',#1247,1.);
#1247 = DIRECTION('',(1.,0.,-0.));
#1248 = ORIENTED_EDGE('',*,*,#1192,.F.);
#1249 = PLANE('',#1250);
#1250 = AXIS2_PLACEMENT_3D('',#1251,#1252,#1253);
#1251 = CARTESIAN_POINT('',(-3.5,-2.71,0.));
#1252 = DIRECTION('',(-0.,1.,0.));
#1253 = DIRECTION('',(0.,0.,1.));
#1254 = ADVANCED_FACE('',(#1255),#1261,.F.);
#1255 = FACE_BOUND('',#1256,.F.);
#1256 = EDGE_LOOP('',(#1257,#1258,#1259,#1260));
#1257 = ORIENTED_EDGE('',*,*,#1144,.F.);
#1258 = ORIENTED_EDGE('',*,*,#1214,.T.);
#1259 = ORIENTED_EDGE('',*,*,#1184,.T.);
#1260 = ORIENTED_EDGE('',*,*,#1236,.F.);
#1261 = PLANE('',#1262);
#1262 = AXIS2_PLACEMENT_3D('',#1263,#1264,#1265);
#1263 = CARTESIAN_POINT('',(-3.5,-2.89,0.));
#1264 = DIRECTION('',(0.,0.,1.));
#1265 = DIRECTION('',(1.,0.,-0.));
#1266 = ADVANCED_FACE('',(#1267),#1273,.T.);
#1267 = FACE_BOUND('',#1268,.T.);
#1268 = EDGE_LOOP('',(#1269,#1270,#1271,#1272));
#1269 = ORIENTED_EDGE('',*,*,#1160,.F.);
#1270 = ORIENTED_EDGE('',*,*,#1221,.T.);
#1271 = ORIENTED_EDGE('',*,*,#1200,.T.);
#1272 = ORIENTED_EDGE('',*,*,#1243,.F.);
#1273 = PLANE('',#1274);
#1274 = AXIS2_PLACEMENT_3D('',#1275,#1276,#1277);
#1275 = CARTESIAN_POINT('',(-3.5,-2.89,0.203));
#1276 = DIRECTION('',(0.,0.,1.));
#1277 = DIRECTION('',(1.,0.,-0.));
#1278 = MANIFOLD_SOLID_BREP('',#1279);
#1279 = CLOSED_SHELL('',(#1280,#1320,#1360,#1382,#1404,#1416));
#1280 = ADVANCED_FACE('',(#1281),#1315,.F.);
#1281 = FACE_BOUND('',#1282,.F.);
#1282 = EDGE_LOOP('',(#1283,#1293,#1301,#1309));
#1283 = ORIENTED_EDGE('',*,*,#1284,.F.);
#1284 = EDGE_CURVE('',#1285,#1287,#1289,.T.);
#1285 = VERTEX_POINT('',#1286);
#1286 = CARTESIAN_POINT('',(3.1,-2.89,0.));
#1287 = VERTEX_POINT('',#1288);
#1288 = CARTESIAN_POINT('',(3.1,-2.89,0.203));
#1289 = LINE('',#1290,#1291);
#1290 = CARTESIAN_POINT('',(3.1,-2.89,0.));
#1291 = VECTOR('',#1292,1.);
#1292 = DIRECTION('',(0.,0.,1.));
#1293 = ORIENTED_EDGE('',*,*,#1294,.T.);
#1294 = EDGE_CURVE('',#1285,#1295,#1297,.T.);
#1295 = VERTEX_POINT('',#1296);
#1296 = CARTESIAN_POINT('',(3.1,-2.71,0.));
#1297 = LINE('',#1298,#1299);
#1298 = CARTESIAN_POINT('',(3.1,-2.89,0.));
#1299 = VECTOR('',#1300,1.);
#1300 = DIRECTION('',(-0.,1.,0.));
#1301 = ORIENTED_EDGE('',*,*,#1302,.T.);
#1302 = EDGE_CURVE('',#1295,#1303,#1305,.T.);
#1303 = VERTEX_POINT('',#1304);
#1304 = CARTESIAN_POINT('',(3.1,-2.71,0.203));
#1305 = LINE('',#1306,#1307);
#1306 = CARTESIAN_POINT('',(3.1,-2.71,0.));
#1307 = VECTOR('',#1308,1.);
#1308 = DIRECTION('',(0.,0.,1.));
#1309 = ORIENTED_EDGE('',*,*,#1310,.F.);
#1310 = EDGE_CURVE('',#1287,#1303,#1311,.T.);
#1311 = LINE('',#1312,#1313);
#1312 = CARTESIAN_POINT('',(3.1,-2.89,0.203));
#1313 = VECTOR('',#1314,1.);
#1314 = DIRECTION('',(-0.,1.,0.));
#1315 = PLANE('',#1316);
#1316 = AXIS2_PLACEMENT_3D('',#1317,#1318,#1319);
#1317 = CARTESIAN_POINT('',(3.1,-2.89,0.));
#1318 = DIRECTION('',(1.,0.,-0.));
#1319 = DIRECTION('',(0.,0.,1.));
#1320 = ADVANCED_FACE('',(#1321),#1355,.T.);
#1321 = FACE_BOUND('',#1322,.T.);
#1322 = EDGE_LOOP('',(#1323,#1333,#1341,#1349));
#1323 = ORIENTED_EDGE('',*,*,#1324,.F.);
#1324 = EDGE_CURVE('',#1325,#1327,#1329,.T.);
#1325 = VERTEX_POINT('',#1326);
#1326 = CARTESIAN_POINT('',(3.5,-2.89,0.));
#1327 = VERTEX_POINT('',#1328);
#1328 = CARTESIAN_POINT('',(3.5,-2.89,0.203));
#1329 = LINE('',#1330,#1331);
#1330 = CARTESIAN_POINT('',(3.5,-2.89,0.));
#1331 = VECTOR('',#1332,1.);
#1332 = DIRECTION('',(0.,0.,1.));
#1333 = ORIENTED_EDGE('',*,*,#1334,.T.);
#1334 = EDGE_CURVE('',#1325,#1335,#1337,.T.);
#1335 = VERTEX_POINT('',#1336);
#1336 = CARTESIAN_POINT('',(3.5,-2.71,0.));
#1337 = LINE('',#1338,#1339);
#1338 = CARTESIAN_POINT('',(3.5,-2.89,0.));
#1339 = VECTOR('',#1340,1.);
#1340 = DIRECTION('',(-0.,1.,0.));
#1341 = ORIENTED_EDGE('',*,*,#1342,.T.);
#1342 = EDGE_CURVE('',#1335,#1343,#1345,.T.);
#1343 = VERTEX_POINT('',#1344);
#1344 = CARTESIAN_POINT('',(3.5,-2.71,0.203));
#1345 = LINE('',#1346,#1347);
#1346 = CARTESIAN_POINT('',(3.5,-2.71,0.));
#1347 = VECTOR('',#1348,1.);
#1348 = DIRECTION('',(0.,0.,1.));
#1349 = ORIENTED_EDGE('',*,*,#1350,.F.);
#1350 = EDGE_CURVE('',#1327,#1343,#1351,.T.);
#1351 = LINE('',#1352,#1353);
#1352 = CARTESIAN_POINT('',(3.5,-2.89,0.203));
#1353 = VECTOR('',#1354,1.);
#1354 = DIRECTION('',(-0.,1.,0.));
#1355 = PLANE('',#1356);
#1356 = AXIS2_PLACEMENT_3D('',#1357,#1358,#1359);
#1357 = CARTESIAN_POINT('',(3.5,-2.89,0.));
#1358 = DIRECTION('',(1.,0.,-0.));
#1359 = DIRECTION('',(0.,0.,1.));
#1360 = ADVANCED_FACE('',(#1361),#1377,.F.);
#1361 = FACE_BOUND('',#1362,.F.);
#1362 = EDGE_LOOP('',(#1363,#1369,#1370,#1376));
#1363 = ORIENTED_EDGE('',*,*,#1364,.F.);
#1364 = EDGE_CURVE('',#1285,#1325,#1365,.T.);
#1365 = LINE('',#1366,#1367);
#1366 = CARTESIAN_POINT('',(3.1,-2.89,0.));
#1367 = VECTOR('',#1368,1.);
#1368 = DIRECTION('',(1.,0.,-0.));
#1369 = ORIENTED_EDGE('',*,*,#1284,.T.);
#1370 = ORIENTED_EDGE('',*,*,#1371,.T.);
#1371 = EDGE_CURVE('',#1287,#1327,#1372,.T.);
#1372 = LINE('',#1373,#1374);
#1373 = CARTESIAN_POINT('',(3.1,-2.89,0.203));
#1374 = VECTOR('',#1375,1.);
#1375 = DIRECTION('',(1.,0.,-0.));
#1376 = ORIENTED_EDGE('',*,*,#1324,.F.);
#1377 = PLANE('',#1378);
#1378 = AXIS2_PLACEMENT_3D('',#1379,#1380,#1381);
#1379 = CARTESIAN_POINT('',(3.1,-2.89,0.));
#1380 = DIRECTION('',(-0.,1.,0.));
#1381 = DIRECTION('',(0.,0.,1.));
#1382 = ADVANCED_FACE('',(#1383),#1399,.T.);
#1383 = FACE_BOUND('',#1384,.T.);
#1384 = EDGE_LOOP('',(#1385,#1391,#1392,#1398));
#1385 = ORIENTED_EDGE('',*,*,#1386,.F.);
#1386 = EDGE_CURVE('',#1295,#1335,#1387,.T.);
#1387 = LINE('',#1388,#1389);
#1388 = CARTESIAN_POINT('',(3.1,-2.71,0.));
#1389 = VECTOR('',#1390,1.);
#1390 = DIRECTION('',(1.,0.,-0.));
#1391 = ORIENTED_EDGE('',*,*,#1302,.T.);
#1392 = ORIENTED_EDGE('',*,*,#1393,.T.);
#1393 = EDGE_CURVE('',#1303,#1343,#1394,.T.);
#1394 = LINE('',#1395,#1396);
#1395 = CARTESIAN_POINT('',(3.1,-2.71,0.203));
#1396 = VECTOR('',#1397,1.);
#1397 = DIRECTION('',(1.,0.,-0.));
#1398 = ORIENTED_EDGE('',*,*,#1342,.F.);
#1399 = PLANE('',#1400);
#1400 = AXIS2_PLACEMENT_3D('',#1401,#1402,#1403);
#1401 = CARTESIAN_POINT('',(3.1,-2.71,0.));
#1402 = DIRECTION('',(-0.,1.,0.));
#1403 = DIRECTION('',(0.,0.,1.));
#1404 = ADVANCED_FACE('',(#1405),#1411,.F.);
#1405 = FACE_BOUND('',#1406,.F.);
#1406 = EDGE_LOOP('',(#1407,#1408,#1409,#1410));
#1407 = ORIENTED_EDGE('',*,*,#1294,.F.);
#1408 = ORIENTED_EDGE('',*,*,#1364,.T.);
#1409 = ORIENTED_EDGE('',*,*,#1334,.T.);
#1410 = ORIENTED_EDGE('',*,*,#1386,.F.);
#1411 = PLANE('',#1412);
#1412 = AXIS2_PLACEMENT_3D('',#1413,#1414,#1415);
#1413 = CARTESIAN_POINT('',(3.1,-2.89,0.));
#1414 = DIRECTION('',(0.,0.,1.));
#1415 = DIRECTION('',(1.,0.,-0.));
#1416 = ADVANCED_FACE('',(#1417),#1423,.T.);
#1417 = FACE_BOUND('',#1418,.T.);
#1418 = EDGE_LOOP('',(#1419,#1420,#1421,#1422));
#1419 = ORIENTED_EDGE('',*,*,#1310,.F.);
#1420 = ORIENTED_EDGE('',*,*,#1371,.T.);
#1421 = ORIENTED_EDGE('',*,*,#1350,.T.);
#1422 = ORIENTED_EDGE('',*,*,#1393,.F.);
#1423 = PLANE('',#1424);
#1424 = AXIS2_PLACEMENT_3D('',#1425,#1426,#1427);
#1425 = CARTESIAN_POINT('',(3.1,-2.89,0.203));
#1426 = DIRECTION('',(0.,0.,1.));
#1427 = DIRECTION('',(1.,0.,-0.));
#1428 = MANIFOLD_SOLID_BREP('',#1429);
#1429 = CLOSED_SHELL('',(#1430,#1470,#1510,#1532,#1554,#1566));
#1430 = ADVANCED_FACE('',(#1431),#1465,.F.);
#1431 = FACE_BOUND('',#1432,.F.);
#1432 = EDGE_LOOP('',(#1433,#1443,#1451,#1459));
#1433 = ORIENTED_EDGE('',*,*,#1434,.F.);
#1434 = EDGE_CURVE('',#1435,#1437,#1439,.T.);
#1435 = VERTEX_POINT('',#1436);
#1436 = CARTESIAN_POINT('',(-2.49,-3.5,0.));
#1437 = VERTEX_POINT('',#1438);
#1438 = CARTESIAN_POINT('',(-2.49,-3.5,0.203));
#1439 = LINE('',#1440,#1441);
#1440 = CARTESIAN_POINT('',(-2.49,-3.5,0.));
#1441 = VECTOR('',#1442,1.);
#1442 = DIRECTION('',(0.,0.,1.));
#1443 = ORIENTED_EDGE('',*,*,#1444,.T.);
#1444 = EDGE_CURVE('',#1435,#1445,#1447,.T.);
#1445 = VERTEX_POINT('',#1446);
#1446 = CARTESIAN_POINT('',(-2.49,-3.1,0.));
#1447 = LINE('',#1448,#1449);
#1448 = CARTESIAN_POINT('',(-2.49,-3.5,0.));
#1449 = VECTOR('',#1450,1.);
#1450 = DIRECTION('',(-0.,1.,0.));
#1451 = ORIENTED_EDGE('',*,*,#1452,.T.);
#1452 = EDGE_CURVE('',#1445,#1453,#1455,.T.);
#1453 = VERTEX_POINT('',#1454);
#1454 = CARTESIAN_POINT('',(-2.49,-3.1,0.203));
#1455 = LINE('',#1456,#1457);
#1456 = CARTESIAN_POINT('',(-2.49,-3.1,0.));
#1457 = VECTOR('',#1458,1.);
#1458 = DIRECTION('',(0.,0.,1.));
#1459 = ORIENTED_EDGE('',*,*,#1460,.F.);
#1460 = EDGE_CURVE('',#1437,#1453,#1461,.T.);
#1461 = LINE('',#1462,#1463);
#1462 = CARTESIAN_POINT('',(-2.49,-3.5,0.203));
#1463 = VECTOR('',#1464,1.);
#1464 = DIRECTION('',(-0.,1.,0.));
#1465 = PLANE('',#1466);
#1466 = AXIS2_PLACEMENT_3D('',#1467,#1468,#1469);
#1467 = CARTESIAN_POINT('',(-2.49,-3.5,0.));
#1468 = DIRECTION('',(1.,0.,-0.));
#1469 = DIRECTION('',(0.,0.,1.));
#1470 = ADVANCED_FACE('',(#1471),#1505,.T.);
#1471 = FACE_BOUND('',#1472,.T.);
#1472 = EDGE_LOOP('',(#1473,#1483,#1491,#1499));
#1473 = ORIENTED_EDGE('',*,*,#1474,.F.);
#1474 = EDGE_CURVE('',#1475,#1477,#1479,.T.);
#1475 = VERTEX_POINT('',#1476);
#1476 = CARTESIAN_POINT('',(-2.31,-3.5,0.));
#1477 = VERTEX_POINT('',#1478);
#1478 = CARTESIAN_POINT('',(-2.31,-3.5,0.203));
#1479 = LINE('',#1480,#1481);
#1480 = CARTESIAN_POINT('',(-2.31,-3.5,0.));
#1481 = VECTOR('',#1482,1.);
#1482 = DIRECTION('',(0.,0.,1.));
#1483 = ORIENTED_EDGE('',*,*,#1484,.T.);
#1484 = EDGE_CURVE('',#1475,#1485,#1487,.T.);
#1485 = VERTEX_POINT('',#1486);
#1486 = CARTESIAN_POINT('',(-2.31,-3.1,0.));
#1487 = LINE('',#1488,#1489);
#1488 = CARTESIAN_POINT('',(-2.31,-3.5,0.));
#1489 = VECTOR('',#1490,1.);
#1490 = DIRECTION('',(-0.,1.,0.));
#1491 = ORIENTED_EDGE('',*,*,#1492,.T.);
#1492 = EDGE_CURVE('',#1485,#1493,#1495,.T.);
#1493 = VERTEX_POINT('',#1494);
#1494 = CARTESIAN_POINT('',(-2.31,-3.1,0.203));
#1495 = LINE('',#1496,#1497);
#1496 = CARTESIAN_POINT('',(-2.31,-3.1,0.));
#1497 = VECTOR('',#1498,1.);
#1498 = DIRECTION('',(0.,0.,1.));
#1499 = ORIENTED_EDGE('',*,*,#1500,.F.);
#1500 = EDGE_CURVE('',#1477,#1493,#1501,.T.);
#1501 = LINE('',#1502,#1503);
#1502 = CARTESIAN_POINT('',(-2.31,-3.5,0.203));
#1503 = VECTOR('',#1504,1.);
#1504 = DIRECTION('',(-0.,1.,0.));
#1505 = PLANE('',#1506);
#1506 = AXIS2_PLACEMENT_3D('',#1507,#1508,#1509);
#1507 = CARTESIAN_POINT('',(-2.31,-3.5,0.));
#1508 = DIRECTION('',(1.,0.,-0.));
#1509 = DIRECTION('',(0.,0.,1.));
#1510 = ADVANCED_FACE('',(#1511),#1527,.F.);
#1511 = FACE_BOUND('',#1512,.F.);
#1512 = EDGE_LOOP('',(#1513,#1519,#1520,#1526));
#1513 = ORIENTED_EDGE('',*,*,#1514,.F.);
#1514 = EDGE_CURVE('',#1435,#1475,#1515,.T.);
#1515 = LINE('',#1516,#1517);
#1516 = CARTESIAN_POINT('',(-2.49,-3.5,0.));
#1517 = VECTOR('',#1518,1.);
#1518 = DIRECTION('',(1.,0.,-0.));
#1519 = ORIENTED_EDGE('',*,*,#1434,.T.);
#1520 = ORIENTED_EDGE('',*,*,#1521,.T.);
#1521 = EDGE_CURVE('',#1437,#1477,#1522,.T.);
#1522 = LINE('',#1523,#1524);
#1523 = CARTESIAN_POINT('',(-2.49,-3.5,0.203));
#1524 = VECTOR('',#1525,1.);
#1525 = DIRECTION('',(1.,0.,-0.));
#1526 = ORIENTED_EDGE('',*,*,#1474,.F.);
#1527 = PLANE('',#1528);
#1528 = AXIS2_PLACEMENT_3D('',#1529,#1530,#1531);
#1529 = CARTESIAN_POINT('',(-2.49,-3.5,0.));
#1530 = DIRECTION('',(-0.,1.,0.));
#1531 = DIRECTION('',(0.,0.,1.));
#1532 = ADVANCED_FACE('',(#1533),#1549,.T.);
#1533 = FACE_BOUND('',#1534,.T.);
#1534 = EDGE_LOOP('',(#1535,#1541,#1542,#1548));
#1535 = ORIENTED_EDGE('',*,*,#1536,.F.);
#1536 = EDGE_CURVE('',#1445,#1485,#1537,.T.);
#1537 = LINE('',#1538,#1539);
#1538 = CARTESIAN_POINT('',(-2.49,-3.1,0.));
#1539 = VECTOR('',#1540,1.);
#1540 = DIRECTION('',(1.,0.,-0.));
#1541 = ORIENTED_EDGE('',*,*,#1452,.T.);
#1542 = ORIENTED_EDGE('',*,*,#1543,.T.);
#1543 = EDGE_CURVE('',#1453,#1493,#1544,.T.);
#1544 = LINE('',#1545,#1546);
#1545 = CARTESIAN_POINT('',(-2.49,-3.1,0.203));
#1546 = VECTOR('',#1547,1.);
#1547 = DIRECTION('',(1.,0.,-0.));
#1548 = ORIENTED_EDGE('',*,*,#1492,.F.);
#1549 = PLANE('',#1550);
#1550 = AXIS2_PLACEMENT_3D('',#1551,#1552,#1553);
#1551 = CARTESIAN_POINT('',(-2.49,-3.1,0.));
#1552 = DIRECTION('',(-0.,1.,0.));
#1553 = DIRECTION('',(0.,0.,1.));
#1554 = ADVANCED_FACE('',(#1555),#1561,.F.);
#1555 = FACE_BOUND('',#1556,.F.);
#1556 = EDGE_LOOP('',(#1557,#1558,#1559,#1560));
#1557 = ORIENTED_EDGE('',*,*,#1444,.F.);
#1558 = ORIENTED_EDGE('',*,*,#1514,.T.);
#1559 = ORIENTED_EDGE('',*,*,#1484,.T.);
#1560 = ORIENTED_EDGE('',*,*,#1536,.F.);
#1561 = PLANE('',#1562);
#1562 = AXIS2_PLACEMENT_3D('',#1563,#1564,#1565);
#1563 = CARTESIAN_POINT('',(-2.49,-3.5,0.));
#1564 = DIRECTION('',(0.,0.,1.));
#1565 = DIRECTION('',(1.,0.,-0.));
#1566 = ADVANCED_FACE('',(#1567),#1573,.T.);
#1567 = FACE_BOUND('',#1568,.T.);
#1568 = EDGE_LOOP('',(#1569,#1570,#1571,#1572));
#1569 = ORIENTED_EDGE('',*,*,#1460,.F.);
#1570 = ORIENTED_EDGE('',*,*,#1521,.T.);
#1571 = ORIENTED_EDGE('',*,*,#1500,.T.);
#1572 = ORIENTED_EDGE('',*,*,#1543,.F.);
#1573 = PLANE('',#1574);
#1574 = AXIS2_PLACEMENT_3D('',#1575,#1576,#1577);
#1575 = CARTESIAN_POINT('',(-2.49,-3.5,0.203));
#1576 = DIRECTION('',(0.,0.,1.));
#1577 = DIRECTION('',(1.,0.,-0.));
#1578 = MANIFOLD_SOLID_BREP('',#1579);
#1579 = CLOSED_SHELL('',(#1580,#1620,#1660,#1682,#1704,#1716));
#1580 = ADVANCED_FACE('',(#1581),#1615,.F.);
#1581 = FACE_BOUND('',#1582,.F.);
#1582 = EDGE_LOOP('',(#1583,#1593,#1601,#1609));
#1583 = ORIENTED_EDGE('',*,*,#1584,.F.);
#1584 = EDGE_CURVE('',#1585,#1587,#1589,.T.);
#1585 = VERTEX_POINT('',#1586);
#1586 = CARTESIAN_POINT('',(-2.49,3.1,0.));
#1587 = VERTEX_POINT('',#1588);
#1588 = CARTESIAN_POINT('',(-2.49,3.1,0.203));
#1589 = LINE('',#1590,#1591);
#1590 = CARTESIAN_POINT('',(-2.49,3.1,0.));
#1591 = VECTOR('',#1592,1.);
#1592 = DIRECTION('',(0.,0.,1.));
#1593 = ORIENTED_EDGE('',*,*,#1594,.T.);
#1594 = EDGE_CURVE('',#1585,#1595,#1597,.T.);
#1595 = VERTEX_POINT('',#1596);
#1596 = CARTESIAN_POINT('',(-2.49,3.5,0.));
#1597 = LINE('',#1598,#1599);
#1598 = CARTESIAN_POINT('',(-2.49,3.1,0.));
#1599 = VECTOR('',#1600,1.);
#1600 = DIRECTION('',(-0.,1.,0.));
#1601 = ORIENTED_EDGE('',*,*,#1602,.T.);
#1602 = EDGE_CURVE('',#1595,#1603,#1605,.T.);
#1603 = VERTEX_POINT('',#1604);
#1604 = CARTESIAN_POINT('',(-2.49,3.5,0.203));
#1605 = LINE('',#1606,#1607);
#1606 = CARTESIAN_POINT('',(-2.49,3.5,0.));
#1607 = VECTOR('',#1608,1.);
#1608 = DIRECTION('',(0.,0.,1.));
#1609 = ORIENTED_EDGE('',*,*,#1610,.F.);
#1610 = EDGE_CURVE('',#1587,#1603,#1611,.T.);
#1611 = LINE('',#1612,#1613);
#1612 = CARTESIAN_POINT('',(-2.49,3.1,0.203));
#1613 = VECTOR('',#1614,1.);
#1614 = DIRECTION('',(-0.,1.,0.));
#1615 = PLANE('',#1616);
#1616 = AXIS2_PLACEMENT_3D('',#1617,#1618,#1619);
#1617 = CARTESIAN_POINT('',(-2.49,3.1,0.));
#1618 = DIRECTION('',(1.,0.,-0.));
#1619 = DIRECTION('',(0.,0.,1.));
#1620 = ADVANCED_FACE('',(#1621),#1655,.T.);
#1621 = FACE_BOUND('',#1622,.T.);
#1622 = EDGE_LOOP('',(#1623,#1633,#1641,#1649));
#1623 = ORIENTED_EDGE('',*,*,#1624,.F.);
#1624 = EDGE_CURVE('',#1625,#1627,#1629,.T.);
#1625 = VERTEX_POINT('',#1626);
#1626 = CARTESIAN_POINT('',(-2.31,3.1,0.));
#1627 = VERTEX_POINT('',#1628);
#1628 = CARTESIAN_POINT('',(-2.31,3.1,0.203));
#1629 = LINE('',#1630,#1631);
#1630 = CARTESIAN_POINT('',(-2.31,3.1,0.));
#1631 = VECTOR('',#1632,1.);
#1632 = DIRECTION('',(0.,0.,1.));
#1633 = ORIENTED_EDGE('',*,*,#1634,.T.);
#1634 = EDGE_CURVE('',#1625,#1635,#1637,.T.);
#1635 = VERTEX_POINT('',#1636);
#1636 = CARTESIAN_POINT('',(-2.31,3.5,0.));
#1637 = LINE('',#1638,#1639);
#1638 = CARTESIAN_POINT('',(-2.31,3.1,0.));
#1639 = VECTOR('',#1640,1.);
#1640 = DIRECTION('',(-0.,1.,0.));
#1641 = ORIENTED_EDGE('',*,*,#1642,.T.);
#1642 = EDGE_CURVE('',#1635,#1643,#1645,.T.);
#1643 = VERTEX_POINT('',#1644);
#1644 = CARTESIAN_POINT('',(-2.31,3.5,0.203));
#1645 = LINE('',#1646,#1647);
#1646 = CARTESIAN_POINT('',(-2.31,3.5,0.));
#1647 = VECTOR('',#1648,1.);
#1648 = DIRECTION('',(0.,0.,1.));
#1649 = ORIENTED_EDGE('',*,*,#1650,.F.);
#1650 = EDGE_CURVE('',#1627,#1643,#1651,.T.);
#1651 = LINE('',#1652,#1653);
#1652 = CARTESIAN_POINT('',(-2.31,3.1,0.203));
#1653 = VECTOR('',#1654,1.);
#1654 = DIRECTION('',(-0.,1.,0.));
#1655 = PLANE('',#1656);
#1656 = AXIS2_PLACEMENT_3D('',#1657,#1658,#1659);
#1657 = CARTESIAN_POINT('',(-2.31,3.1,0.));
#1658 = DIRECTION('',(1.,0.,-0.));
#1659 = DIRECTION('',(0.,0.,1.));
#1660 = ADVANCED_FACE('',(#1661),#1677,.F.);
#1661 = FACE_BOUND('',#1662,.F.);
#1662 = EDGE_LOOP('',(#1663,#1669,#1670,#1676));
#1663 = ORIENTED_EDGE('',*,*,#1664,.F.);
#1664 = EDGE_CURVE('',#1585,#1625,#1665,.T.);
#1665 = LINE('',#1666,#1667);
#1666 = CARTESIAN_POINT('',(-2.49,3.1,0.));
#1667 = VECTOR('',#1668,1.);
#1668 = DIRECTION('',(1.,0.,-0.));
#1669 = ORIENTED_EDGE('',*,*,#1584,.T.);
#1670 = ORIENTED_EDGE('',*,*,#1671,.T.);
#1671 = EDGE_CURVE('',#1587,#1627,#1672,.T.);
#1672 = LINE('',#1673,#1674);
#1673 = CARTESIAN_POINT('',(-2.49,3.1,0.203));
#1674 = VECTOR('',#1675,1.);
#1675 = DIRECTION('',(1.,0.,-0.));
#1676 = ORIENTED_EDGE('',*,*,#1624,.F.);
#1677 = PLANE('',#1678);
#1678 = AXIS2_PLACEMENT_3D('',#1679,#1680,#1681);
#1679 = CARTESIAN_POINT('',(-2.49,3.1,0.));
#1680 = DIRECTION('',(-0.,1.,0.));
#1681 = DIRECTION('',(0.,0.,1.));
#1682 = ADVANCED_FACE('',(#1683),#1699,.T.);
#1683 = FACE_BOUND('',#1684,.T.);
#1684 = EDGE_LOOP('',(#1685,#1691,#1692,#1698));
#1685 = ORIENTED_EDGE('',*,*,#1686,.F.);
#1686 = EDGE_CURVE('',#1595,#1635,#1687,.T.);
#1687 = LINE('',#1688,#1689);
#1688 = CARTESIAN_POINT('',(-2.49,3.5,0.));
#1689 = VECTOR('',#1690,1.);
#1690 = DIRECTION('',(1.,0.,-0.));
#1691 = ORIENTED_EDGE('',*,*,#1602,.T.);
#1692 = ORIENTED_EDGE('',*,*,#1693,.T.);
#1693 = EDGE_CURVE('',#1603,#1643,#1694,.T.);
#1694 = LINE('',#1695,#1696);
#1695 = CARTESIAN_POINT('',(-2.49,3.5,0.203));
#1696 = VECTOR('',#1697,1.);
#1697 = DIRECTION('',(1.,0.,-0.));
#1698 = ORIENTED_EDGE('',*,*,#1642,.F.);
#1699 = PLANE('',#1700);
#1700 = AXIS2_PLACEMENT_3D('',#1701,#1702,#1703);
#1701 = CARTESIAN_POINT('',(-2.49,3.5,0.));
#1702 = DIRECTION('',(-0.,1.,0.));
#1703 = DIRECTION('',(0.,0.,1.));
#1704 = ADVANCED_FACE('',(#1705),#1711,.F.);
#1705 = FACE_BOUND('',#1706,.F.);
#1706 = EDGE_LOOP('',(#1707,#1708,#1709,#1710));
#1707 = ORIENTED_EDGE('',*,*,#1594,.F.);
#1708 = ORIENTED_EDGE('',*,*,#1664,.T.);
#1709 = ORIENTED_EDGE('',*,*,#1634,.T.);
#1710 = ORIENTED_EDGE('',*,*,#1686,.F.);
#1711 = PLANE('',#1712);
#1712 = AXIS2_PLACEMENT_3D('',#1713,#1714,#1715);
#1713 = CARTESIAN_POINT('',(-2.49,3.1,0.));
#1714 = DIRECTION('',(0.,0.,1.));
#1715 = DIRECTION('',(1.,0.,-0.));
#1716 = ADVANCED_FACE('',(#1717),#1723,.T.);
#1717 = FACE_BOUND('',#1718,.T.);
#1718 = EDGE_LOOP('',(#1719,#1720,#1721,#1722));
#1719 = ORIENTED_EDGE('',*,*,#1610,.F.);
#1720 = ORIENTED_EDGE('',*,*,#1671,.T.);
#1721 = ORIENTED_EDGE('',*,*,#1650,.T.);
#1722 = ORIENTED_EDGE('',*,*,#1693,.F.);
#1723 = PLANE('',#1724);
#1724 = AXIS2_PLACEMENT_3D('',#1725,#1726,#1727);
#1725 = CARTESIAN_POINT('',(-2.49,3.1,0.203));
#1726 = DIRECTION('',(0.,0.,1.));
#1727 = DIRECTION('',(1.,0.,-0.));
#1728 = MANIFOLD_SOLID_BREP('',#1729);
#1729 = CLOSED_SHELL('',(#1730,#1770,#1810,#1832,#1854,#1866));
#1730 = ADVANCED_FACE('',(#1731),#1765,.F.);
#1731 = FACE_BOUND('',#1732,.F.);
#1732 = EDGE_LOOP('',(#1733,#1743,#1751,#1759));
#1733 = ORIENTED_EDGE('',*,*,#1734,.F.);
#1734 = EDGE_CURVE('',#1735,#1737,#1739,.T.);
#1735 = VERTEX_POINT('',#1736);
#1736 = CARTESIAN_POINT('',(-3.5,-2.49,0.));
#1737 = VERTEX_POINT('',#1738);
#1738 = CARTESIAN_POINT('',(-3.5,-2.49,0.203));
#1739 = LINE('',#1740,#1741);
#1740 = CARTESIAN_POINT('',(-3.5,-2.49,0.));
#1741 = VECTOR('',#1742,1.);
#1742 = DIRECTION('',(0.,0.,1.));
#1743 = ORIENTED_EDGE('',*,*,#1744,.T.);
#1744 = EDGE_CURVE('',#1735,#1745,#1747,.T.);
#1745 = VERTEX_POINT('',#1746);
#1746 = CARTESIAN_POINT('',(-3.5,-2.31,0.));
#1747 = LINE('',#1748,#1749);
#1748 = CARTESIAN_POINT('',(-3.5,-2.49,0.));
#1749 = VECTOR('',#1750,1.);
#1750 = DIRECTION('',(-0.,1.,0.));
#1751 = ORIENTED_EDGE('',*,*,#1752,.T.);
#1752 = EDGE_CURVE('',#1745,#1753,#1755,.T.);
#1753 = VERTEX_POINT('',#1754);
#1754 = CARTESIAN_POINT('',(-3.5,-2.31,0.203));
#1755 = LINE('',#1756,#1757);
#1756 = CARTESIAN_POINT('',(-3.5,-2.31,0.));
#1757 = VECTOR('',#1758,1.);
#1758 = DIRECTION('',(0.,0.,1.));
#1759 = ORIENTED_EDGE('',*,*,#1760,.F.);
#1760 = EDGE_CURVE('',#1737,#1753,#1761,.T.);
#1761 = LINE('',#1762,#1763);
#1762 = CARTESIAN_POINT('',(-3.5,-2.49,0.203));
#1763 = VECTOR('',#1764,1.);
#1764 = DIRECTION('',(-0.,1.,0.));
#1765 = PLANE('',#1766);
#1766 = AXIS2_PLACEMENT_3D('',#1767,#1768,#1769);
#1767 = CARTESIAN_POINT('',(-3.5,-2.49,0.));
#1768 = DIRECTION('',(1.,0.,-0.));
#1769 = DIRECTION('',(0.,0.,1.));
#1770 = ADVANCED_FACE('',(#1771),#1805,.T.);
#1771 = FACE_BOUND('',#1772,.T.);
#1772 = EDGE_LOOP('',(#1773,#1783,#1791,#1799));
#1773 = ORIENTED_EDGE('',*,*,#1774,.F.);
#1774 = EDGE_CURVE('',#1775,#1777,#1779,.T.);
#1775 = VERTEX_POINT('',#1776);
#1776 = CARTESIAN_POINT('',(-3.1,-2.49,0.));
#1777 = VERTEX_POINT('',#1778);
#1778 = CARTESIAN_POINT('',(-3.1,-2.49,0.203));
#1779 = LINE('',#1780,#1781);
#1780 = CARTESIAN_POINT('',(-3.1,-2.49,0.));
#1781 = VECTOR('',#1782,1.);
#1782 = DIRECTION('',(0.,0.,1.));
#1783 = ORIENTED_EDGE('',*,*,#1784,.T.);
#1784 = EDGE_CURVE('',#1775,#1785,#1787,.T.);
#1785 = VERTEX_POINT('',#1786);
#1786 = CARTESIAN_POINT('',(-3.1,-2.31,0.));
#1787 = LINE('',#1788,#1789);
#1788 = CARTESIAN_POINT('',(-3.1,-2.49,0.));
#1789 = VECTOR('',#1790,1.);
#1790 = DIRECTION('',(-0.,1.,0.));
#1791 = ORIENTED_EDGE('',*,*,#1792,.T.);
#1792 = EDGE_CURVE('',#1785,#1793,#1795,.T.);
#1793 = VERTEX_POINT('',#1794);
#1794 = CARTESIAN_POINT('',(-3.1,-2.31,0.203));
#1795 = LINE('',#1796,#1797);
#1796 = CARTESIAN_POINT('',(-3.1,-2.31,0.));
#1797 = VECTOR('',#1798,1.);
#1798 = DIRECTION('',(0.,0.,1.));
#1799 = ORIENTED_EDGE('',*,*,#1800,.F.);
#1800 = EDGE_CURVE('',#1777,#1793,#1801,.T.);
#1801 = LINE('',#1802,#1803);
#1802 = CARTESIAN_POINT('',(-3.1,-2.49,0.203));
#1803 = VECTOR('',#1804,1.);
#1804 = DIRECTION('',(-0.,1.,0.));
#1805 = PLANE('',#1806);
#1806 = AXIS2_PLACEMENT_3D('',#1807,#1808,#1809);
#1807 = CARTESIAN_POINT('',(-3.1,-2.49,0.));
#1808 = DIRECTION('',(1.,0.,-0.));
#1809 = DIRECTION('',(0.,0.,1.));
#1810 = ADVANCED_FACE('',(#1811),#1827,.F.);
#1811 = FACE_BOUND('',#1812,.F.);
#1812 = EDGE_LOOP('',(#1813,#1819,#1820,#1826));
#1813 = ORIENTED_EDGE('',*,*,#1814,.F.);
#1814 = EDGE_CURVE('',#1735,#1775,#1815,.T.);
#1815 = LINE('',#1816,#1817);
#1816 = CARTESIAN_POINT('',(-3.5,-2.49,0.));
#1817 = VECTOR('',#1818,1.);
#1818 = DIRECTION('',(1.,0.,-0.));
#1819 = ORIENTED_EDGE('',*,*,#1734,.T.);
#1820 = ORIENTED_EDGE('',*,*,#1821,.T.);
#1821 = EDGE_CURVE('',#1737,#1777,#1822,.T.);
#1822 = LINE('',#1823,#1824);
#1823 = CARTESIAN_POINT('',(-3.5,-2.49,0.203));
#1824 = VECTOR('',#1825,1.);
#1825 = DIRECTION('',(1.,0.,-0.));
#1826 = ORIENTED_EDGE('',*,*,#1774,.F.);
#1827 = PLANE('',#1828);
#1828 = AXIS2_PLACEMENT_3D('',#1829,#1830,#1831);
#1829 = CARTESIAN_POINT('',(-3.5,-2.49,0.));
#1830 = DIRECTION('',(-0.,1.,0.));
#1831 = DIRECTION('',(0.,0.,1.));
#1832 = ADVANCED_FACE('',(#1833),#1849,.T.);
#1833 = FACE_BOUND('',#1834,.T.);
#1834 = EDGE_LOOP('',(#1835,#1841,#1842,#1848));
#1835 = ORIENTED_EDGE('',*,*,#1836,.F.);
#1836 = EDGE_CURVE('',#1745,#1785,#1837,.T.);
#1837 = LINE('',#1838,#1839);
#1838 = CARTESIAN_POINT('',(-3.5,-2.31,0.));
#1839 = VECTOR('',#1840,1.);
#1840 = DIRECTION('',(1.,0.,-0.));
#1841 = ORIENTED_EDGE('',*,*,#1752,.T.);
#1842 = ORIENTED_EDGE('',*,*,#1843,.T.);
#1843 = EDGE_CURVE('',#1753,#1793,#1844,.T.);
#1844 = LINE('',#1845,#1846);
#1845 = CARTESIAN_POINT('',(-3.5,-2.31,0.203));
#1846 = VECTOR('',#1847,1.);
#1847 = DIRECTION('',(1.,0.,-0.));
#1848 = ORIENTED_EDGE('',*,*,#1792,.F.);
#1849 = PLANE('',#1850);
#1850 = AXIS2_PLACEMENT_3D('',#1851,#1852,#1853);
#1851 = CARTESIAN_POINT('',(-3.5,-2.31,0.));
#1852 = DIRECTION('',(-0.,1.,0.));
#1853 = DIRECTION('',(0.,0.,1.));
#1854 = ADVANCED_FACE('',(#1855),#1861,.F.);
#1855 = FACE_BOUND('',#1856,.F.);
#1856 = EDGE_LOOP('',(#1857,#1858,#1859,#1860));
#1857 = ORIENTED_EDGE('',*,*,#1744,.F.);
#1858 = ORIENTED_EDGE('',*,*,#1814,.T.);
#1859 = ORIENTED_EDGE('',*,*,#1784,.T.);
#1860 = ORIENTED_EDGE('',*,*,#1836,.F.);
#1861 = PLANE('',#1862);
#1862 = AXIS2_PLACEMENT_3D('',#1863,#1864,#1865);
#1863 = CARTESIAN_POINT('',(-3.5,-2.49,0.));
#1864 = DIRECTION('',(0.,0.,1.));
#1865 = DIRECTION('',(1.,0.,-0.));
#1866 = ADVANCED_FACE('',(#1867),#1873,.T.);
#1867 = FACE_BOUND('',#1868,.T.);
#1868 = EDGE_LOOP('',(#1869,#1870,#1871,#1872));
#1869 = ORIENTED_EDGE('',*,*,#1760,.F.);
#1870 = ORIENTED_EDGE('',*,*,#1821,.T.);
#1871 = ORIENTED_EDGE('',*,*,#1800,.T.);
#1872 = ORIENTED_EDGE('',*,*,#1843,.F.);
#1873 = PLANE('',#1874);
#1874 = AXIS2_PLACEMENT_3D('',#1875,#1876,#1877);
#1875 = CARTESIAN_POINT('',(-3.5,-2.49,0.203));
#1876 = DIRECTION('',(0.,0.,1.));
#1877 = DIRECTION('',(1.,0.,-0.));
#1878 = MANIFOLD_SOLID_BREP('',#1879);
#1879 = CLOSED_SHELL('',(#1880,#1920,#1960,#1982,#2004,#2016));
#1880 = ADVANCED_FACE('',(#1881),#1915,.F.);
#1881 = FACE_BOUND('',#1882,.F.);
#1882 = EDGE_LOOP('',(#1883,#1893,#1901,#1909));
#1883 = ORIENTED_EDGE('',*,*,#1884,.F.);
#1884 = EDGE_CURVE('',#1885,#1887,#1889,.T.);
#1885 = VERTEX_POINT('',#1886);
#1886 = CARTESIAN_POINT('',(3.1,-2.49,0.));
#1887 = VERTEX_POINT('',#1888);
#1888 = CARTESIAN_POINT('',(3.1,-2.49,0.203));
#1889 = LINE('',#1890,#1891);
#1890 = CARTESIAN_POINT('',(3.1,-2.49,0.));
#1891 = VECTOR('',#1892,1.);
#1892 = DIRECTION('',(0.,0.,1.));
#1893 = ORIENTED_EDGE('',*,*,#1894,.T.);
#1894 = EDGE_CURVE('',#1885,#1895,#1897,.T.);
#1895 = VERTEX_POINT('',#1896);
#1896 = CARTESIAN_POINT('',(3.1,-2.31,0.));
#1897 = LINE('',#1898,#1899);
#1898 = CARTESIAN_POINT('',(3.1,-2.49,0.));
#1899 = VECTOR('',#1900,1.);
#1900 = DIRECTION('',(-0.,1.,0.));
#1901 = ORIENTED_EDGE('',*,*,#1902,.T.);
#1902 = EDGE_CURVE('',#1895,#1903,#1905,.T.);
#1903 = VERTEX_POINT('',#1904);
#1904 = CARTESIAN_POINT('',(3.1,-2.31,0.203));
#1905 = LINE('',#1906,#1907);
#1906 = CARTESIAN_POINT('',(3.1,-2.31,0.));
#1907 = VECTOR('',#1908,1.);
#1908 = DIRECTION('',(0.,0.,1.));
#1909 = ORIENTED_EDGE('',*,*,#1910,.F.);
#1910 = EDGE_CURVE('',#1887,#1903,#1911,.T.);
#1911 = LINE('',#1912,#1913);
#1912 = CARTESIAN_POINT('',(3.1,-2.49,0.203));
#1913 = VECTOR('',#1914,1.);
#1914 = DIRECTION('',(-0.,1.,0.));
#1915 = PLANE('',#1916);
#1916 = AXIS2_PLACEMENT_3D('',#1917,#1918,#1919);
#1917 = CARTESIAN_POINT('',(3.1,-2.49,0.));
#1918 = DIRECTION('',(1.,0.,-0.));
#1919 = DIRECTION('',(0.,0.,1.));
#1920 = ADVANCED_FACE('',(#1921),#1955,.T.);
#1921 = FACE_BOUND('',#1922,.T.);
#1922 = EDGE_LOOP('',(#1923,#1933,#1941,#1949));
#1923 = ORIENTED_EDGE('',*,*,#1924,.F.);
#1924 = EDGE_CURVE('',#1925,#1927,#1929,.T.);
#1925 = VERTEX_POINT('',#1926);
#1926 = CARTESIAN_POINT('',(3.5,-2.49,0.));
#1927 = VERTEX_POINT('',#1928);
#1928 = CARTESIAN_POINT('',(3.5,-2.49,0.203));
#1929 = LINE('',#1930,#1931);
#1930 = CARTESIAN_POINT('',(3.5,-2.49,0.));
#1931 = VECTOR('',#1932,1.);
#1932 = DIRECTION('',(0.,0.,1.));
#1933 = ORIENTED_EDGE('',*,*,#1934,.T.);
#1934 = EDGE_CURVE('',#1925,#1935,#1937,.T.);
#1935 = VERTEX_POINT('',#1936);
#1936 = CARTESIAN_POINT('',(3.5,-2.31,0.));
#1937 = LINE('',#1938,#1939);
#1938 = CARTESIAN_POINT('',(3.5,-2.49,0.));
#1939 = VECTOR('',#1940,1.);
#1940 = DIRECTION('',(-0.,1.,0.));
#1941 = ORIENTED_EDGE('',*,*,#1942,.T.);
#1942 = EDGE_CURVE('',#1935,#1943,#1945,.T.);
#1943 = VERTEX_POINT('',#1944);
#1944 = CARTESIAN_POINT('',(3.5,-2.31,0.203));
#1945 = LINE('',#1946,#1947);
#1946 = CARTESIAN_POINT('',(3.5,-2.31,0.));
#1947 = VECTOR('',#1948,1.);
#1948 = DIRECTION('',(0.,0.,1.));
#1949 = ORIENTED_EDGE('',*,*,#1950,.F.);
#1950 = EDGE_CURVE('',#1927,#1943,#1951,.T.);
#1951 = LINE('',#1952,#1953);
#1952 = CARTESIAN_POINT('',(3.5,-2.49,0.203));
#1953 = VECTOR('',#1954,1.);
#1954 = DIRECTION('',(-0.,1.,0.));
#1955 = PLANE('',#1956);
#1956 = AXIS2_PLACEMENT_3D('',#1957,#1958,#1959);
#1957 = CARTESIAN_POINT('',(3.5,-2.49,0.));
#1958 = DIRECTION('',(1.,0.,-0.));
#1959 = DIRECTION('',(0.,0.,1.));
#1960 = ADVANCED_FACE('',(#1961),#1977,.F.);
#1961 = FACE_BOUND('',#1962,.F.);
#1962 = EDGE_LOOP('',(#1963,#1969,#1970,#1976));
#1963 = ORIENTED_EDGE('',*,*,#1964,.F.);
#1964 = EDGE_CURVE('',#1885,#1925,#1965,.T.);
#1965 = LINE('',#1966,#1967);
#1966 = CARTESIAN_POINT('',(3.1,-2.49,0.));
#1967 = VECTOR('',#1968,1.);
#1968 = DIRECTION('',(1.,0.,-0.));
#1969 = ORIENTED_EDGE('',*,*,#1884,.T.);
#1970 = ORIENTED_EDGE('',*,*,#1971,.T.);
#1971 = EDGE_CURVE('',#1887,#1927,#1972,.T.);
#1972 = LINE('',#1973,#1974);
#1973 = CARTESIAN_POINT('',(3.1,-2.49,0.203));
#1974 = VECTOR('',#1975,1.);
#1975 = DIRECTION('',(1.,0.,-0.));
#1976 = ORIENTED_EDGE('',*,*,#1924,.F.);
#1977 = PLANE('',#1978);
#1978 = AXIS2_PLACEMENT_3D('',#1979,#1980,#1981);
#1979 = CARTESIAN_POINT('',(3.1,-2.49,0.));
#1980 = DIRECTION('',(-0.,1.,0.));
#1981 = DIRECTION('',(0.,0.,1.));
#1982 = ADVANCED_FACE('',(#1983),#1999,.T.);
#1983 = FACE_BOUND('',#1984,.T.);
#1984 = EDGE_LOOP('',(#1985,#1991,#1992,#1998));
#1985 = ORIENTED_EDGE('',*,*,#1986,.F.);
#1986 = EDGE_CURVE('',#1895,#1935,#1987,.T.);
#1987 = LINE('',#1988,#1989);
#1988 = CARTESIAN_POINT('',(3.1,-2.31,0.));
#1989 = VECTOR('',#1990,1.);
#1990 = DIRECTION('',(1.,0.,-0.));
#1991 = ORIENTED_EDGE('',*,*,#1902,.T.);
#1992 = ORIENTED_EDGE('',*,*,#1993,.T.);
#1993 = EDGE_CURVE('',#1903,#1943,#1994,.T.);
#1994 = LINE('',#1995,#1996);
#1995 = CARTESIAN_POINT('',(3.1,-2.31,0.203));
#1996 = VECTOR('',#1997,1.);
#1997 = DIRECTION('',(1.,0.,-0.));
#1998 = ORIENTED_EDGE('',*,*,#1942,.F.);
#1999 = PLANE('',#2000);
#2000 = AXIS2_PLACEMENT_3D('',#2001,#2002,#2003);
#2001 = CARTESIAN_POINT('',(3.1,-2.31,0.));
#2002 = DIRECTION('',(-0.,1.,0.));
#2003 = DIRECTION('',(0.,0.,1.));
#2004 = ADVANCED_FACE('',(#2005),#2011,.F.);
#2005 = FACE_BOUND('',#2006,.F.);
#2006 = EDGE_LOOP('',(#2007,#2008,#2009,#2010));
#2007 = ORIENTED_EDGE('',*,*,#1894,.F.);
#2008 = ORIENTED_EDGE('',*,*,#1964,.T.);
#2009 = ORIENTED_EDGE('',*,*,#1934,.T.);
#2010 = ORIENTED_EDGE('',*,*,#1986,.F.);
#2011 = PLANE('',#2012);
#2012 = AXIS2_PLACEMENT_3D('',#2013,#2014,#2015);
#2013 = CARTESIAN_POINT('',(3.1,-2.49,0.));
#2014 = DIRECTION('',(0.,0.,1.));
#2015 = DIRECTION('',(1.,0.,-0.));
#2016 = ADVANCED_FACE('',(#2017),#2023,.T.);
#2017 = FACE_BOUND('',#2018,.T.);
#2018 = EDGE_LOOP('',(#2019,#2020,#2021,#2022));
#2019 = ORIENTED_EDGE('',*,*,#1910,.F.);
#2020 = ORIENTED_EDGE('',*,*,#1971,.T.);
#2021 = ORIENTED_EDGE('',*,*,#1950,.T.);
#2022 = ORIENTED_EDGE('',*,*,#1993,.F.);
#2023 = PLANE('',#2024);
#2024 = AXIS2_PLACEMENT_3D('',#2025,#2026,#2027);
#2025 = CARTESIAN_POINT('',(3.1,-2.49,0.203));
#2026 = DIRECTION('',(0.,0.,1.));
#2027 = DIRECTION('',(1.,0.,-0.));
#2028 = MANIFOLD_SOLID_BREP('',#2029);
#2029 = CLOSED_SHELL('',(#2030,#2070,#2110,#2132,#2154,#2166));
#2030 = ADVANCED_FACE('',(#2031),#2065,.F.);
#2031 = FACE_BOUND('',#2032,.F.);
#2032 = EDGE_LOOP('',(#2033,#2043,#2051,#2059));
#2033 = ORIENTED_EDGE('',*,*,#2034,.F.);
#2034 = EDGE_CURVE('',#2035,#2037,#2039,.T.);
#2035 = VERTEX_POINT('',#2036);
#2036 = CARTESIAN_POINT('',(-2.09,-3.5,0.));
#2037 = VERTEX_POINT('',#2038);
#2038 = CARTESIAN_POINT('',(-2.09,-3.5,0.203));
#2039 = LINE('',#2040,#2041);
#2040 = CARTESIAN_POINT('',(-2.09,-3.5,0.));
#2041 = VECTOR('',#2042,1.);
#2042 = DIRECTION('',(0.,0.,1.));
#2043 = ORIENTED_EDGE('',*,*,#2044,.T.);
#2044 = EDGE_CURVE('',#2035,#2045,#2047,.T.);
#2045 = VERTEX_POINT('',#2046);
#2046 = CARTESIAN_POINT('',(-2.09,-3.1,0.));
#2047 = LINE('',#2048,#2049);
#2048 = CARTESIAN_POINT('',(-2.09,-3.5,0.));
#2049 = VECTOR('',#2050,1.);
#2050 = DIRECTION('',(-0.,1.,0.));
#2051 = ORIENTED_EDGE('',*,*,#2052,.T.);
#2052 = EDGE_CURVE('',#2045,#2053,#2055,.T.);
#2053 = VERTEX_POINT('',#2054);
#2054 = CARTESIAN_POINT('',(-2.09,-3.1,0.203));
#2055 = LINE('',#2056,#2057);
#2056 = CARTESIAN_POINT('',(-2.09,-3.1,0.));
#2057 = VECTOR('',#2058,1.);
#2058 = DIRECTION('',(0.,0.,1.));
#2059 = ORIENTED_EDGE('',*,*,#2060,.F.);
#2060 = EDGE_CURVE('',#2037,#2053,#2061,.T.);
#2061 = LINE('',#2062,#2063);
#2062 = CARTESIAN_POINT('',(-2.09,-3.5,0.203));
#2063 = VECTOR('',#2064,1.);
#2064 = DIRECTION('',(-0.,1.,0.));
#2065 = PLANE('',#2066);
#2066 = AXIS2_PLACEMENT_3D('',#2067,#2068,#2069);
#2067 = CARTESIAN_POINT('',(-2.09,-3.5,0.));
#2068 = DIRECTION('',(1.,0.,-0.));
#2069 = DIRECTION('',(0.,0.,1.));
#2070 = ADVANCED_FACE('',(#2071),#2105,.T.);
#2071 = FACE_BOUND('',#2072,.T.);
#2072 = EDGE_LOOP('',(#2073,#2083,#2091,#2099));
#2073 = ORIENTED_EDGE('',*,*,#2074,.F.);
#2074 = EDGE_CURVE('',#2075,#2077,#2079,.T.);
#2075 = VERTEX_POINT('',#2076);
#2076 = CARTESIAN_POINT('',(-1.91,-3.5,0.));
#2077 = VERTEX_POINT('',#2078);
#2078 = CARTESIAN_POINT('',(-1.91,-3.5,0.203));
#2079 = LINE('',#2080,#2081);
#2080 = CARTESIAN_POINT('',(-1.91,-3.5,0.));
#2081 = VECTOR('',#2082,1.);
#2082 = DIRECTION('',(0.,0.,1.));
#2083 = ORIENTED_EDGE('',*,*,#2084,.T.);
#2084 = EDGE_CURVE('',#2075,#2085,#2087,.T.);
#2085 = VERTEX_POINT('',#2086);
#2086 = CARTESIAN_POINT('',(-1.91,-3.1,0.));
#2087 = LINE('',#2088,#2089);
#2088 = CARTESIAN_POINT('',(-1.91,-3.5,0.));
#2089 = VECTOR('',#2090,1.);
#2090 = DIRECTION('',(-0.,1.,0.));
#2091 = ORIENTED_EDGE('',*,*,#2092,.T.);
#2092 = EDGE_CURVE('',#2085,#2093,#2095,.T.);
#2093 = VERTEX_POINT('',#2094);
#2094 = CARTESIAN_POINT('',(-1.91,-3.1,0.203));
#2095 = LINE('',#2096,#2097);
#2096 = CARTESIAN_POINT('',(-1.91,-3.1,0.));
#2097 = VECTOR('',#2098,1.);
#2098 = DIRECTION('',(0.,0.,1.));
#2099 = ORIENTED_EDGE('',*,*,#2100,.F.);
#2100 = EDGE_CURVE('',#2077,#2093,#2101,.T.);
#2101 = LINE('',#2102,#2103);
#2102 = CARTESIAN_POINT('',(-1.91,-3.5,0.203));
#2103 = VECTOR('',#2104,1.);
#2104 = DIRECTION('',(-0.,1.,0.));
#2105 = PLANE('',#2106);
#2106 = AXIS2_PLACEMENT_3D('',#2107,#2108,#2109);
#2107 = CARTESIAN_POINT('',(-1.91,-3.5,0.));
#2108 = DIRECTION('',(1.,0.,-0.));
#2109 = DIRECTION('',(0.,0.,1.));
#2110 = ADVANCED_FACE('',(#2111),#2127,.F.);
#2111 = FACE_BOUND('',#2112,.F.);
#2112 = EDGE_LOOP('',(#2113,#2119,#2120,#2126));
#2113 = ORIENTED_EDGE('',*,*,#2114,.F.);
#2114 = EDGE_CURVE('',#2035,#2075,#2115,.T.);
#2115 = LINE('',#2116,#2117);
#2116 = CARTESIAN_POINT('',(-2.09,-3.5,0.));
#2117 = VECTOR('',#2118,1.);
#2118 = DIRECTION('',(1.,0.,-0.));
#2119 = ORIENTED_EDGE('',*,*,#2034,.T.);
#2120 = ORIENTED_EDGE('',*,*,#2121,.T.);
#2121 = EDGE_CURVE('',#2037,#2077,#2122,.T.);
#2122 = LINE('',#2123,#2124);
#2123 = CARTESIAN_POINT('',(-2.09,-3.5,0.203));
#2124 = VECTOR('',#2125,1.);
#2125 = DIRECTION('',(1.,0.,-0.));
#2126 = ORIENTED_EDGE('',*,*,#2074,.F.);
#2127 = PLANE('',#2128);
#2128 = AXIS2_PLACEMENT_3D('',#2129,#2130,#2131);
#2129 = CARTESIAN_POINT('',(-2.09,-3.5,0.));
#2130 = DIRECTION('',(-0.,1.,0.));
#2131 = DIRECTION('',(0.,0.,1.));
#2132 = ADVANCED_FACE('',(#2133),#2149,.T.);
#2133 = FACE_BOUND('',#2134,.T.);
#2134 = EDGE_LOOP('',(#2135,#2141,#2142,#2148));
#2135 = ORIENTED_EDGE('',*,*,#2136,.F.);
#2136 = EDGE_CURVE('',#2045,#2085,#2137,.T.);
#2137 = LINE('',#2138,#2139);
#2138 = CARTESIAN_POINT('',(-2.09,-3.1,0.));
#2139 = VECTOR('',#2140,1.);
#2140 = DIRECTION('',(1.,0.,-0.));
#2141 = ORIENTED_EDGE('',*,*,#2052,.T.);
#2142 = ORIENTED_EDGE('',*,*,#2143,.T.);
#2143 = EDGE_CURVE('',#2053,#2093,#2144,.T.);
#2144 = LINE('',#2145,#2146);
#2145 = CARTESIAN_POINT('',(-2.09,-3.1,0.203));
#2146 = VECTOR('',#2147,1.);
#2147 = DIRECTION('',(1.,0.,-0.));
#2148 = ORIENTED_EDGE('',*,*,#2092,.F.);
#2149 = PLANE('',#2150);
#2150 = AXIS2_PLACEMENT_3D('',#2151,#2152,#2153);
#2151 = CARTESIAN_POINT('',(-2.09,-3.1,0.));
#2152 = DIRECTION('',(-0.,1.,0.));
#2153 = DIRECTION('',(0.,0.,1.));
#2154 = ADVANCED_FACE('',(#2155),#2161,.F.);
#2155 = FACE_BOUND('',#2156,.F.);
#2156 = EDGE_LOOP('',(#2157,#2158,#2159,#2160));
#2157 = ORIENTED_EDGE('',*,*,#2044,.F.);
#2158 = ORIENTED_EDGE('',*,*,#2114,.T.);
#2159 = ORIENTED_EDGE('',*,*,#2084,.T.);
#2160 = ORIENTED_EDGE('',*,*,#2136,.F.);
#2161 = PLANE('',#2162);
#2162 = AXIS2_PLACEMENT_3D('',#2163,#2164,#2165);
#2163 = CARTESIAN_POINT('',(-2.09,-3.5,0.));
#2164 = DIRECTION('',(0.,0.,1.));
#2165 = DIRECTION('',(1.,0.,-0.));
#2166 = ADVANCED_FACE('',(#2167),#2173,.T.);
#2167 = FACE_BOUND('',#2168,.T.);
#2168 = EDGE_LOOP('',(#2169,#2170,#2171,#2172));
#2169 = ORIENTED_EDGE('',*,*,#2060,.F.);
#2170 = ORIENTED_EDGE('',*,*,#2121,.T.);
#2171 = ORIENTED_EDGE('',*,*,#2100,.T.);
#2172 = ORIENTED_EDGE('',*,*,#2143,.F.);
#2173 = PLANE('',#2174);
#2174 = AXIS2_PLACEMENT_3D('',#2175,#2176,#2177);
#2175 = CARTESIAN_POINT('',(-2.09,-3.5,0.203));
#2176 = DIRECTION('',(0.,0.,1.));
#2177 = DIRECTION('',(1.,0.,-0.));
#2178 = MANIFOLD_SOLID_BREP('',#2179);
#2179 = CLOSED_SHELL('',(#2180,#2220,#2260,#2282,#2304,#2316));
#2180 = ADVANCED_FACE('',(#2181),#2215,.F.);
#2181 = FACE_BOUND('',#2182,.F.);
#2182 = EDGE_LOOP('',(#2183,#2193,#2201,#2209));
#2183 = ORIENTED_EDGE('',*,*,#2184,.F.);
#2184 = EDGE_CURVE('',#2185,#2187,#2189,.T.);
#2185 = VERTEX_POINT('',#2186);
#2186 = CARTESIAN_POINT('',(-2.09,3.1,0.));
#2187 = VERTEX_POINT('',#2188);
#2188 = CARTESIAN_POINT('',(-2.09,3.1,0.203));
#2189 = LINE('',#2190,#2191);
#2190 = CARTESIAN_POINT('',(-2.09,3.1,0.));
#2191 = VECTOR('',#2192,1.);
#2192 = DIRECTION('',(0.,0.,1.));
#2193 = ORIENTED_EDGE('',*,*,#2194,.T.);
#2194 = EDGE_CURVE('',#2185,#2195,#2197,.T.);
#2195 = VERTEX_POINT('',#2196);
#2196 = CARTESIAN_POINT('',(-2.09,3.5,0.));
#2197 = LINE('',#2198,#2199);
#2198 = CARTESIAN_POINT('',(-2.09,3.1,0.));
#2199 = VECTOR('',#2200,1.);
#2200 = DIRECTION('',(-0.,1.,0.));
#2201 = ORIENTED_EDGE('',*,*,#2202,.T.);
#2202 = EDGE_CURVE('',#2195,#2203,#2205,.T.);
#2203 = VERTEX_POINT('',#2204);
#2204 = CARTESIAN_POINT('',(-2.09,3.5,0.203));
#2205 = LINE('',#2206,#2207);
#2206 = CARTESIAN_POINT('',(-2.09,3.5,0.));
#2207 = VECTOR('',#2208,1.);
#2208 = DIRECTION('',(0.,0.,1.));
#2209 = ORIENTED_EDGE('',*,*,#2210,.F.);
#2210 = EDGE_CURVE('',#2187,#2203,#2211,.T.);
#2211 = LINE('',#2212,#2213);
#2212 = CARTESIAN_POINT('',(-2.09,3.1,0.203));
#2213 = VECTOR('',#2214,1.);
#2214 = DIRECTION('',(-0.,1.,0.));
#2215 = PLANE('',#2216);
#2216 = AXIS2_PLACEMENT_3D('',#2217,#2218,#2219);
#2217 = CARTESIAN_POINT('',(-2.09,3.1,0.));
#2218 = DIRECTION('',(1.,0.,-0.));
#2219 = DIRECTION('',(0.,0.,1.));
#2220 = ADVANCED_FACE('',(#2221),#2255,.T.);
#2221 = FACE_BOUND('',#2222,.T.);
#2222 = EDGE_LOOP('',(#2223,#2233,#2241,#2249));
#2223 = ORIENTED_EDGE('',*,*,#2224,.F.);
#2224 = EDGE_CURVE('',#2225,#2227,#2229,.T.);
#2225 = VERTEX_POINT('',#2226);
#2226 = CARTESIAN_POINT('',(-1.91,3.1,0.));
#2227 = VERTEX_POINT('',#2228);
#2228 = CARTESIAN_POINT('',(-1.91,3.1,0.203));
#2229 = LINE('',#2230,#2231);
#2230 = CARTESIAN_POINT('',(-1.91,3.1,0.));
#2231 = VECTOR('',#2232,1.);
#2232 = DIRECTION('',(0.,0.,1.));
#2233 = ORIENTED_EDGE('',*,*,#2234,.T.);
#2234 = EDGE_CURVE('',#2225,#2235,#2237,.T.);
#2235 = VERTEX_POINT('',#2236);
#2236 = CARTESIAN_POINT('',(-1.91,3.5,0.));
#2237 = LINE('',#2238,#2239);
#2238 = CARTESIAN_POINT('',(-1.91,3.1,0.));
#2239 = VECTOR('',#2240,1.);
#2240 = DIRECTION('',(-0.,1.,0.));
#2241 = ORIENTED_EDGE('',*,*,#2242,.T.);
#2242 = EDGE_CURVE('',#2235,#2243,#2245,.T.);
#2243 = VERTEX_POINT('',#2244);
#2244 = CARTESIAN_POINT('',(-1.91,3.5,0.203));
#2245 = LINE('',#2246,#2247);
#2246 = CARTESIAN_POINT('',(-1.91,3.5,0.));
#2247 = VECTOR('',#2248,1.);
#2248 = DIRECTION('',(0.,0.,1.));
#2249 = ORIENTED_EDGE('',*,*,#2250,.F.);
#2250 = EDGE_CURVE('',#2227,#2243,#2251,.T.);
#2251 = LINE('',#2252,#2253);
#2252 = CARTESIAN_POINT('',(-1.91,3.1,0.203));
#2253 = VECTOR('',#2254,1.);
#2254 = DIRECTION('',(-0.,1.,0.));
#2255 = PLANE('',#2256);
#2256 = AXIS2_PLACEMENT_3D('',#2257,#2258,#2259);
#2257 = CARTESIAN_POINT('',(-1.91,3.1,0.));
#2258 = DIRECTION('',(1.,0.,-0.));
#2259 = DIRECTION('',(0.,0.,1.));
#2260 = ADVANCED_FACE('',(#2261),#2277,.F.);
#2261 = FACE_BOUND('',#2262,.F.);
#2262 = EDGE_LOOP('',(#2263,#2269,#2270,#2276));
#2263 = ORIENTED_EDGE('',*,*,#2264,.F.);
#2264 = EDGE_CURVE('',#2185,#2225,#2265,.T.);
#2265 = LINE('',#2266,#2267);
#2266 = CARTESIAN_POINT('',(-2.09,3.1,0.));
#2267 = VECTOR('',#2268,1.);
#2268 = DIRECTION('',(1.,0.,-0.));
#2269 = ORIENTED_EDGE('',*,*,#2184,.T.);
#2270 = ORIENTED_EDGE('',*,*,#2271,.T.);
#2271 = EDGE_CURVE('',#2187,#2227,#2272,.T.);
#2272 = LINE('',#2273,#2274);
#2273 = CARTESIAN_POINT('',(-2.09,3.1,0.203));
#2274 = VECTOR('',#2275,1.);
#2275 = DIRECTION('',(1.,0.,-0.));
#2276 = ORIENTED_EDGE('',*,*,#2224,.F.);
#2277 = PLANE('',#2278);
#2278 = AXIS2_PLACEMENT_3D('',#2279,#2280,#2281);
#2279 = CARTESIAN_POINT('',(-2.09,3.1,0.));
#2280 = DIRECTION('',(-0.,1.,0.));
#2281 = DIRECTION('',(0.,0.,1.));
#2282 = ADVANCED_FACE('',(#2283),#2299,.T.);
#2283 = FACE_BOUND('',#2284,.T.);
#2284 = EDGE_LOOP('',(#2285,#2291,#2292,#2298));
#2285 = ORIENTED_EDGE('',*,*,#2286,.F.);
#2286 = EDGE_CURVE('',#2195,#2235,#2287,.T.);
#2287 = LINE('',#2288,#2289);
#2288 = CARTESIAN_POINT('',(-2.09,3.5,0.));
#2289 = VECTOR('',#2290,1.);
#2290 = DIRECTION('',(1.,0.,-0.));
#2291 = ORIENTED_EDGE('',*,*,#2202,.T.);
#2292 = ORIENTED_EDGE('',*,*,#2293,.T.);
#2293 = EDGE_CURVE('',#2203,#2243,#2294,.T.);
#2294 = LINE('',#2295,#2296);
#2295 = CARTESIAN_POINT('',(-2.09,3.5,0.203));
#2296 = VECTOR('',#2297,1.);
#2297 = DIRECTION('',(1.,0.,-0.));
#2298 = ORIENTED_EDGE('',*,*,#2242,.F.);
#2299 = PLANE('',#2300);
#2300 = AXIS2_PLACEMENT_3D('',#2301,#2302,#2303);
#2301 = CARTESIAN_POINT('',(-2.09,3.5,0.));
#2302 = DIRECTION('',(-0.,1.,0.));
#2303 = DIRECTION('',(0.,0.,1.));
#2304 = ADVANCED_FACE('',(#2305),#2311,.F.);
#2305 = FACE_BOUND('',#2306,.F.);
#2306 = EDGE_LOOP('',(#2307,#2308,#2309,#2310));
#2307 = ORIENTED_EDGE('',*,*,#2194,.F.);
#2308 = ORIENTED_EDGE('',*,*,#2264,.T.);
#2309 = ORIENTED_EDGE('',*,*,#2234,.T.);
#2310 = ORIENTED_EDGE('',*,*,#2286,.F.);
#2311 = PLANE('',#2312);
#2312 = AXIS2_PLACEMENT_3D('',#2313,#2314,#2315);
#2313 = CARTESIAN_POINT('',(-2.09,3.1,0.));
#2314 = DIRECTION('',(0.,0.,1.));
#2315 = DIRECTION('',(1.,0.,-0.));
#2316 = ADVANCED_FACE('',(#2317),#2323,.T.);
#2317 = FACE_BOUND('',#2318,.T.);
#2318 = EDGE_LOOP('',(#2319,#2320,#2321,#2322));
#2319 = ORIENTED_EDGE('',*,*,#2210,.F.);
#2320 = ORIENTED_EDGE('',*,*,#2271,.T.);
#2321 = ORIENTED_EDGE('',*,*,#2250,.T.);
#2322 = ORIENTED_EDGE('',*,*,#2293,.F.);
#2323 = PLANE('',#2324);
#2324 = AXIS2_PLACEMENT_3D('',#2325,#2326,#2327);
#2325 = CARTESIAN_POINT('',(-2.09,3.1,0.203));
#2326 = DIRECTION('',(0.,0.,1.));
#2327 = DIRECTION('',(1.,0.,-0.));
#2328 = MANIFOLD_SOLID_BREP('',#2329);
#2329 = CLOSED_SHELL('',(#2330,#2370,#2410,#2432,#2454,#2466));
#2330 = ADVANCED_FACE('',(#2331),#2365,.F.);
#2331 = FACE_BOUND('',#2332,.F.);
#2332 = EDGE_LOOP('',(#2333,#2343,#2351,#2359));
#2333 = ORIENTED_EDGE('',*,*,#2334,.F.);
#2334 = EDGE_CURVE('',#2335,#2337,#2339,.T.);
#2335 = VERTEX_POINT('',#2336);
#2336 = CARTESIAN_POINT('',(-3.5,-2.09,0.));
#2337 = VERTEX_POINT('',#2338);
#2338 = CARTESIAN_POINT('',(-3.5,-2.09,0.203));
#2339 = LINE('',#2340,#2341);
#2340 = CARTESIAN_POINT('',(-3.5,-2.09,0.));
#2341 = VECTOR('',#2342,1.);
#2342 = DIRECTION('',(0.,0.,1.));
#2343 = ORIENTED_EDGE('',*,*,#2344,.T.);
#2344 = EDGE_CURVE('',#2335,#2345,#2347,.T.);
#2345 = VERTEX_POINT('',#2346);
#2346 = CARTESIAN_POINT('',(-3.5,-1.91,0.));
#2347 = LINE('',#2348,#2349);
#2348 = CARTESIAN_POINT('',(-3.5,-2.09,0.));
#2349 = VECTOR('',#2350,1.);
#2350 = DIRECTION('',(-0.,1.,0.));
#2351 = ORIENTED_EDGE('',*,*,#2352,.T.);
#2352 = EDGE_CURVE('',#2345,#2353,#2355,.T.);
#2353 = VERTEX_POINT('',#2354);
#2354 = CARTESIAN_POINT('',(-3.5,-1.91,0.203));
#2355 = LINE('',#2356,#2357);
#2356 = CARTESIAN_POINT('',(-3.5,-1.91,0.));
#2357 = VECTOR('',#2358,1.);
#2358 = DIRECTION('',(0.,0.,1.));
#2359 = ORIENTED_EDGE('',*,*,#2360,.F.);
#2360 = EDGE_CURVE('',#2337,#2353,#2361,.T.);
#2361 = LINE('',#2362,#2363);
#2362 = CARTESIAN_POINT('',(-3.5,-2.09,0.203));
#2363 = VECTOR('',#2364,1.);
#2364 = DIRECTION('',(-0.,1.,0.));
#2365 = PLANE('',#2366);
#2366 = AXIS2_PLACEMENT_3D('',#2367,#2368,#2369);
#2367 = CARTESIAN_POINT('',(-3.5,-2.09,0.));
#2368 = DIRECTION('',(1.,0.,-0.));
#2369 = DIRECTION('',(0.,0.,1.));
#2370 = ADVANCED_FACE('',(#2371),#2405,.T.);
#2371 = FACE_BOUND('',#2372,.T.);
#2372 = EDGE_LOOP('',(#2373,#2383,#2391,#2399));
#2373 = ORIENTED_EDGE('',*,*,#2374,.F.);
#2374 = EDGE_CURVE('',#2375,#2377,#2379,.T.);
#2375 = VERTEX_POINT('',#2376);
#2376 = CARTESIAN_POINT('',(-3.1,-2.09,0.));
#2377 = VERTEX_POINT('',#2378);
#2378 = CARTESIAN_POINT('',(-3.1,-2.09,0.203));
#2379 = LINE('',#2380,#2381);
#2380 = CARTESIAN_POINT('',(-3.1,-2.09,0.));
#2381 = VECTOR('',#2382,1.);
#2382 = DIRECTION('',(0.,0.,1.));
#2383 = ORIENTED_EDGE('',*,*,#2384,.T.);
#2384 = EDGE_CURVE('',#2375,#2385,#2387,.T.);
#2385 = VERTEX_POINT('',#2386);
#2386 = CARTESIAN_POINT('',(-3.1,-1.91,0.));
#2387 = LINE('',#2388,#2389);
#2388 = CARTESIAN_POINT('',(-3.1,-2.09,0.));
#2389 = VECTOR('',#2390,1.);
#2390 = DIRECTION('',(-0.,1.,0.));
#2391 = ORIENTED_EDGE('',*,*,#2392,.T.);
#2392 = EDGE_CURVE('',#2385,#2393,#2395,.T.);
#2393 = VERTEX_POINT('',#2394);
#2394 = CARTESIAN_POINT('',(-3.1,-1.91,0.203));
#2395 = LINE('',#2396,#2397);
#2396 = CARTESIAN_POINT('',(-3.1,-1.91,0.));
#2397 = VECTOR('',#2398,1.);
#2398 = DIRECTION('',(0.,0.,1.));
#2399 = ORIENTED_EDGE('',*,*,#2400,.F.);
#2400 = EDGE_CURVE('',#2377,#2393,#2401,.T.);
#2401 = LINE('',#2402,#2403);
#2402 = CARTESIAN_POINT('',(-3.1,-2.09,0.203));
#2403 = VECTOR('',#2404,1.);
#2404 = DIRECTION('',(-0.,1.,0.));
#2405 = PLANE('',#2406);
#2406 = AXIS2_PLACEMENT_3D('',#2407,#2408,#2409);
#2407 = CARTESIAN_POINT('',(-3.1,-2.09,0.));
#2408 = DIRECTION('',(1.,0.,-0.));
#2409 = DIRECTION('',(0.,0.,1.));
#2410 = ADVANCED_FACE('',(#2411),#2427,.F.);
#2411 = FACE_BOUND('',#2412,.F.);
#2412 = EDGE_LOOP('',(#2413,#2419,#2420,#2426));
#2413 = ORIENTED_EDGE('',*,*,#2414,.F.);
#2414 = EDGE_CURVE('',#2335,#2375,#2415,.T.);
#2415 = LINE('',#2416,#2417);
#2416 = CARTESIAN_POINT('',(-3.5,-2.09,0.));
#2417 = VECTOR('',#2418,1.);
#2418 = DIRECTION('',(1.,0.,-0.));
#2419 = ORIENTED_EDGE('',*,*,#2334,.T.);
#2420 = ORIENTED_EDGE('',*,*,#2421,.T.);
#2421 = EDGE_CURVE('',#2337,#2377,#2422,.T.);
#2422 = LINE('',#2423,#2424);
#2423 = CARTESIAN_POINT('',(-3.5,-2.09,0.203));
#2424 = VECTOR('',#2425,1.);
#2425 = DIRECTION('',(1.,0.,-0.));
#2426 = ORIENTED_EDGE('',*,*,#2374,.F.);
#2427 = PLANE('',#2428);
#2428 = AXIS2_PLACEMENT_3D('',#2429,#2430,#2431);
#2429 = CARTESIAN_POINT('',(-3.5,-2.09,0.));
#2430 = DIRECTION('',(-0.,1.,0.));
#2431 = DIRECTION('',(0.,0.,1.));
#2432 = ADVANCED_FACE('',(#2433),#2449,.T.);
#2433 = FACE_BOUND('',#2434,.T.);
#2434 = EDGE_LOOP('',(#2435,#2441,#2442,#2448));
#2435 = ORIENTED_EDGE('',*,*,#2436,.F.);
#2436 = EDGE_CURVE('',#2345,#2385,#2437,.T.);
#2437 = LINE('',#2438,#2439);
#2438 = CARTESIAN_POINT('',(-3.5,-1.91,0.));
#2439 = VECTOR('',#2440,1.);
#2440 = DIRECTION('',(1.,0.,-0.));
#2441 = ORIENTED_EDGE('',*,*,#2352,.T.);
#2442 = ORIENTED_EDGE('',*,*,#2443,.T.);
#2443 = EDGE_CURVE('',#2353,#2393,#2444,.T.);
#2444 = LINE('',#2445,#2446);
#2445 = CARTESIAN_POINT('',(-3.5,-1.91,0.203));
#2446 = VECTOR('',#2447,1.);
#2447 = DIRECTION('',(1.,0.,-0.));
#2448 = ORIENTED_EDGE('',*,*,#2392,.F.);
#2449 = PLANE('',#2450);
#2450 = AXIS2_PLACEMENT_3D('',#2451,#2452,#2453);
#2451 = CARTESIAN_POINT('',(-3.5,-1.91,0.));
#2452 = DIRECTION('',(-0.,1.,0.));
#2453 = DIRECTION('',(0.,0.,1.));
#2454 = ADVANCED_FACE('',(#2455),#2461,.F.);
#2455 = FACE_BOUND('',#2456,.F.);
#2456 = EDGE_LOOP('',(#2457,#2458,#2459,#2460));
#2457 = ORIENTED_EDGE('',*,*,#2344,.F.);
#2458 = ORIENTED_EDGE('',*,*,#2414,.T.);
#2459 = ORIENTED_EDGE('',*,*,#2384,.T.);
#2460 = ORIENTED_EDGE('',*,*,#2436,.F.);
#2461 = PLANE('',#2462);
#2462 = AXIS2_PLACEMENT_3D('',#2463,#2464,#2465);
#2463 = CARTESIAN_POINT('',(-3.5,-2.09,0.));
#2464 = DIRECTION('',(0.,0.,1.));
#2465 = DIRECTION('',(1.,0.,-0.));
#2466 = ADVANCED_FACE('',(#2467),#2473,.T.);
#2467 = FACE_BOUND('',#2468,.T.);
#2468 = EDGE_LOOP('',(#2469,#2470,#2471,#2472));
#2469 = ORIENTED_EDGE('',*,*,#2360,.F.);
#2470 = ORIENTED_EDGE('',*,*,#2421,.T.);
#2471 = ORIENTED_EDGE('',*,*,#2400,.T.);
#2472 = ORIENTED_EDGE('',*,*,#2443,.F.);
#2473 = PLANE('',#2474);
#2474 = AXIS2_PLACEMENT_3D('',#2475,#2476,#2477);
#2475 = CARTESIAN_POINT('',(-3.5,-2.09,0.203));
#2476 = DIRECTION('',(0.,0.,1.));
#2477 = DIRECTION('',(1.,0.,-0.));
#2478 = MANIFOLD_SOLID_BREP('',#2479);
#2479 = CLOSED_SHELL('',(#2480,#2520,#2560,#2582,#2604,#2616));
#2480 = ADVANCED_FACE('',(#2481),#2515,.F.);
#2481 = FACE_BOUND('',#2482,.F.);
#2482 = EDGE_LOOP('',(#2483,#2493,#2501,#2509));
#2483 = ORIENTED_EDGE('',*,*,#2484,.F.);
#2484 = EDGE_CURVE('',#2485,#2487,#2489,.T.);
#2485 = VERTEX_POINT('',#2486);
#2486 = CARTESIAN_POINT('',(3.1,-2.09,0.));
#2487 = VERTEX_POINT('',#2488);
#2488 = CARTESIAN_POINT('',(3.1,-2.09,0.203));
#2489 = LINE('',#2490,#2491);
#2490 = CARTESIAN_POINT('',(3.1,-2.09,0.));
#2491 = VECTOR('',#2492,1.);
#2492 = DIRECTION('',(0.,0.,1.));
#2493 = ORIENTED_EDGE('',*,*,#2494,.T.);
#2494 = EDGE_CURVE('',#2485,#2495,#2497,.T.);
#2495 = VERTEX_POINT('',#2496);
#2496 = CARTESIAN_POINT('',(3.1,-1.91,0.));
#2497 = LINE('',#2498,#2499);
#2498 = CARTESIAN_POINT('',(3.1,-2.09,0.));
#2499 = VECTOR('',#2500,1.);
#2500 = DIRECTION('',(-0.,1.,0.));
#2501 = ORIENTED_EDGE('',*,*,#2502,.T.);
#2502 = EDGE_CURVE('',#2495,#2503,#2505,.T.);
#2503 = VERTEX_POINT('',#2504);
#2504 = CARTESIAN_POINT('',(3.1,-1.91,0.203));
#2505 = LINE('',#2506,#2507);
#2506 = CARTESIAN_POINT('',(3.1,-1.91,0.));
#2507 = VECTOR('',#2508,1.);
#2508 = DIRECTION('',(0.,0.,1.));
#2509 = ORIENTED_EDGE('',*,*,#2510,.F.);
#2510 = EDGE_CURVE('',#2487,#2503,#2511,.T.);
#2511 = LINE('',#2512,#2513);
#2512 = CARTESIAN_POINT('',(3.1,-2.09,0.203));
#2513 = VECTOR('',#2514,1.);
#2514 = DIRECTION('',(-0.,1.,0.));
#2515 = PLANE('',#2516);
#2516 = AXIS2_PLACEMENT_3D('',#2517,#2518,#2519);
#2517 = CARTESIAN_POINT('',(3.1,-2.09,0.));
#2518 = DIRECTION('',(1.,0.,-0.));
#2519 = DIRECTION('',(0.,0.,1.));
#2520 = ADVANCED_FACE('',(#2521),#2555,.T.);
#2521 = FACE_BOUND('',#2522,.T.);
#2522 = EDGE_LOOP('',(#2523,#2533,#2541,#2549));
#2523 = ORIENTED_EDGE('',*,*,#2524,.F.);
#2524 = EDGE_CURVE('',#2525,#2527,#2529,.T.);
#2525 = VERTEX_POINT('',#2526);
#2526 = CARTESIAN_POINT('',(3.5,-2.09,0.));
#2527 = VERTEX_POINT('',#2528);
#2528 = CARTESIAN_POINT('',(3.5,-2.09,0.203));
#2529 = LINE('',#2530,#2531);
#2530 = CARTESIAN_POINT('',(3.5,-2.09,0.));
#2531 = VECTOR('',#2532,1.);
#2532 = DIRECTION('',(0.,0.,1.));
#2533 = ORIENTED_EDGE('',*,*,#2534,.T.);
#2534 = EDGE_CURVE('',#2525,#2535,#2537,.T.);
#2535 = VERTEX_POINT('',#2536);
#2536 = CARTESIAN_POINT('',(3.5,-1.91,0.));
#2537 = LINE('',#2538,#2539);
#2538 = CARTESIAN_POINT('',(3.5,-2.09,0.));
#2539 = VECTOR('',#2540,1.);
#2540 = DIRECTION('',(-0.,1.,0.));
#2541 = ORIENTED_EDGE('',*,*,#2542,.T.);
#2542 = EDGE_CURVE('',#2535,#2543,#2545,.T.);
#2543 = VERTEX_POINT('',#2544);
#2544 = CARTESIAN_POINT('',(3.5,-1.91,0.203));
#2545 = LINE('',#2546,#2547);
#2546 = CARTESIAN_POINT('',(3.5,-1.91,0.));
#2547 = VECTOR('',#2548,1.);
#2548 = DIRECTION('',(0.,0.,1.));
#2549 = ORIENTED_EDGE('',*,*,#2550,.F.);
#2550 = EDGE_CURVE('',#2527,#2543,#2551,.T.);
#2551 = LINE('',#2552,#2553);
#2552 = CARTESIAN_POINT('',(3.5,-2.09,0.203));
#2553 = VECTOR('',#2554,1.);
#2554 = DIRECTION('',(-0.,1.,0.));
#2555 = PLANE('',#2556);
#2556 = AXIS2_PLACEMENT_3D('',#2557,#2558,#2559);
#2557 = CARTESIAN_POINT('',(3.5,-2.09,0.));
#2558 = DIRECTION('',(1.,0.,-0.));
#2559 = DIRECTION('',(0.,0.,1.));
#2560 = ADVANCED_FACE('',(#2561),#2577,.F.);
#2561 = FACE_BOUND('',#2562,.F.);
#2562 = EDGE_LOOP('',(#2563,#2569,#2570,#2576));
#2563 = ORIENTED_EDGE('',*,*,#2564,.F.);
#2564 = EDGE_CURVE('',#2485,#2525,#2565,.T.);
#2565 = LINE('',#2566,#2567);
#2566 = CARTESIAN_POINT('',(3.1,-2.09,0.));
#2567 = VECTOR('',#2568,1.);
#2568 = DIRECTION('',(1.,0.,-0.));
#2569 = ORIENTED_EDGE('',*,*,#2484,.T.);
#2570 = ORIENTED_EDGE('',*,*,#2571,.T.);
#2571 = EDGE_CURVE('',#2487,#2527,#2572,.T.);
#2572 = LINE('',#2573,#2574);
#2573 = CARTESIAN_POINT('',(3.1,-2.09,0.203));
#2574 = VECTOR('',#2575,1.);
#2575 = DIRECTION('',(1.,0.,-0.));
#2576 = ORIENTED_EDGE('',*,*,#2524,.F.);
#2577 = PLANE('',#2578);
#2578 = AXIS2_PLACEMENT_3D('',#2579,#2580,#2581);
#2579 = CARTESIAN_POINT('',(3.1,-2.09,0.));
#2580 = DIRECTION('',(-0.,1.,0.));
#2581 = DIRECTION('',(0.,0.,1.));
#2582 = ADVANCED_FACE('',(#2583),#2599,.T.);
#2583 = FACE_BOUND('',#2584,.T.);
#2584 = EDGE_LOOP('',(#2585,#2591,#2592,#2598));
#2585 = ORIENTED_EDGE('',*,*,#2586,.F.);
#2586 = EDGE_CURVE('',#2495,#2535,#2587,.T.);
#2587 = LINE('',#2588,#2589);
#2588 = CARTESIAN_POINT('',(3.1,-1.91,0.));
#2589 = VECTOR('',#2590,1.);
#2590 = DIRECTION('',(1.,0.,-0.));
#2591 = ORIENTED_EDGE('',*,*,#2502,.T.);
#2592 = ORIENTED_EDGE('',*,*,#2593,.T.);
#2593 = EDGE_CURVE('',#2503,#2543,#2594,.T.);
#2594 = LINE('',#2595,#2596);
#2595 = CARTESIAN_POINT('',(3.1,-1.91,0.203));
#2596 = VECTOR('',#2597,1.);
#2597 = DIRECTION('',(1.,0.,-0.));
#2598 = ORIENTED_EDGE('',*,*,#2542,.F.);
#2599 = PLANE('',#2600);
#2600 = AXIS2_PLACEMENT_3D('',#2601,#2602,#2603);
#2601 = CARTESIAN_POINT('',(3.1,-1.91,0.));
#2602 = DIRECTION('',(-0.,1.,0.));
#2603 = DIRECTION('',(0.,0.,1.));
#2604 = ADVANCED_FACE('',(#2605),#2611,.F.);
#2605 = FACE_BOUND('',#2606,.F.);
#2606 = EDGE_LOOP('',(#2607,#2608,#2609,#2610));
#2607 = ORIENTED_EDGE('',*,*,#2494,.F.);
#2608 = ORIENTED_EDGE('',*,*,#2564,.T.);
#2609 = ORIENTED_EDGE('',*,*,#2534,.T.);
#2610 = ORIENTED_EDGE('',*,*,#2586,.F.);
#2611 = PLANE('',#2612);
#2612 = AXIS2_PLACEMENT_3D('',#2613,#2614,#2615);
#2613 = CARTESIAN_POINT('',(3.1,-2.09,0.));
#2614 = DIRECTION('',(0.,0.,1.));
#2615 = DIRECTION('',(1.,0.,-0.));
#2616 = ADVANCED_FACE('',(#2617),#2623,.T.);
#2617 = FACE_BOUND('',#2618,.T.);
#2618 = EDGE_LOOP('',(#2619,#2620,#2621,#2622));
#2619 = ORIENTED_EDGE('',*,*,#2510,.F.);
#2620 = ORIENTED_EDGE('',*,*,#2571,.T.);
#2621 = ORIENTED_EDGE('',*,*,#2550,.T.);
#2622 = ORIENTED_EDGE('',*,*,#2593,.F.);
#2623 = PLANE('',#2624);
#2624 = AXIS2_PLACEMENT_3D('',#2625,#2626,#2627);
#2625 = CARTESIAN_POINT('',(3.1,-2.09,0.203));
#2626 = DIRECTION('',(0.,0.,1.));
#2627 = DIRECTION('',(1.,0.,-0.));
#2628 = MANIFOLD_SOLID_BREP('',#2629);
#2629 = CLOSED_SHELL('',(#2630,#2670,#2710,#2732,#2754,#2766));
#2630 = ADVANCED_FACE('',(#2631),#2665,.F.);
#2631 = FACE_BOUND('',#2632,.F.);
#2632 = EDGE_LOOP('',(#2633,#2643,#2651,#2659));
#2633 = ORIENTED_EDGE('',*,*,#2634,.F.);
#2634 = EDGE_CURVE('',#2635,#2637,#2639,.T.);
#2635 = VERTEX_POINT('',#2636);
#2636 = CARTESIAN_POINT('',(-1.69,-3.5,0.));
#2637 = VERTEX_POINT('',#2638);
#2638 = CARTESIAN_POINT('',(-1.69,-3.5,0.203));
#2639 = LINE('',#2640,#2641);
#2640 = CARTESIAN_POINT('',(-1.69,-3.5,0.));
#2641 = VECTOR('',#2642,1.);
#2642 = DIRECTION('',(0.,0.,1.));
#2643 = ORIENTED_EDGE('',*,*,#2644,.T.);
#2644 = EDGE_CURVE('',#2635,#2645,#2647,.T.);
#2645 = VERTEX_POINT('',#2646);
#2646 = CARTESIAN_POINT('',(-1.69,-3.1,0.));
#2647 = LINE('',#2648,#2649);
#2648 = CARTESIAN_POINT('',(-1.69,-3.5,0.));
#2649 = VECTOR('',#2650,1.);
#2650 = DIRECTION('',(-0.,1.,0.));
#2651 = ORIENTED_EDGE('',*,*,#2652,.T.);
#2652 = EDGE_CURVE('',#2645,#2653,#2655,.T.);
#2653 = VERTEX_POINT('',#2654);
#2654 = CARTESIAN_POINT('',(-1.69,-3.1,0.203));
#2655 = LINE('',#2656,#2657);
#2656 = CARTESIAN_POINT('',(-1.69,-3.1,0.));
#2657 = VECTOR('',#2658,1.);
#2658 = DIRECTION('',(0.,0.,1.));
#2659 = ORIENTED_EDGE('',*,*,#2660,.F.);
#2660 = EDGE_CURVE('',#2637,#2653,#2661,.T.);
#2661 = LINE('',#2662,#2663);
#2662 = CARTESIAN_POINT('',(-1.69,-3.5,0.203));
#2663 = VECTOR('',#2664,1.);
#2664 = DIRECTION('',(-0.,1.,0.));
#2665 = PLANE('',#2666);
#2666 = AXIS2_PLACEMENT_3D('',#2667,#2668,#2669);
#2667 = CARTESIAN_POINT('',(-1.69,-3.5,0.));
#2668 = DIRECTION('',(1.,0.,-0.));
#2669 = DIRECTION('',(0.,0.,1.));
#2670 = ADVANCED_FACE('',(#2671),#2705,.T.);
#2671 = FACE_BOUND('',#2672,.T.);
#2672 = EDGE_LOOP('',(#2673,#2683,#2691,#2699));
#2673 = ORIENTED_EDGE('',*,*,#2674,.F.);
#2674 = EDGE_CURVE('',#2675,#2677,#2679,.T.);
#2675 = VERTEX_POINT('',#2676);
#2676 = CARTESIAN_POINT('',(-1.51,-3.5,0.));
#2677 = VERTEX_POINT('',#2678);
#2678 = CARTESIAN_POINT('',(-1.51,-3.5,0.203));
#2679 = LINE('',#2680,#2681);
#2680 = CARTESIAN_POINT('',(-1.51,-3.5,0.));
#2681 = VECTOR('',#2682,1.);
#2682 = DIRECTION('',(0.,0.,1.));
#2683 = ORIENTED_EDGE('',*,*,#2684,.T.);
#2684 = EDGE_CURVE('',#2675,#2685,#2687,.T.);
#2685 = VERTEX_POINT('',#2686);
#2686 = CARTESIAN_POINT('',(-1.51,-3.1,0.));
#2687 = LINE('',#2688,#2689);
#2688 = CARTESIAN_POINT('',(-1.51,-3.5,0.));
#2689 = VECTOR('',#2690,1.);
#2690 = DIRECTION('',(-0.,1.,0.));
#2691 = ORIENTED_EDGE('',*,*,#2692,.T.);
#2692 = EDGE_CURVE('',#2685,#2693,#2695,.T.);
#2693 = VERTEX_POINT('',#2694);
#2694 = CARTESIAN_POINT('',(-1.51,-3.1,0.203));
#2695 = LINE('',#2696,#2697);
#2696 = CARTESIAN_POINT('',(-1.51,-3.1,0.));
#2697 = VECTOR('',#2698,1.);
#2698 = DIRECTION('',(0.,0.,1.));
#2699 = ORIENTED_EDGE('',*,*,#2700,.F.);
#2700 = EDGE_CURVE('',#2677,#2693,#2701,.T.);
#2701 = LINE('',#2702,#2703);
#2702 = CARTESIAN_POINT('',(-1.51,-3.5,0.203));
#2703 = VECTOR('',#2704,1.);
#2704 = DIRECTION('',(-0.,1.,0.));
#2705 = PLANE('',#2706);
#2706 = AXIS2_PLACEMENT_3D('',#2707,#2708,#2709);
#2707 = CARTESIAN_POINT('',(-1.51,-3.5,0.));
#2708 = DIRECTION('',(1.,0.,-0.));
#2709 = DIRECTION('',(0.,0.,1.));
#2710 = ADVANCED_FACE('',(#2711),#2727,.F.);
#2711 = FACE_BOUND('',#2712,.F.);
#2712 = EDGE_LOOP('',(#2713,#2719,#2720,#2726));
#2713 = ORIENTED_EDGE('',*,*,#2714,.F.);
#2714 = EDGE_CURVE('',#2635,#2675,#2715,.T.);
#2715 = LINE('',#2716,#2717);
#2716 = CARTESIAN_POINT('',(-1.69,-3.5,0.));
#2717 = VECTOR('',#2718,1.);
#2718 = DIRECTION('',(1.,0.,-0.));
#2719 = ORIENTED_EDGE('',*,*,#2634,.T.);
#2720 = ORIENTED_EDGE('',*,*,#2721,.T.);
#2721 = EDGE_CURVE('',#2637,#2677,#2722,.T.);
#2722 = LINE('',#2723,#2724);
#2723 = CARTESIAN_POINT('',(-1.69,-3.5,0.203));
#2724 = VECTOR('',#2725,1.);
#2725 = DIRECTION('',(1.,0.,-0.));
#2726 = ORIENTED_EDGE('',*,*,#2674,.F.);
#2727 = PLANE('',#2728);
#2728 = AXIS2_PLACEMENT_3D('',#2729,#2730,#2731);
#2729 = CARTESIAN_POINT('',(-1.69,-3.5,0.));
#2730 = DIRECTION('',(-0.,1.,0.));
#2731 = DIRECTION('',(0.,0.,1.));
#2732 = ADVANCED_FACE('',(#2733),#2749,.T.);
#2733 = FACE_BOUND('',#2734,.T.);
#2734 = EDGE_LOOP('',(#2735,#2741,#2742,#2748));
#2735 = ORIENTED_EDGE('',*,*,#2736,.F.);
#2736 = EDGE_CURVE('',#2645,#2685,#2737,.T.);
#2737 = LINE('',#2738,#2739);
#2738 = CARTESIAN_POINT('',(-1.69,-3.1,0.));
#2739 = VECTOR('',#2740,1.);
#2740 = DIRECTION('',(1.,0.,-0.));
#2741 = ORIENTED_EDGE('',*,*,#2652,.T.);
#2742 = ORIENTED_EDGE('',*,*,#2743,.T.);
#2743 = EDGE_CURVE('',#2653,#2693,#2744,.T.);
#2744 = LINE('',#2745,#2746);
#2745 = CARTESIAN_POINT('',(-1.69,-3.1,0.203));
#2746 = VECTOR('',#2747,1.);
#2747 = DIRECTION('',(1.,0.,-0.));
#2748 = ORIENTED_EDGE('',*,*,#2692,.F.);
#2749 = PLANE('',#2750);
#2750 = AXIS2_PLACEMENT_3D('',#2751,#2752,#2753);
#2751 = CARTESIAN_POINT('',(-1.69,-3.1,0.));
#2752 = DIRECTION('',(-0.,1.,0.));
#2753 = DIRECTION('',(0.,0.,1.));
#2754 = ADVANCED_FACE('',(#2755),#2761,.F.);
#2755 = FACE_BOUND('',#2756,.F.);
#2756 = EDGE_LOOP('',(#2757,#2758,#2759,#2760));
#2757 = ORIENTED_EDGE('',*,*,#2644,.F.);
#2758 = ORIENTED_EDGE('',*,*,#2714,.T.);
#2759 = ORIENTED_EDGE('',*,*,#2684,.T.);
#2760 = ORIENTED_EDGE('',*,*,#2736,.F.);
#2761 = PLANE('',#2762);
#2762 = AXIS2_PLACEMENT_3D('',#2763,#2764,#2765);
#2763 = CARTESIAN_POINT('',(-1.69,-3.5,0.));
#2764 = DIRECTION('',(0.,0.,1.));
#2765 = DIRECTION('',(1.,0.,-0.));
#2766 = ADVANCED_FACE('',(#2767),#2773,.T.);
#2767 = FACE_BOUND('',#2768,.T.);
#2768 = EDGE_LOOP('',(#2769,#2770,#2771,#2772));
#2769 = ORIENTED_EDGE('',*,*,#2660,.F.);
#2770 = ORIENTED_EDGE('',*,*,#2721,.T.);
#2771 = ORIENTED_EDGE('',*,*,#2700,.T.);
#2772 = ORIENTED_EDGE('',*,*,#2743,.F.);
#2773 = PLANE('',#2774);
#2774 = AXIS2_PLACEMENT_3D('',#2775,#2776,#2777);
#2775 = CARTESIAN_POINT('',(-1.69,-3.5,0.203));
#2776 = DIRECTION('',(0.,0.,1.));
#2777 = DIRECTION('',(1.,0.,-0.));
#2778 = MANIFOLD_SOLID_BREP('',#2779);
#2779 = CLOSED_SHELL('',(#2780,#2820,#2860,#2882,#2904,#2916));
#2780 = ADVANCED_FACE('',(#2781),#2815,.F.);
#2781 = FACE_BOUND('',#2782,.F.);
#2782 = EDGE_LOOP('',(#2783,#2793,#2801,#2809));
#2783 = ORIENTED_EDGE('',*,*,#2784,.F.);
#2784 = EDGE_CURVE('',#2785,#2787,#2789,.T.);
#2785 = VERTEX_POINT('',#2786);
#2786 = CARTESIAN_POINT('',(-1.69,3.1,0.));
#2787 = VERTEX_POINT('',#2788);
#2788 = CARTESIAN_POINT('',(-1.69,3.1,0.203));
#2789 = LINE('',#2790,#2791);
#2790 = CARTESIAN_POINT('',(-1.69,3.1,0.));
#2791 = VECTOR('',#2792,1.);
#2792 = DIRECTION('',(0.,0.,1.));
#2793 = ORIENTED_EDGE('',*,*,#2794,.T.);
#2794 = EDGE_CURVE('',#2785,#2795,#2797,.T.);
#2795 = VERTEX_POINT('',#2796);
#2796 = CARTESIAN_POINT('',(-1.69,3.5,0.));
#2797 = LINE('',#2798,#2799);
#2798 = CARTESIAN_POINT('',(-1.69,3.1,0.));
#2799 = VECTOR('',#2800,1.);
#2800 = DIRECTION('',(-0.,1.,0.));
#2801 = ORIENTED_EDGE('',*,*,#2802,.T.);
#2802 = EDGE_CURVE('',#2795,#2803,#2805,.T.);
#2803 = VERTEX_POINT('',#2804);
#2804 = CARTESIAN_POINT('',(-1.69,3.5,0.203));
#2805 = LINE('',#2806,#2807);
#2806 = CARTESIAN_POINT('',(-1.69,3.5,0.));
#2807 = VECTOR('',#2808,1.);
#2808 = DIRECTION('',(0.,0.,1.));
#2809 = ORIENTED_EDGE('',*,*,#2810,.F.);
#2810 = EDGE_CURVE('',#2787,#2803,#2811,.T.);
#2811 = LINE('',#2812,#2813);
#2812 = CARTESIAN_POINT('',(-1.69,3.1,0.203));
#2813 = VECTOR('',#2814,1.);
#2814 = DIRECTION('',(-0.,1.,0.));
#2815 = PLANE('',#2816);
#2816 = AXIS2_PLACEMENT_3D('',#2817,#2818,#2819);
#2817 = CARTESIAN_POINT('',(-1.69,3.1,0.));
#2818 = DIRECTION('',(1.,0.,-0.));
#2819 = DIRECTION('',(0.,0.,1.));
#2820 = ADVANCED_FACE('',(#2821),#2855,.T.);
#2821 = FACE_BOUND('',#2822,.T.);
#2822 = EDGE_LOOP('',(#2823,#2833,#2841,#2849));
#2823 = ORIENTED_EDGE('',*,*,#2824,.F.);
#2824 = EDGE_CURVE('',#2825,#2827,#2829,.T.);
#2825 = VERTEX_POINT('',#2826);
#2826 = CARTESIAN_POINT('',(-1.51,3.1,0.));
#2827 = VERTEX_POINT('',#2828);
#2828 = CARTESIAN_POINT('',(-1.51,3.1,0.203));
#2829 = LINE('',#2830,#2831);
#2830 = CARTESIAN_POINT('',(-1.51,3.1,0.));
#2831 = VECTOR('',#2832,1.);
#2832 = DIRECTION('',(0.,0.,1.));
#2833 = ORIENTED_EDGE('',*,*,#2834,.T.);
#2834 = EDGE_CURVE('',#2825,#2835,#2837,.T.);
#2835 = VERTEX_POINT('',#2836);
#2836 = CARTESIAN_POINT('',(-1.51,3.5,0.));
#2837 = LINE('',#2838,#2839);
#2838 = CARTESIAN_POINT('',(-1.51,3.1,0.));
#2839 = VECTOR('',#2840,1.);
#2840 = DIRECTION('',(-0.,1.,0.));
#2841 = ORIENTED_EDGE('',*,*,#2842,.T.);
#2842 = EDGE_CURVE('',#2835,#2843,#2845,.T.);
#2843 = VERTEX_POINT('',#2844);
#2844 = CARTESIAN_POINT('',(-1.51,3.5,0.203));
#2845 = LINE('',#2846,#2847);
#2846 = CARTESIAN_POINT('',(-1.51,3.5,0.));
#2847 = VECTOR('',#2848,1.);
#2848 = DIRECTION('',(0.,0.,1.));
#2849 = ORIENTED_EDGE('',*,*,#2850,.F.);
#2850 = EDGE_CURVE('',#2827,#2843,#2851,.T.);
#2851 = LINE('',#2852,#2853);
#2852 = CARTESIAN_POINT('',(-1.51,3.1,0.203));
#2853 = VECTOR('',#2854,1.);
#2854 = DIRECTION('',(-0.,1.,0.));
#2855 = PLANE('',#2856);
#2856 = AXIS2_PLACEMENT_3D('',#2857,#2858,#2859);
#2857 = CARTESIAN_POINT('',(-1.51,3.1,0.));
#2858 = DIRECTION('',(1.,0.,-0.));
#2859 = DIRECTION('',(0.,0.,1.));
#2860 = ADVANCED_FACE('',(#2861),#2877,.F.);
#2861 = FACE_BOUND('',#2862,.F.);
#2862 = EDGE_LOOP('',(#2863,#2869,#2870,#2876));
#2863 = ORIENTED_EDGE('',*,*,#2864,.F.);
#2864 = EDGE_CURVE('',#2785,#2825,#2865,.T.);
#2865 = LINE('',#2866,#2867);
#2866 = CARTESIAN_POINT('',(-1.69,3.1,0.));
#2867 = VECTOR('',#2868,1.);
#2868 = DIRECTION('',(1.,0.,-0.));
#2869 = ORIENTED_EDGE('',*,*,#2784,.T.);
#2870 = ORIENTED_EDGE('',*,*,#2871,.T.);
#2871 = EDGE_CURVE('',#2787,#2827,#2872,.T.);
#2872 = LINE('',#2873,#2874);
#2873 = CARTESIAN_POINT('',(-1.69,3.1,0.203));
#2874 = VECTOR('',#2875,1.);
#2875 = DIRECTION('',(1.,0.,-0.));
#2876 = ORIENTED_EDGE('',*,*,#2824,.F.);
#2877 = PLANE('',#2878);
#2878 = AXIS2_PLACEMENT_3D('',#2879,#2880,#2881);
#2879 = CARTESIAN_POINT('',(-1.69,3.1,0.));
#2880 = DIRECTION('',(-0.,1.,0.));
#2881 = DIRECTION('',(0.,0.,1.));
#2882 = ADVANCED_FACE('',(#2883),#2899,.T.);
#2883 = FACE_BOUND('',#2884,.T.);
#2884 = EDGE_LOOP('',(#2885,#2891,#2892,#2898));
#2885 = ORIENTED_EDGE('',*,*,#2886,.F.);
#2886 = EDGE_CURVE('',#2795,#2835,#2887,.T.);
#2887 = LINE('',#2888,#2889);
#2888 = CARTESIAN_POINT('',(-1.69,3.5,0.));
#2889 = VECTOR('',#2890,1.);
#2890 = DIRECTION('',(1.,0.,-0.));
#2891 = ORIENTED_EDGE('',*,*,#2802,.T.);
#2892 = ORIENTED_EDGE('',*,*,#2893,.T.);
#2893 = EDGE_CURVE('',#2803,#2843,#2894,.T.);
#2894 = LINE('',#2895,#2896);
#2895 = CARTESIAN_POINT('',(-1.69,3.5,0.203));
#2896 = VECTOR('',#2897,1.);
#2897 = DIRECTION('',(1.,0.,-0.));
#2898 = ORIENTED_EDGE('',*,*,#2842,.F.);
#2899 = PLANE('',#2900);
#2900 = AXIS2_PLACEMENT_3D('',#2901,#2902,#2903);
#2901 = CARTESIAN_POINT('',(-1.69,3.5,0.));
#2902 = DIRECTION('',(-0.,1.,0.));
#2903 = DIRECTION('',(0.,0.,1.));
#2904 = ADVANCED_FACE('',(#2905),#2911,.F.);
#2905 = FACE_BOUND('',#2906,.F.);
#2906 = EDGE_LOOP('',(#2907,#2908,#2909,#2910));
#2907 = ORIENTED_EDGE('',*,*,#2794,.F.);
#2908 = ORIENTED_EDGE('',*,*,#2864,.T.);
#2909 = ORIENTED_EDGE('',*,*,#2834,.T.);
#2910 = ORIENTED_EDGE('',*,*,#2886,.F.);
#2911 = PLANE('',#2912);
#2912 = AXIS2_PLACEMENT_3D('',#2913,#2914,#2915);
#2913 = CARTESIAN_POINT('',(-1.69,3.1,0.));
#2914 = DIRECTION('',(0.,0.,1.));
#2915 = DIRECTION('',(1.,0.,-0.));
#2916 = ADVANCED_FACE('',(#2917),#2923,.T.);
#2917 = FACE_BOUND('',#2918,.T.);
#2918 = EDGE_LOOP('',(#2919,#2920,#2921,#2922));
#2919 = ORIENTED_EDGE('',*,*,#2810,.F.);
#2920 = ORIENTED_EDGE('',*,*,#2871,.T.);
#2921 = ORIENTED_EDGE('',*,*,#2850,.T.);
#2922 = ORIENTED_EDGE('',*,*,#2893,.F.);
#2923 = PLANE('',#2924);
#2924 = AXIS2_PLACEMENT_3D('',#2925,#2926,#2927);
#2925 = CARTESIAN_POINT('',(-1.69,3.1,0.203));
#2926 = DIRECTION('',(0.,0.,1.));
#2927 = DIRECTION('',(1.,0.,-0.));
#2928 = MANIFOLD_SOLID_BREP('',#2929);
#2929 = CLOSED_SHELL('',(#2930,#2970,#3010,#3032,#3054,#3066));
#2930 = ADVANCED_FACE('',(#2931),#2965,.F.);
#2931 = FACE_BOUND('',#2932,.F.);
#2932 = EDGE_LOOP('',(#2933,#2943,#2951,#2959));
#2933 = ORIENTED_EDGE('',*,*,#2934,.F.);
#2934 = EDGE_CURVE('',#2935,#2937,#2939,.T.);
#2935 = VERTEX_POINT('',#2936);
#2936 = CARTESIAN_POINT('',(-3.5,-1.69,0.));
#2937 = VERTEX_POINT('',#2938);
#2938 = CARTESIAN_POINT('',(-3.5,-1.69,0.203));
#2939 = LINE('',#2940,#2941);
#2940 = CARTESIAN_POINT('',(-3.5,-1.69,0.));
#2941 = VECTOR('',#2942,1.);
#2942 = DIRECTION('',(0.,0.,1.));
#2943 = ORIENTED_EDGE('',*,*,#2944,.T.);
#2944 = EDGE_CURVE('',#2935,#2945,#2947,.T.);
#2945 = VERTEX_POINT('',#2946);
#2946 = CARTESIAN_POINT('',(-3.5,-1.51,0.));
#2947 = LINE('',#2948,#2949);
#2948 = CARTESIAN_POINT('',(-3.5,-1.69,0.));
#2949 = VECTOR('',#2950,1.);
#2950 = DIRECTION('',(-0.,1.,0.));
#2951 = ORIENTED_EDGE('',*,*,#2952,.T.);
#2952 = EDGE_CURVE('',#2945,#2953,#2955,.T.);
#2953 = VERTEX_POINT('',#2954);
#2954 = CARTESIAN_POINT('',(-3.5,-1.51,0.203));
#2955 = LINE('',#2956,#2957);
#2956 = CARTESIAN_POINT('',(-3.5,-1.51,0.));
#2957 = VECTOR('',#2958,1.);
#2958 = DIRECTION('',(0.,0.,1.));
#2959 = ORIENTED_EDGE('',*,*,#2960,.F.);
#2960 = EDGE_CURVE('',#2937,#2953,#2961,.T.);
#2961 = LINE('',#2962,#2963);
#2962 = CARTESIAN_POINT('',(-3.5,-1.69,0.203));
#2963 = VECTOR('',#2964,1.);
#2964 = DIRECTION('',(-0.,1.,0.));
#2965 = PLANE('',#2966);
#2966 = AXIS2_PLACEMENT_3D('',#2967,#2968,#2969);
#2967 = CARTESIAN_POINT('',(-3.5,-1.69,0.));
#2968 = DIRECTION('',(1.,0.,-0.));
#2969 = DIRECTION('',(0.,0.,1.));
#2970 = ADVANCED_FACE('',(#2971),#3005,.T.);
#2971 = FACE_BOUND('',#2972,.T.);
#2972 = EDGE_LOOP('',(#2973,#2983,#2991,#2999));
#2973 = ORIENTED_EDGE('',*,*,#2974,.F.);
#2974 = EDGE_CURVE('',#2975,#2977,#2979,.T.);
#2975 = VERTEX_POINT('',#2976);
#2976 = CARTESIAN_POINT('',(-3.1,-1.69,0.));
#2977 = VERTEX_POINT('',#2978);
#2978 = CARTESIAN_POINT('',(-3.1,-1.69,0.203));
#2979 = LINE('',#2980,#2981);
#2980 = CARTESIAN_POINT('',(-3.1,-1.69,0.));
#2981 = VECTOR('',#2982,1.);
#2982 = DIRECTION('',(0.,0.,1.));
#2983 = ORIENTED_EDGE('',*,*,#2984,.T.);
#2984 = EDGE_CURVE('',#2975,#2985,#2987,.T.);
#2985 = VERTEX_POINT('',#2986);
#2986 = CARTESIAN_POINT('',(-3.1,-1.51,0.));
#2987 = LINE('',#2988,#2989);
#2988 = CARTESIAN_POINT('',(-3.1,-1.69,0.));
#2989 = VECTOR('',#2990,1.);
#2990 = DIRECTION('',(-0.,1.,0.));
#2991 = ORIENTED_EDGE('',*,*,#2992,.T.);
#2992 = EDGE_CURVE('',#2985,#2993,#2995,.T.);
#2993 = VERTEX_POINT('',#2994);
#2994 = CARTESIAN_POINT('',(-3.1,-1.51,0.203));
#2995 = LINE('',#2996,#2997);
#2996 = CARTESIAN_POINT('',(-3.1,-1.51,0.));
#2997 = VECTOR('',#2998,1.);
#2998 = DIRECTION('',(0.,0.,1.));
#2999 = ORIENTED_EDGE('',*,*,#3000,.F.);
#3000 = EDGE_CURVE('',#2977,#2993,#3001,.T.);
#3001 = LINE('',#3002,#3003);
#3002 = CARTESIAN_POINT('',(-3.1,-1.69,0.203));
#3003 = VECTOR('',#3004,1.);
#3004 = DIRECTION('',(-0.,1.,0.));
#3005 = PLANE('',#3006);
#3006 = AXIS2_PLACEMENT_3D('',#3007,#3008,#3009);
#3007 = CARTESIAN_POINT('',(-3.1,-1.69,0.));
#3008 = DIRECTION('',(1.,0.,-0.));
#3009 = DIRECTION('',(0.,0.,1.));
#3010 = ADVANCED_FACE('',(#3011),#3027,.F.);
#3011 = FACE_BOUND('',#3012,.F.);
#3012 = EDGE_LOOP('',(#3013,#3019,#3020,#3026));
#3013 = ORIENTED_EDGE('',*,*,#3014,.F.);
#3014 = EDGE_CURVE('',#2935,#2975,#3015,.T.);
#3015 = LINE('',#3016,#3017);
#3016 = CARTESIAN_POINT('',(-3.5,-1.69,0.));
#3017 = VECTOR('',#3018,1.);
#3018 = DIRECTION('',(1.,0.,-0.));
#3019 = ORIENTED_EDGE('',*,*,#2934,.T.);
#3020 = ORIENTED_EDGE('',*,*,#3021,.T.);
#3021 = EDGE_CURVE('',#2937,#2977,#3022,.T.);
#3022 = LINE('',#3023,#3024);
#3023 = CARTESIAN_POINT('',(-3.5,-1.69,0.203));
#3024 = VECTOR('',#3025,1.);
#3025 = DIRECTION('',(1.,0.,-0.));
#3026 = ORIENTED_EDGE('',*,*,#2974,.F.);
#3027 = PLANE('',#3028);
#3028 = AXIS2_PLACEMENT_3D('',#3029,#3030,#3031);
#3029 = CARTESIAN_POINT('',(-3.5,-1.69,0.));
#3030 = DIRECTION('',(-0.,1.,0.));
#3031 = DIRECTION('',(0.,0.,1.));
#3032 = ADVANCED_FACE('',(#3033),#3049,.T.);
#3033 = FACE_BOUND('',#3034,.T.);
#3034 = EDGE_LOOP('',(#3035,#3041,#3042,#3048));
#3035 = ORIENTED_EDGE('',*,*,#3036,.F.);
#3036 = EDGE_CURVE('',#2945,#2985,#3037,.T.);
#3037 = LINE('',#3038,#3039);
#3038 = CARTESIAN_POINT('',(-3.5,-1.51,0.));
#3039 = VECTOR('',#3040,1.);
#3040 = DIRECTION('',(1.,0.,-0.));
#3041 = ORIENTED_EDGE('',*,*,#2952,.T.);
#3042 = ORIENTED_EDGE('',*,*,#3043,.T.);
#3043 = EDGE_CURVE('',#2953,#2993,#3044,.T.);
#3044 = LINE('',#3045,#3046);
#3045 = CARTESIAN_POINT('',(-3.5,-1.51,0.203));
#3046 = VECTOR('',#3047,1.);
#3047 = DIRECTION('',(1.,0.,-0.));
#3048 = ORIENTED_EDGE('',*,*,#2992,.F.);
#3049 = PLANE('',#3050);
#3050 = AXIS2_PLACEMENT_3D('',#3051,#3052,#3053);
#3051 = CARTESIAN_POINT('',(-3.5,-1.51,0.));
#3052 = DIRECTION('',(-0.,1.,0.));
#3053 = DIRECTION('',(0.,0.,1.));
#3054 = ADVANCED_FACE('',(#3055),#3061,.F.);
#3055 = FACE_BOUND('',#3056,.F.);
#3056 = EDGE_LOOP('',(#3057,#3058,#3059,#3060));
#3057 = ORIENTED_EDGE('',*,*,#2944,.F.);
#3058 = ORIENTED_EDGE('',*,*,#3014,.T.);
#3059 = ORIENTED_EDGE('',*,*,#2984,.T.);
#3060 = ORIENTED_EDGE('',*,*,#3036,.F.);
#3061 = PLANE('',#3062);
#3062 = AXIS2_PLACEMENT_3D('',#3063,#3064,#3065);
#3063 = CARTESIAN_POINT('',(-3.5,-1.69,0.));
#3064 = DIRECTION('',(0.,0.,1.));
#3065 = DIRECTION('',(1.,0.,-0.));
#3066 = ADVANCED_FACE('',(#3067),#3073,.T.);
#3067 = FACE_BOUND('',#3068,.T.);
#3068 = EDGE_LOOP('',(#3069,#3070,#3071,#3072));
#3069 = ORIENTED_EDGE('',*,*,#2960,.F.);
#3070 = ORIENTED_EDGE('',*,*,#3021,.T.);
#3071 = ORIENTED_EDGE('',*,*,#3000,.T.);
#3072 = ORIENTED_EDGE('',*,*,#3043,.F.);
#3073 = PLANE('',#3074);
#3074 = AXIS2_PLACEMENT_3D('',#3075,#3076,#3077);
#3075 = CARTESIAN_POINT('',(-3.5,-1.69,0.203));
#3076 = DIRECTION('',(0.,0.,1.));
#3077 = DIRECTION('',(1.,0.,-0.));
#3078 = MANIFOLD_SOLID_BREP('',#3079);
#3079 = CLOSED_SHELL('',(#3080,#3120,#3160,#3182,#3204,#3216));
#3080 = ADVANCED_FACE('',(#3081),#3115,.F.);
#3081 = FACE_BOUND('',#3082,.F.);
#3082 = EDGE_LOOP('',(#3083,#3093,#3101,#3109));
#3083 = ORIENTED_EDGE('',*,*,#3084,.F.);
#3084 = EDGE_CURVE('',#3085,#3087,#3089,.T.);
#3085 = VERTEX_POINT('',#3086);
#3086 = CARTESIAN_POINT('',(3.1,-1.69,0.));
#3087 = VERTEX_POINT('',#3088);
#3088 = CARTESIAN_POINT('',(3.1,-1.69,0.203));
#3089 = LINE('',#3090,#3091);
#3090 = CARTESIAN_POINT('',(3.1,-1.69,0.));
#3091 = VECTOR('',#3092,1.);
#3092 = DIRECTION('',(0.,0.,1.));
#3093 = ORIENTED_EDGE('',*,*,#3094,.T.);
#3094 = EDGE_CURVE('',#3085,#3095,#3097,.T.);
#3095 = VERTEX_POINT('',#3096);
#3096 = CARTESIAN_POINT('',(3.1,-1.51,0.));
#3097 = LINE('',#3098,#3099);
#3098 = CARTESIAN_POINT('',(3.1,-1.69,0.));
#3099 = VECTOR('',#3100,1.);
#3100 = DIRECTION('',(-0.,1.,0.));
#3101 = ORIENTED_EDGE('',*,*,#3102,.T.);
#3102 = EDGE_CURVE('',#3095,#3103,#3105,.T.);
#3103 = VERTEX_POINT('',#3104);
#3104 = CARTESIAN_POINT('',(3.1,-1.51,0.203));
#3105 = LINE('',#3106,#3107);
#3106 = CARTESIAN_POINT('',(3.1,-1.51,0.));
#3107 = VECTOR('',#3108,1.);
#3108 = DIRECTION('',(0.,0.,1.));
#3109 = ORIENTED_EDGE('',*,*,#3110,.F.);
#3110 = EDGE_CURVE('',#3087,#3103,#3111,.T.);
#3111 = LINE('',#3112,#3113);
#3112 = CARTESIAN_POINT('',(3.1,-1.69,0.203));
#3113 = VECTOR('',#3114,1.);
#3114 = DIRECTION('',(-0.,1.,0.));
#3115 = PLANE('',#3116);
#3116 = AXIS2_PLACEMENT_3D('',#3117,#3118,#3119);
#3117 = CARTESIAN_POINT('',(3.1,-1.69,0.));
#3118 = DIRECTION('',(1.,0.,-0.));
#3119 = DIRECTION('',(0.,0.,1.));
#3120 = ADVANCED_FACE('',(#3121),#3155,.T.);
#3121 = FACE_BOUND('',#3122,.T.);
#3122 = EDGE_LOOP('',(#3123,#3133,#3141,#3149));
#3123 = ORIENTED_EDGE('',*,*,#3124,.F.);
#3124 = EDGE_CURVE('',#3125,#3127,#3129,.T.);
#3125 = VERTEX_POINT('',#3126);
#3126 = CARTESIAN_POINT('',(3.5,-1.69,0.));
#3127 = VERTEX_POINT('',#3128);
#3128 = CARTESIAN_POINT('',(3.5,-1.69,0.203));
#3129 = LINE('',#3130,#3131);
#3130 = CARTESIAN_POINT('',(3.5,-1.69,0.));
#3131 = VECTOR('',#3132,1.);
#3132 = DIRECTION('',(0.,0.,1.));
#3133 = ORIENTED_EDGE('',*,*,#3134,.T.);
#3134 = EDGE_CURVE('',#3125,#3135,#3137,.T.);
#3135 = VERTEX_POINT('',#3136);
#3136 = CARTESIAN_POINT('',(3.5,-1.51,0.));
#3137 = LINE('',#3138,#3139);
#3138 = CARTESIAN_POINT('',(3.5,-1.69,0.));
#3139 = VECTOR('',#3140,1.);
#3140 = DIRECTION('',(-0.,1.,0.));
#3141 = ORIENTED_EDGE('',*,*,#3142,.T.);
#3142 = EDGE_CURVE('',#3135,#3143,#3145,.T.);
#3143 = VERTEX_POINT('',#3144);
#3144 = CARTESIAN_POINT('',(3.5,-1.51,0.203));
#3145 = LINE('',#3146,#3147);
#3146 = CARTESIAN_POINT('',(3.5,-1.51,0.));
#3147 = VECTOR('',#3148,1.);
#3148 = DIRECTION('',(0.,0.,1.));
#3149 = ORIENTED_EDGE('',*,*,#3150,.F.);
#3150 = EDGE_CURVE('',#3127,#3143,#3151,.T.);
#3151 = LINE('',#3152,#3153);
#3152 = CARTESIAN_POINT('',(3.5,-1.69,0.203));
#3153 = VECTOR('',#3154,1.);
#3154 = DIRECTION('',(-0.,1.,0.));
#3155 = PLANE('',#3156);
#3156 = AXIS2_PLACEMENT_3D('',#3157,#3158,#3159);
#3157 = CARTESIAN_POINT('',(3.5,-1.69,0.));
#3158 = DIRECTION('',(1.,0.,-0.));
#3159 = DIRECTION('',(0.,0.,1.));
#3160 = ADVANCED_FACE('',(#3161),#3177,.F.);
#3161 = FACE_BOUND('',#3162,.F.);
#3162 = EDGE_LOOP('',(#3163,#3169,#3170,#3176));
#3163 = ORIENTED_EDGE('',*,*,#3164,.F.);
#3164 = EDGE_CURVE('',#3085,#3125,#3165,.T.);
#3165 = LINE('',#3166,#3167);
#3166 = CARTESIAN_POINT('',(3.1,-1.69,0.));
#3167 = VECTOR('',#3168,1.);
#3168 = DIRECTION('',(1.,0.,-0.));
#3169 = ORIENTED_EDGE('',*,*,#3084,.T.);
#3170 = ORIENTED_EDGE('',*,*,#3171,.T.);
#3171 = EDGE_CURVE('',#3087,#3127,#3172,.T.);
#3172 = LINE('',#3173,#3174);
#3173 = CARTESIAN_POINT('',(3.1,-1.69,0.203));
#3174 = VECTOR('',#3175,1.);
#3175 = DIRECTION('',(1.,0.,-0.));
#3176 = ORIENTED_EDGE('',*,*,#3124,.F.);
#3177 = PLANE('',#3178);
#3178 = AXIS2_PLACEMENT_3D('',#3179,#3180,#3181);
#3179 = CARTESIAN_POINT('',(3.1,-1.69,0.));
#3180 = DIRECTION('',(-0.,1.,0.));
#3181 = DIRECTION('',(0.,0.,1.));
#3182 = ADVANCED_FACE('',(#3183),#3199,.T.);
#3183 = FACE_BOUND('',#3184,.T.);
#3184 = EDGE_LOOP('',(#3185,#3191,#3192,#3198));
#3185 = ORIENTED_EDGE('',*,*,#3186,.F.);
#3186 = EDGE_CURVE('',#3095,#3135,#3187,.T.);
#3187 = LINE('',#3188,#3189);
#3188 = CARTESIAN_POINT('',(3.1,-1.51,0.));
#3189 = VECTOR('',#3190,1.);
#3190 = DIRECTION('',(1.,0.,-0.));
#3191 = ORIENTED_EDGE('',*,*,#3102,.T.);
#3192 = ORIENTED_EDGE('',*,*,#3193,.T.);
#3193 = EDGE_CURVE('',#3103,#3143,#3194,.T.);
#3194 = LINE('',#3195,#3196);
#3195 = CARTESIAN_POINT('',(3.1,-1.51,0.203));
#3196 = VECTOR('',#3197,1.);
#3197 = DIRECTION('',(1.,0.,-0.));
#3198 = ORIENTED_EDGE('',*,*,#3142,.F.);
#3199 = PLANE('',#3200);
#3200 = AXIS2_PLACEMENT_3D('',#3201,#3202,#3203);
#3201 = CARTESIAN_POINT('',(3.1,-1.51,0.));
#3202 = DIRECTION('',(-0.,1.,0.));
#3203 = DIRECTION('',(0.,0.,1.));
#3204 = ADVANCED_FACE('',(#3205),#3211,.F.);
#3205 = FACE_BOUND('',#3206,.F.);
#3206 = EDGE_LOOP('',(#3207,#3208,#3209,#3210));
#3207 = ORIENTED_EDGE('',*,*,#3094,.F.);
#3208 = ORIENTED_EDGE('',*,*,#3164,.T.);
#3209 = ORIENTED_EDGE('',*,*,#3134,.T.);
#3210 = ORIENTED_EDGE('',*,*,#3186,.F.);
#3211 = PLANE('',#3212);
#3212 = AXIS2_PLACEMENT_3D('',#3213,#3214,#3215);
#3213 = CARTESIAN_POINT('',(3.1,-1.69,0.));
#3214 = DIRECTION('',(0.,0.,1.));
#3215 = DIRECTION('',(1.,0.,-0.));
#3216 = ADVANCED_FACE('',(#3217),#3223,.T.);
#3217 = FACE_BOUND('',#3218,.T.);
#3218 = EDGE_LOOP('',(#3219,#3220,#3221,#3222));
#3219 = ORIENTED_EDGE('',*,*,#3110,.F.);
#3220 = ORIENTED_EDGE('',*,*,#3171,.T.);
#3221 = ORIENTED_EDGE('',*,*,#3150,.T.);
#3222 = ORIENTED_EDGE('',*,*,#3193,.F.);
#3223 = PLANE('',#3224);
#3224 = AXIS2_PLACEMENT_3D('',#3225,#3226,#3227);
#3225 = CARTESIAN_POINT('',(3.1,-1.69,0.203));
#3226 = DIRECTION('',(0.,0.,1.));
#3227 = DIRECTION('',(1.,0.,-0.));
#3228 = MANIFOLD_SOLID_BREP('',#3229);
#3229 = CLOSED_SHELL('',(#3230,#3270,#3310,#3332,#3354,#3366));
#3230 = ADVANCED_FACE('',(#3231),#3265,.F.);
#3231 = FACE_BOUND('',#3232,.F.);
#3232 = EDGE_LOOP('',(#3233,#3243,#3251,#3259));
#3233 = ORIENTED_EDGE('',*,*,#3234,.F.);
#3234 = EDGE_CURVE('',#3235,#3237,#3239,.T.);
#3235 = VERTEX_POINT('',#3236);
#3236 = CARTESIAN_POINT('',(-1.29,-3.5,0.));
#3237 = VERTEX_POINT('',#3238);
#3238 = CARTESIAN_POINT('',(-1.29,-3.5,0.203));
#3239 = LINE('',#3240,#3241);
#3240 = CARTESIAN_POINT('',(-1.29,-3.5,0.));
#3241 = VECTOR('',#3242,1.);
#3242 = DIRECTION('',(0.,0.,1.));
#3243 = ORIENTED_EDGE('',*,*,#3244,.T.);
#3244 = EDGE_CURVE('',#3235,#3245,#3247,.T.);
#3245 = VERTEX_POINT('',#3246);
#3246 = CARTESIAN_POINT('',(-1.29,-3.1,0.));
#3247 = LINE('',#3248,#3249);
#3248 = CARTESIAN_POINT('',(-1.29,-3.5,0.));
#3249 = VECTOR('',#3250,1.);
#3250 = DIRECTION('',(-0.,1.,0.));
#3251 = ORIENTED_EDGE('',*,*,#3252,.T.);
#3252 = EDGE_CURVE('',#3245,#3253,#3255,.T.);
#3253 = VERTEX_POINT('',#3254);
#3254 = CARTESIAN_POINT('',(-1.29,-3.1,0.203));
#3255 = LINE('',#3256,#3257);
#3256 = CARTESIAN_POINT('',(-1.29,-3.1,0.));
#3257 = VECTOR('',#3258,1.);
#3258 = DIRECTION('',(0.,0.,1.));
#3259 = ORIENTED_EDGE('',*,*,#3260,.F.);
#3260 = EDGE_CURVE('',#3237,#3253,#3261,.T.);
#3261 = LINE('',#3262,#3263);
#3262 = CARTESIAN_POINT('',(-1.29,-3.5,0.203));
#3263 = VECTOR('',#3264,1.);
#3264 = DIRECTION('',(-0.,1.,0.));
#3265 = PLANE('',#3266);
#3266 = AXIS2_PLACEMENT_3D('',#3267,#3268,#3269);
#3267 = CARTESIAN_POINT('',(-1.29,-3.5,0.));
#3268 = DIRECTION('',(1.,0.,-0.));
#3269 = DIRECTION('',(0.,0.,1.));
#3270 = ADVANCED_FACE('',(#3271),#3305,.T.);
#3271 = FACE_BOUND('',#3272,.T.);
#3272 = EDGE_LOOP('',(#3273,#3283,#3291,#3299));
#3273 = ORIENTED_EDGE('',*,*,#3274,.F.);
#3274 = EDGE_CURVE('',#3275,#3277,#3279,.T.);
#3275 = VERTEX_POINT('',#3276);
#3276 = CARTESIAN_POINT('',(-1.11,-3.5,0.));
#3277 = VERTEX_POINT('',#3278);
#3278 = CARTESIAN_POINT('',(-1.11,-3.5,0.203));
#3279 = LINE('',#3280,#3281);
#3280 = CARTESIAN_POINT('',(-1.11,-3.5,0.));
#3281 = VECTOR('',#3282,1.);
#3282 = DIRECTION('',(0.,0.,1.));
#3283 = ORIENTED_EDGE('',*,*,#3284,.T.);
#3284 = EDGE_CURVE('',#3275,#3285,#3287,.T.);
#3285 = VERTEX_POINT('',#3286);
#3286 = CARTESIAN_POINT('',(-1.11,-3.1,0.));
#3287 = LINE('',#3288,#3289);
#3288 = CARTESIAN_POINT('',(-1.11,-3.5,0.));
#3289 = VECTOR('',#3290,1.);
#3290 = DIRECTION('',(-0.,1.,0.));
#3291 = ORIENTED_EDGE('',*,*,#3292,.T.);
#3292 = EDGE_CURVE('',#3285,#3293,#3295,.T.);
#3293 = VERTEX_POINT('',#3294);
#3294 = CARTESIAN_POINT('',(-1.11,-3.1,0.203));
#3295 = LINE('',#3296,#3297);
#3296 = CARTESIAN_POINT('',(-1.11,-3.1,0.));
#3297 = VECTOR('',#3298,1.);
#3298 = DIRECTION('',(0.,0.,1.));
#3299 = ORIENTED_EDGE('',*,*,#3300,.F.);
#3300 = EDGE_CURVE('',#3277,#3293,#3301,.T.);
#3301 = LINE('',#3302,#3303);
#3302 = CARTESIAN_POINT('',(-1.11,-3.5,0.203));
#3303 = VECTOR('',#3304,1.);
#3304 = DIRECTION('',(-0.,1.,0.));
#3305 = PLANE('',#3306);
#3306 = AXIS2_PLACEMENT_3D('',#3307,#3308,#3309);
#3307 = CARTESIAN_POINT('',(-1.11,-3.5,0.));
#3308 = DIRECTION('',(1.,0.,-0.));
#3309 = DIRECTION('',(0.,0.,1.));
#3310 = ADVANCED_FACE('',(#3311),#3327,.F.);
#3311 = FACE_BOUND('',#3312,.F.);
#3312 = EDGE_LOOP('',(#3313,#3319,#3320,#3326));
#3313 = ORIENTED_EDGE('',*,*,#3314,.F.);
#3314 = EDGE_CURVE('',#3235,#3275,#3315,.T.);
#3315 = LINE('',#3316,#3317);
#3316 = CARTESIAN_POINT('',(-1.29,-3.5,0.));
#3317 = VECTOR('',#3318,1.);
#3318 = DIRECTION('',(1.,0.,-0.));
#3319 = ORIENTED_EDGE('',*,*,#3234,.T.);
#3320 = ORIENTED_EDGE('',*,*,#3321,.T.);
#3321 = EDGE_CURVE('',#3237,#3277,#3322,.T.);
#3322 = LINE('',#3323,#3324);
#3323 = CARTESIAN_POINT('',(-1.29,-3.5,0.203));
#3324 = VECTOR('',#3325,1.);
#3325 = DIRECTION('',(1.,0.,-0.));
#3326 = ORIENTED_EDGE('',*,*,#3274,.F.);
#3327 = PLANE('',#3328);
#3328 = AXIS2_PLACEMENT_3D('',#3329,#3330,#3331);
#3329 = CARTESIAN_POINT('',(-1.29,-3.5,0.));
#3330 = DIRECTION('',(-0.,1.,0.));
#3331 = DIRECTION('',(0.,0.,1.));
#3332 = ADVANCED_FACE('',(#3333),#3349,.T.);
#3333 = FACE_BOUND('',#3334,.T.);
#3334 = EDGE_LOOP('',(#3335,#3341,#3342,#3348));
#3335 = ORIENTED_EDGE('',*,*,#3336,.F.);
#3336 = EDGE_CURVE('',#3245,#3285,#3337,.T.);
#3337 = LINE('',#3338,#3339);
#3338 = CARTESIAN_POINT('',(-1.29,-3.1,0.));
#3339 = VECTOR('',#3340,1.);
#3340 = DIRECTION('',(1.,0.,-0.));
#3341 = ORIENTED_EDGE('',*,*,#3252,.T.);
#3342 = ORIENTED_EDGE('',*,*,#3343,.T.);
#3343 = EDGE_CURVE('',#3253,#3293,#3344,.T.);
#3344 = LINE('',#3345,#3346);
#3345 = CARTESIAN_POINT('',(-1.29,-3.1,0.203));
#3346 = VECTOR('',#3347,1.);
#3347 = DIRECTION('',(1.,0.,-0.));
#3348 = ORIENTED_EDGE('',*,*,#3292,.F.);
#3349 = PLANE('',#3350);
#3350 = AXIS2_PLACEMENT_3D('',#3351,#3352,#3353);
#3351 = CARTESIAN_POINT('',(-1.29,-3.1,0.));
#3352 = DIRECTION('',(-0.,1.,0.));
#3353 = DIRECTION('',(0.,0.,1.));
#3354 = ADVANCED_FACE('',(#3355),#3361,.F.);
#3355 = FACE_BOUND('',#3356,.F.);
#3356 = EDGE_LOOP('',(#3357,#3358,#3359,#3360));
#3357 = ORIENTED_EDGE('',*,*,#3244,.F.);
#3358 = ORIENTED_EDGE('',*,*,#3314,.T.);
#3359 = ORIENTED_EDGE('',*,*,#3284,.T.);
#3360 = ORIENTED_EDGE('',*,*,#3336,.F.);
#3361 = PLANE('',#3362);
#3362 = AXIS2_PLACEMENT_3D('',#3363,#3364,#3365);
#3363 = CARTESIAN_POINT('',(-1.29,-3.5,0.));
#3364 = DIRECTION('',(0.,0.,1.));
#3365 = DIRECTION('',(1.,0.,-0.));
#3366 = ADVANCED_FACE('',(#3367),#3373,.T.);
#3367 = FACE_BOUND('',#3368,.T.);
#3368 = EDGE_LOOP('',(#3369,#3370,#3371,#3372));
#3369 = ORIENTED_EDGE('',*,*,#3260,.F.);
#3370 = ORIENTED_EDGE('',*,*,#3321,.T.);
#3371 = ORIENTED_EDGE('',*,*,#3300,.T.);
#3372 = ORIENTED_EDGE('',*,*,#3343,.F.);
#3373 = PLANE('',#3374);
#3374 = AXIS2_PLACEMENT_3D('',#3375,#3376,#3377);
#3375 = CARTESIAN_POINT('',(-1.29,-3.5,0.203));
#3376 = DIRECTION('',(0.,0.,1.));
#3377 = DIRECTION('',(1.,0.,-0.));
#3378 = MANIFOLD_SOLID_BREP('',#3379);
#3379 = CLOSED_SHELL('',(#3380,#3420,#3460,#3482,#3504,#3516));
#3380 = ADVANCED_FACE('',(#3381),#3415,.F.);
#3381 = FACE_BOUND('',#3382,.F.);
#3382 = EDGE_LOOP('',(#3383,#3393,#3401,#3409));
#3383 = ORIENTED_EDGE('',*,*,#3384,.F.);
#3384 = EDGE_CURVE('',#3385,#3387,#3389,.T.);
#3385 = VERTEX_POINT('',#3386);
#3386 = CARTESIAN_POINT('',(-1.29,3.1,0.));
#3387 = VERTEX_POINT('',#3388);
#3388 = CARTESIAN_POINT('',(-1.29,3.1,0.203));
#3389 = LINE('',#3390,#3391);
#3390 = CARTESIAN_POINT('',(-1.29,3.1,0.));
#3391 = VECTOR('',#3392,1.);
#3392 = DIRECTION('',(0.,0.,1.));
#3393 = ORIENTED_EDGE('',*,*,#3394,.T.);
#3394 = EDGE_CURVE('',#3385,#3395,#3397,.T.);
#3395 = VERTEX_POINT('',#3396);
#3396 = CARTESIAN_POINT('',(-1.29,3.5,0.));
#3397 = LINE('',#3398,#3399);
#3398 = CARTESIAN_POINT('',(-1.29,3.1,0.));
#3399 = VECTOR('',#3400,1.);
#3400 = DIRECTION('',(-0.,1.,0.));
#3401 = ORIENTED_EDGE('',*,*,#3402,.T.);
#3402 = EDGE_CURVE('',#3395,#3403,#3405,.T.);
#3403 = VERTEX_POINT('',#3404);
#3404 = CARTESIAN_POINT('',(-1.29,3.5,0.203));
#3405 = LINE('',#3406,#3407);
#3406 = CARTESIAN_POINT('',(-1.29,3.5,0.));
#3407 = VECTOR('',#3408,1.);
#3408 = DIRECTION('',(0.,0.,1.));
#3409 = ORIENTED_EDGE('',*,*,#3410,.F.);
#3410 = EDGE_CURVE('',#3387,#3403,#3411,.T.);
#3411 = LINE('',#3412,#3413);
#3412 = CARTESIAN_POINT('',(-1.29,3.1,0.203));
#3413 = VECTOR('',#3414,1.);
#3414 = DIRECTION('',(-0.,1.,0.));
#3415 = PLANE('',#3416);
#3416 = AXIS2_PLACEMENT_3D('',#3417,#3418,#3419);
#3417 = CARTESIAN_POINT('',(-1.29,3.1,0.));
#3418 = DIRECTION('',(1.,0.,-0.));
#3419 = DIRECTION('',(0.,0.,1.));
#3420 = ADVANCED_FACE('',(#3421),#3455,.T.);
#3421 = FACE_BOUND('',#3422,.T.);
#3422 = EDGE_LOOP('',(#3423,#3433,#3441,#3449));
#3423 = ORIENTED_EDGE('',*,*,#3424,.F.);
#3424 = EDGE_CURVE('',#3425,#3427,#3429,.T.);
#3425 = VERTEX_POINT('',#3426);
#3426 = CARTESIAN_POINT('',(-1.11,3.1,0.));
#3427 = VERTEX_POINT('',#3428);
#3428 = CARTESIAN_POINT('',(-1.11,3.1,0.203));
#3429 = LINE('',#3430,#3431);
#3430 = CARTESIAN_POINT('',(-1.11,3.1,0.));
#3431 = VECTOR('',#3432,1.);
#3432 = DIRECTION('',(0.,0.,1.));
#3433 = ORIENTED_EDGE('',*,*,#3434,.T.);
#3434 = EDGE_CURVE('',#3425,#3435,#3437,.T.);
#3435 = VERTEX_POINT('',#3436);
#3436 = CARTESIAN_POINT('',(-1.11,3.5,0.));
#3437 = LINE('',#3438,#3439);
#3438 = CARTESIAN_POINT('',(-1.11,3.1,0.));
#3439 = VECTOR('',#3440,1.);
#3440 = DIRECTION('',(-0.,1.,0.));
#3441 = ORIENTED_EDGE('',*,*,#3442,.T.);
#3442 = EDGE_CURVE('',#3435,#3443,#3445,.T.);
#3443 = VERTEX_POINT('',#3444);
#3444 = CARTESIAN_POINT('',(-1.11,3.5,0.203));
#3445 = LINE('',#3446,#3447);
#3446 = CARTESIAN_POINT('',(-1.11,3.5,0.));
#3447 = VECTOR('',#3448,1.);
#3448 = DIRECTION('',(0.,0.,1.));
#3449 = ORIENTED_EDGE('',*,*,#3450,.F.);
#3450 = EDGE_CURVE('',#3427,#3443,#3451,.T.);
#3451 = LINE('',#3452,#3453);
#3452 = CARTESIAN_POINT('',(-1.11,3.1,0.203));
#3453 = VECTOR('',#3454,1.);
#3454 = DIRECTION('',(-0.,1.,0.));
#3455 = PLANE('',#3456);
#3456 = AXIS2_PLACEMENT_3D('',#3457,#3458,#3459);
#3457 = CARTESIAN_POINT('',(-1.11,3.1,0.));
#3458 = DIRECTION('',(1.,0.,-0.));
#3459 = DIRECTION('',(0.,0.,1.));
#3460 = ADVANCED_FACE('',(#3461),#3477,.F.);
#3461 = FACE_BOUND('',#3462,.F.);
#3462 = EDGE_LOOP('',(#3463,#3469,#3470,#3476));
#3463 = ORIENTED_EDGE('',*,*,#3464,.F.);
#3464 = EDGE_CURVE('',#3385,#3425,#3465,.T.);
#3465 = LINE('',#3466,#3467);
#3466 = CARTESIAN_POINT('',(-1.29,3.1,0.));
#3467 = VECTOR('',#3468,1.);
#3468 = DIRECTION('',(1.,0.,-0.));
#3469 = ORIENTED_EDGE('',*,*,#3384,.T.);
#3470 = ORIENTED_EDGE('',*,*,#3471,.T.);
#3471 = EDGE_CURVE('',#3387,#3427,#3472,.T.);
#3472 = LINE('',#3473,#3474);
#3473 = CARTESIAN_POINT('',(-1.29,3.1,0.203));
#3474 = VECTOR('',#3475,1.);
#3475 = DIRECTION('',(1.,0.,-0.));
#3476 = ORIENTED_EDGE('',*,*,#3424,.F.);
#3477 = PLANE('',#3478);
#3478 = AXIS2_PLACEMENT_3D('',#3479,#3480,#3481);
#3479 = CARTESIAN_POINT('',(-1.29,3.1,0.));
#3480 = DIRECTION('',(-0.,1.,0.));
#3481 = DIRECTION('',(0.,0.,1.));
#3482 = ADVANCED_FACE('',(#3483),#3499,.T.);
#3483 = FACE_BOUND('',#3484,.T.);
#3484 = EDGE_LOOP('',(#3485,#3491,#3492,#3498));
#3485 = ORIENTED_EDGE('',*,*,#3486,.F.);
#3486 = EDGE_CURVE('',#3395,#3435,#3487,.T.);
#3487 = LINE('',#3488,#3489);
#3488 = CARTESIAN_POINT('',(-1.29,3.5,0.));
#3489 = VECTOR('',#3490,1.);
#3490 = DIRECTION('',(1.,0.,-0.));
#3491 = ORIENTED_EDGE('',*,*,#3402,.T.);
#3492 = ORIENTED_EDGE('',*,*,#3493,.T.);
#3493 = EDGE_CURVE('',#3403,#3443,#3494,.T.);
#3494 = LINE('',#3495,#3496);
#3495 = CARTESIAN_POINT('',(-1.29,3.5,0.203));
#3496 = VECTOR('',#3497,1.);
#3497 = DIRECTION('',(1.,0.,-0.));
#3498 = ORIENTED_EDGE('',*,*,#3442,.F.);
#3499 = PLANE('',#3500);
#3500 = AXIS2_PLACEMENT_3D('',#3501,#3502,#3503);
#3501 = CARTESIAN_POINT('',(-1.29,3.5,0.));
#3502 = DIRECTION('',(-0.,1.,0.));
#3503 = DIRECTION('',(0.,0.,1.));
#3504 = ADVANCED_FACE('',(#3505),#3511,.F.);
#3505 = FACE_BOUND('',#3506,.F.);
#3506 = EDGE_LOOP('',(#3507,#3508,#3509,#3510));
#3507 = ORIENTED_EDGE('',*,*,#3394,.F.);
#3508 = ORIENTED_EDGE('',*,*,#3464,.T.);
#3509 = ORIENTED_EDGE('',*,*,#3434,.T.);
#3510 = ORIENTED_EDGE('',*,*,#3486,.F.);
#3511 = PLANE('',#3512);
#3512 = AXIS2_PLACEMENT_3D('',#3513,#3514,#3515);
#3513 = CARTESIAN_POINT('',(-1.29,3.1,0.));
#3514 = DIRECTION('',(0.,0.,1.));
#3515 = DIRECTION('',(1.,0.,-0.));
#3516 = ADVANCED_FACE('',(#3517),#3523,.T.);
#3517 = FACE_BOUND('',#3518,.T.);
#3518 = EDGE_LOOP('',(#3519,#3520,#3521,#3522));
#3519 = ORIENTED_EDGE('',*,*,#3410,.F.);
#3520 = ORIENTED_EDGE('',*,*,#3471,.T.);
#3521 = ORIENTED_EDGE('',*,*,#3450,.T.);
#3522 = ORIENTED_EDGE('',*,*,#3493,.F.);
#3523 = PLANE('',#3524);
#3524 = AXIS2_PLACEMENT_3D('',#3525,#3526,#3527);
#3525 = CARTESIAN_POINT('',(-1.29,3.1,0.203));
#3526 = DIRECTION('',(0.,0.,1.));
#3527 = DIRECTION('',(1.,0.,-0.));
#3528 = MANIFOLD_SOLID_BREP('',#3529);
#3529 = CLOSED_SHELL('',(#3530,#3570,#3610,#3632,#3654,#3666));
#3530 = ADVANCED_FACE('',(#3531),#3565,.F.);
#3531 = FACE_BOUND('',#3532,.F.);
#3532 = EDGE_LOOP('',(#3533,#3543,#3551,#3559));
#3533 = ORIENTED_EDGE('',*,*,#3534,.F.);
#3534 = EDGE_CURVE('',#3535,#3537,#3539,.T.);
#3535 = VERTEX_POINT('',#3536);
#3536 = CARTESIAN_POINT('',(-3.5,-1.29,0.));
#3537 = VERTEX_POINT('',#3538);
#3538 = CARTESIAN_POINT('',(-3.5,-1.29,0.203));
#3539 = LINE('',#3540,#3541);
#3540 = CARTESIAN_POINT('',(-3.5,-1.29,0.));
#3541 = VECTOR('',#3542,1.);
#3542 = DIRECTION('',(0.,0.,1.));
#3543 = ORIENTED_EDGE('',*,*,#3544,.T.);
#3544 = EDGE_CURVE('',#3535,#3545,#3547,.T.);
#3545 = VERTEX_POINT('',#3546);
#3546 = CARTESIAN_POINT('',(-3.5,-1.11,0.));
#3547 = LINE('',#3548,#3549);
#3548 = CARTESIAN_POINT('',(-3.5,-1.29,0.));
#3549 = VECTOR('',#3550,1.);
#3550 = DIRECTION('',(-0.,1.,0.));
#3551 = ORIENTED_EDGE('',*,*,#3552,.T.);
#3552 = EDGE_CURVE('',#3545,#3553,#3555,.T.);
#3553 = VERTEX_POINT('',#3554);
#3554 = CARTESIAN_POINT('',(-3.5,-1.11,0.203));
#3555 = LINE('',#3556,#3557);
#3556 = CARTESIAN_POINT('',(-3.5,-1.11,0.));
#3557 = VECTOR('',#3558,1.);
#3558 = DIRECTION('',(0.,0.,1.));
#3559 = ORIENTED_EDGE('',*,*,#3560,.F.);
#3560 = EDGE_CURVE('',#3537,#3553,#3561,.T.);
#3561 = LINE('',#3562,#3563);
#3562 = CARTESIAN_POINT('',(-3.5,-1.29,0.203));
#3563 = VECTOR('',#3564,1.);
#3564 = DIRECTION('',(-0.,1.,0.));
#3565 = PLANE('',#3566);
#3566 = AXIS2_PLACEMENT_3D('',#3567,#3568,#3569);
#3567 = CARTESIAN_POINT('',(-3.5,-1.29,0.));
#3568 = DIRECTION('',(1.,0.,-0.));
#3569 = DIRECTION('',(0.,0.,1.));
#3570 = ADVANCED_FACE('',(#3571),#3605,.T.);
#3571 = FACE_BOUND('',#3572,.T.);
#3572 = EDGE_LOOP('',(#3573,#3583,#3591,#3599));
#3573 = ORIENTED_EDGE('',*,*,#3574,.F.);
#3574 = EDGE_CURVE('',#3575,#3577,#3579,.T.);
#3575 = VERTEX_POINT('',#3576);
#3576 = CARTESIAN_POINT('',(-3.1,-1.29,0.));
#3577 = VERTEX_POINT('',#3578);
#3578 = CARTESIAN_POINT('',(-3.1,-1.29,0.203));
#3579 = LINE('',#3580,#3581);
#3580 = CARTESIAN_POINT('',(-3.1,-1.29,0.));
#3581 = VECTOR('',#3582,1.);
#3582 = DIRECTION('',(0.,0.,1.));
#3583 = ORIENTED_EDGE('',*,*,#3584,.T.);
#3584 = EDGE_CURVE('',#3575,#3585,#3587,.T.);
#3585 = VERTEX_POINT('',#3586);
#3586 = CARTESIAN_POINT('',(-3.1,-1.11,0.));
#3587 = LINE('',#3588,#3589);
#3588 = CARTESIAN_POINT('',(-3.1,-1.29,0.));
#3589 = VECTOR('',#3590,1.);
#3590 = DIRECTION('',(-0.,1.,0.));
#3591 = ORIENTED_EDGE('',*,*,#3592,.T.);
#3592 = EDGE_CURVE('',#3585,#3593,#3595,.T.);
#3593 = VERTEX_POINT('',#3594);
#3594 = CARTESIAN_POINT('',(-3.1,-1.11,0.203));
#3595 = LINE('',#3596,#3597);
#3596 = CARTESIAN_POINT('',(-3.1,-1.11,0.));
#3597 = VECTOR('',#3598,1.);
#3598 = DIRECTION('',(0.,0.,1.));
#3599 = ORIENTED_EDGE('',*,*,#3600,.F.);
#3600 = EDGE_CURVE('',#3577,#3593,#3601,.T.);
#3601 = LINE('',#3602,#3603);
#3602 = CARTESIAN_POINT('',(-3.1,-1.29,0.203));
#3603 = VECTOR('',#3604,1.);
#3604 = DIRECTION('',(-0.,1.,0.));
#3605 = PLANE('',#3606);
#3606 = AXIS2_PLACEMENT_3D('',#3607,#3608,#3609);
#3607 = CARTESIAN_POINT('',(-3.1,-1.29,0.));
#3608 = DIRECTION('',(1.,0.,-0.));
#3609 = DIRECTION('',(0.,0.,1.));
#3610 = ADVANCED_FACE('',(#3611),#3627,.F.);
#3611 = FACE_BOUND('',#3612,.F.);
#3612 = EDGE_LOOP('',(#3613,#3619,#3620,#3626));
#3613 = ORIENTED_EDGE('',*,*,#3614,.F.);
#3614 = EDGE_CURVE('',#3535,#3575,#3615,.T.);
#3615 = LINE('',#3616,#3617);
#3616 = CARTESIAN_POINT('',(-3.5,-1.29,0.));
#3617 = VECTOR('',#3618,1.);
#3618 = DIRECTION('',(1.,0.,-0.));
#3619 = ORIENTED_EDGE('',*,*,#3534,.T.);
#3620 = ORIENTED_EDGE('',*,*,#3621,.T.);
#3621 = EDGE_CURVE('',#3537,#3577,#3622,.T.);
#3622 = LINE('',#3623,#3624);
#3623 = CARTESIAN_POINT('',(-3.5,-1.29,0.203));
#3624 = VECTOR('',#3625,1.);
#3625 = DIRECTION('',(1.,0.,-0.));
#3626 = ORIENTED_EDGE('',*,*,#3574,.F.);
#3627 = PLANE('',#3628);
#3628 = AXIS2_PLACEMENT_3D('',#3629,#3630,#3631);
#3629 = CARTESIAN_POINT('',(-3.5,-1.29,0.));
#3630 = DIRECTION('',(-0.,1.,0.));
#3631 = DIRECTION('',(0.,0.,1.));
#3632 = ADVANCED_FACE('',(#3633),#3649,.T.);
#3633 = FACE_BOUND('',#3634,.T.);
#3634 = EDGE_LOOP('',(#3635,#3641,#3642,#3648));
#3635 = ORIENTED_EDGE('',*,*,#3636,.F.);
#3636 = EDGE_CURVE('',#3545,#3585,#3637,.T.);
#3637 = LINE('',#3638,#3639);
#3638 = CARTESIAN_POINT('',(-3.5,-1.11,0.));
#3639 = VECTOR('',#3640,1.);
#3640 = DIRECTION('',(1.,0.,-0.));
#3641 = ORIENTED_EDGE('',*,*,#3552,.T.);
#3642 = ORIENTED_EDGE('',*,*,#3643,.T.);
#3643 = EDGE_CURVE('',#3553,#3593,#3644,.T.);
#3644 = LINE('',#3645,#3646);
#3645 = CARTESIAN_POINT('',(-3.5,-1.11,0.203));
#3646 = VECTOR('',#3647,1.);
#3647 = DIRECTION('',(1.,0.,-0.));
#3648 = ORIENTED_EDGE('',*,*,#3592,.F.);
#3649 = PLANE('',#3650);
#3650 = AXIS2_PLACEMENT_3D('',#3651,#3652,#3653);
#3651 = CARTESIAN_POINT('',(-3.5,-1.11,0.));
#3652 = DIRECTION('',(-0.,1.,0.));
#3653 = DIRECTION('',(0.,0.,1.));
#3654 = ADVANCED_FACE('',(#3655),#3661,.F.);
#3655 = FACE_BOUND('',#3656,.F.);
#3656 = EDGE_LOOP('',(#3657,#3658,#3659,#3660));
#3657 = ORIENTED_EDGE('',*,*,#3544,.F.);
#3658 = ORIENTED_EDGE('',*,*,#3614,.T.);
#3659 = ORIENTED_EDGE('',*,*,#3584,.T.);
#3660 = ORIENTED_EDGE('',*,*,#3636,.F.);
#3661 = PLANE('',#3662);
#3662 = AXIS2_PLACEMENT_3D('',#3663,#3664,#3665);
#3663 = CARTESIAN_POINT('',(-3.5,-1.29,0.));
#3664 = DIRECTION('',(0.,0.,1.));
#3665 = DIRECTION('',(1.,0.,-0.));
#3666 = ADVANCED_FACE('',(#3667),#3673,.T.);
#3667 = FACE_BOUND('',#3668,.T.);
#3668 = EDGE_LOOP('',(#3669,#3670,#3671,#3672));
#3669 = ORIENTED_EDGE('',*,*,#3560,.F.);
#3670 = ORIENTED_EDGE('',*,*,#3621,.T.);
#3671 = ORIENTED_EDGE('',*,*,#3600,.T.);
#3672 = ORIENTED_EDGE('',*,*,#3643,.F.);
#3673 = PLANE('',#3674);
#3674 = AXIS2_PLACEMENT_3D('',#3675,#3676,#3677);
#3675 = CARTESIAN_POINT('',(-3.5,-1.29,0.203));
#3676 = DIRECTION('',(0.,0.,1.));
#3677 = DIRECTION('',(1.,0.,-0.));
#3678 = MANIFOLD_SOLID_BREP('',#3679);
#3679 = CLOSED_SHELL('',(#3680,#3720,#3760,#3782,#3804,#3816));
#3680 = ADVANCED_FACE('',(#3681),#3715,.F.);
#3681 = FACE_BOUND('',#3682,.F.);
#3682 = EDGE_LOOP('',(#3683,#3693,#3701,#3709));
#3683 = ORIENTED_EDGE('',*,*,#3684,.F.);
#3684 = EDGE_CURVE('',#3685,#3687,#3689,.T.);
#3685 = VERTEX_POINT('',#3686);
#3686 = CARTESIAN_POINT('',(3.1,-1.29,0.));
#3687 = VERTEX_POINT('',#3688);
#3688 = CARTESIAN_POINT('',(3.1,-1.29,0.203));
#3689 = LINE('',#3690,#3691);
#3690 = CARTESIAN_POINT('',(3.1,-1.29,0.));
#3691 = VECTOR('',#3692,1.);
#3692 = DIRECTION('',(0.,0.,1.));
#3693 = ORIENTED_EDGE('',*,*,#3694,.T.);
#3694 = EDGE_CURVE('',#3685,#3695,#3697,.T.);
#3695 = VERTEX_POINT('',#3696);
#3696 = CARTESIAN_POINT('',(3.1,-1.11,0.));
#3697 = LINE('',#3698,#3699);
#3698 = CARTESIAN_POINT('',(3.1,-1.29,0.));
#3699 = VECTOR('',#3700,1.);
#3700 = DIRECTION('',(-0.,1.,0.));
#3701 = ORIENTED_EDGE('',*,*,#3702,.T.);
#3702 = EDGE_CURVE('',#3695,#3703,#3705,.T.);
#3703 = VERTEX_POINT('',#3704);
#3704 = CARTESIAN_POINT('',(3.1,-1.11,0.203));
#3705 = LINE('',#3706,#3707);
#3706 = CARTESIAN_POINT('',(3.1,-1.11,0.));
#3707 = VECTOR('',#3708,1.);
#3708 = DIRECTION('',(0.,0.,1.));
#3709 = ORIENTED_EDGE('',*,*,#3710,.F.);
#3710 = EDGE_CURVE('',#3687,#3703,#3711,.T.);
#3711 = LINE('',#3712,#3713);
#3712 = CARTESIAN_POINT('',(3.1,-1.29,0.203));
#3713 = VECTOR('',#3714,1.);
#3714 = DIRECTION('',(-0.,1.,0.));
#3715 = PLANE('',#3716);
#3716 = AXIS2_PLACEMENT_3D('',#3717,#3718,#3719);
#3717 = CARTESIAN_POINT('',(3.1,-1.29,0.));
#3718 = DIRECTION('',(1.,0.,-0.));
#3719 = DIRECTION('',(0.,0.,1.));
#3720 = ADVANCED_FACE('',(#3721),#3755,.T.);
#3721 = FACE_BOUND('',#3722,.T.);
#3722 = EDGE_LOOP('',(#3723,#3733,#3741,#3749));
#3723 = ORIENTED_EDGE('',*,*,#3724,.F.);
#3724 = EDGE_CURVE('',#3725,#3727,#3729,.T.);
#3725 = VERTEX_POINT('',#3726);
#3726 = CARTESIAN_POINT('',(3.5,-1.29,0.));
#3727 = VERTEX_POINT('',#3728);
#3728 = CARTESIAN_POINT('',(3.5,-1.29,0.203));
#3729 = LINE('',#3730,#3731);
#3730 = CARTESIAN_POINT('',(3.5,-1.29,0.));
#3731 = VECTOR('',#3732,1.);
#3732 = DIRECTION('',(0.,0.,1.));
#3733 = ORIENTED_EDGE('',*,*,#3734,.T.);
#3734 = EDGE_CURVE('',#3725,#3735,#3737,.T.);
#3735 = VERTEX_POINT('',#3736);
#3736 = CARTESIAN_POINT('',(3.5,-1.11,0.));
#3737 = LINE('',#3738,#3739);
#3738 = CARTESIAN_POINT('',(3.5,-1.29,0.));
#3739 = VECTOR('',#3740,1.);
#3740 = DIRECTION('',(-0.,1.,0.));
#3741 = ORIENTED_EDGE('',*,*,#3742,.T.);
#3742 = EDGE_CURVE('',#3735,#3743,#3745,.T.);
#3743 = VERTEX_POINT('',#3744);
#3744 = CARTESIAN_POINT('',(3.5,-1.11,0.203));
#3745 = LINE('',#3746,#3747);
#3746 = CARTESIAN_POINT('',(3.5,-1.11,0.));
#3747 = VECTOR('',#3748,1.);
#3748 = DIRECTION('',(0.,0.,1.));
#3749 = ORIENTED_EDGE('',*,*,#3750,.F.);
#3750 = EDGE_CURVE('',#3727,#3743,#3751,.T.);
#3751 = LINE('',#3752,#3753);
#3752 = CARTESIAN_POINT('',(3.5,-1.29,0.203));
#3753 = VECTOR('',#3754,1.);
#3754 = DIRECTION('',(-0.,1.,0.));
#3755 = PLANE('',#3756);
#3756 = AXIS2_PLACEMENT_3D('',#3757,#3758,#3759);
#3757 = CARTESIAN_POINT('',(3.5,-1.29,0.));
#3758 = DIRECTION('',(1.,0.,-0.));
#3759 = DIRECTION('',(0.,0.,1.));
#3760 = ADVANCED_FACE('',(#3761),#3777,.F.);
#3761 = FACE_BOUND('',#3762,.F.);
#3762 = EDGE_LOOP('',(#3763,#3769,#3770,#3776));
#3763 = ORIENTED_EDGE('',*,*,#3764,.F.);
#3764 = EDGE_CURVE('',#3685,#3725,#3765,.T.);
#3765 = LINE('',#3766,#3767);
#3766 = CARTESIAN_POINT('',(3.1,-1.29,0.));
#3767 = VECTOR('',#3768,1.);
#3768 = DIRECTION('',(1.,0.,-0.));
#3769 = ORIENTED_EDGE('',*,*,#3684,.T.);
#3770 = ORIENTED_EDGE('',*,*,#3771,.T.);
#3771 = EDGE_CURVE('',#3687,#3727,#3772,.T.);
#3772 = LINE('',#3773,#3774);
#3773 = CARTESIAN_POINT('',(3.1,-1.29,0.203));
#3774 = VECTOR('',#3775,1.);
#3775 = DIRECTION('',(1.,0.,-0.));
#3776 = ORIENTED_EDGE('',*,*,#3724,.F.);
#3777 = PLANE('',#3778);
#3778 = AXIS2_PLACEMENT_3D('',#3779,#3780,#3781);
#3779 = CARTESIAN_POINT('',(3.1,-1.29,0.));
#3780 = DIRECTION('',(-0.,1.,0.));
#3781 = DIRECTION('',(0.,0.,1.));
#3782 = ADVANCED_FACE('',(#3783),#3799,.T.);
#3783 = FACE_BOUND('',#3784,.T.);
#3784 = EDGE_LOOP('',(#3785,#3791,#3792,#3798));
#3785 = ORIENTED_EDGE('',*,*,#3786,.F.);
#3786 = EDGE_CURVE('',#3695,#3735,#3787,.T.);
#3787 = LINE('',#3788,#3789);
#3788 = CARTESIAN_POINT('',(3.1,-1.11,0.));
#3789 = VECTOR('',#3790,1.);
#3790 = DIRECTION('',(1.,0.,-0.));
#3791 = ORIENTED_EDGE('',*,*,#3702,.T.);
#3792 = ORIENTED_EDGE('',*,*,#3793,.T.);
#3793 = EDGE_CURVE('',#3703,#3743,#3794,.T.);
#3794 = LINE('',#3795,#3796);
#3795 = CARTESIAN_POINT('',(3.1,-1.11,0.203));
#3796 = VECTOR('',#3797,1.);
#3797 = DIRECTION('',(1.,0.,-0.));
#3798 = ORIENTED_EDGE('',*,*,#3742,.F.);
#3799 = PLANE('',#3800);
#3800 = AXIS2_PLACEMENT_3D('',#3801,#3802,#3803);
#3801 = CARTESIAN_POINT('',(3.1,-1.11,0.));
#3802 = DIRECTION('',(-0.,1.,0.));
#3803 = DIRECTION('',(0.,0.,1.));
#3804 = ADVANCED_FACE('',(#3805),#3811,.F.);
#3805 = FACE_BOUND('',#3806,.F.);
#3806 = EDGE_LOOP('',(#3807,#3808,#3809,#3810));
#3807 = ORIENTED_EDGE('',*,*,#3694,.F.);
#3808 = ORIENTED_EDGE('',*,*,#3764,.T.);
#3809 = ORIENTED_EDGE('',*,*,#3734,.T.);
#3810 = ORIENTED_EDGE('',*,*,#3786,.F.);
#3811 = PLANE('',#3812);
#3812 = AXIS2_PLACEMENT_3D('',#3813,#3814,#3815);
#3813 = CARTESIAN_POINT('',(3.1,-1.29,0.));
#3814 = DIRECTION('',(0.,0.,1.));
#3815 = DIRECTION('',(1.,0.,-0.));
#3816 = ADVANCED_FACE('',(#3817),#3823,.T.);
#3817 = FACE_BOUND('',#3818,.T.);
#3818 = EDGE_LOOP('',(#3819,#3820,#3821,#3822));
#3819 = ORIENTED_EDGE('',*,*,#3710,.F.);
#3820 = ORIENTED_EDGE('',*,*,#3771,.T.);
#3821 = ORIENTED_EDGE('',*,*,#3750,.T.);
#3822 = ORIENTED_EDGE('',*,*,#3793,.F.);
#3823 = PLANE('',#3824);
#3824 = AXIS2_PLACEMENT_3D('',#3825,#3826,#3827);
#3825 = CARTESIAN_POINT('',(3.1,-1.29,0.203));
#3826 = DIRECTION('',(0.,0.,1.));
#3827 = DIRECTION('',(1.,0.,-0.));
#3828 = MANIFOLD_SOLID_BREP('',#3829);
#3829 = CLOSED_SHELL('',(#3830,#3870,#3910,#3932,#3954,#3966));
#3830 = ADVANCED_FACE('',(#3831),#3865,.F.);
#3831 = FACE_BOUND('',#3832,.F.);
#3832 = EDGE_LOOP('',(#3833,#3843,#3851,#3859));
#3833 = ORIENTED_EDGE('',*,*,#3834,.F.);
#3834 = EDGE_CURVE('',#3835,#3837,#3839,.T.);
#3835 = VERTEX_POINT('',#3836);
#3836 = CARTESIAN_POINT('',(-0.89,-3.5,0.));
#3837 = VERTEX_POINT('',#3838);
#3838 = CARTESIAN_POINT('',(-0.89,-3.5,0.203));
#3839 = LINE('',#3840,#3841);
#3840 = CARTESIAN_POINT('',(-0.89,-3.5,0.));
#3841 = VECTOR('',#3842,1.);
#3842 = DIRECTION('',(0.,0.,1.));
#3843 = ORIENTED_EDGE('',*,*,#3844,.T.);
#3844 = EDGE_CURVE('',#3835,#3845,#3847,.T.);
#3845 = VERTEX_POINT('',#3846);
#3846 = CARTESIAN_POINT('',(-0.89,-3.1,0.));
#3847 = LINE('',#3848,#3849);
#3848 = CARTESIAN_POINT('',(-0.89,-3.5,0.));
#3849 = VECTOR('',#3850,1.);
#3850 = DIRECTION('',(-0.,1.,0.));
#3851 = ORIENTED_EDGE('',*,*,#3852,.T.);
#3852 = EDGE_CURVE('',#3845,#3853,#3855,.T.);
#3853 = VERTEX_POINT('',#3854);
#3854 = CARTESIAN_POINT('',(-0.89,-3.1,0.203));
#3855 = LINE('',#3856,#3857);
#3856 = CARTESIAN_POINT('',(-0.89,-3.1,0.));
#3857 = VECTOR('',#3858,1.);
#3858 = DIRECTION('',(0.,0.,1.));
#3859 = ORIENTED_EDGE('',*,*,#3860,.F.);
#3860 = EDGE_CURVE('',#3837,#3853,#3861,.T.);
#3861 = LINE('',#3862,#3863);
#3862 = CARTESIAN_POINT('',(-0.89,-3.5,0.203));
#3863 = VECTOR('',#3864,1.);
#3864 = DIRECTION('',(-0.,1.,0.));
#3865 = PLANE('',#3866);
#3866 = AXIS2_PLACEMENT_3D('',#3867,#3868,#3869);
#3867 = CARTESIAN_POINT('',(-0.89,-3.5,0.));
#3868 = DIRECTION('',(1.,0.,-0.));
#3869 = DIRECTION('',(0.,0.,1.));
#3870 = ADVANCED_FACE('',(#3871),#3905,.T.);
#3871 = FACE_BOUND('',#3872,.T.);
#3872 = EDGE_LOOP('',(#3873,#3883,#3891,#3899));
#3873 = ORIENTED_EDGE('',*,*,#3874,.F.);
#3874 = EDGE_CURVE('',#3875,#3877,#3879,.T.);
#3875 = VERTEX_POINT('',#3876);
#3876 = CARTESIAN_POINT('',(-0.71,-3.5,0.));
#3877 = VERTEX_POINT('',#3878);
#3878 = CARTESIAN_POINT('',(-0.71,-3.5,0.203));
#3879 = LINE('',#3880,#3881);
#3880 = CARTESIAN_POINT('',(-0.71,-3.5,0.));
#3881 = VECTOR('',#3882,1.);
#3882 = DIRECTION('',(0.,0.,1.));
#3883 = ORIENTED_EDGE('',*,*,#3884,.T.);
#3884 = EDGE_CURVE('',#3875,#3885,#3887,.T.);
#3885 = VERTEX_POINT('',#3886);
#3886 = CARTESIAN_POINT('',(-0.71,-3.1,0.));
#3887 = LINE('',#3888,#3889);
#3888 = CARTESIAN_POINT('',(-0.71,-3.5,0.));
#3889 = VECTOR('',#3890,1.);
#3890 = DIRECTION('',(-0.,1.,0.));
#3891 = ORIENTED_EDGE('',*,*,#3892,.T.);
#3892 = EDGE_CURVE('',#3885,#3893,#3895,.T.);
#3893 = VERTEX_POINT('',#3894);
#3894 = CARTESIAN_POINT('',(-0.71,-3.1,0.203));
#3895 = LINE('',#3896,#3897);
#3896 = CARTESIAN_POINT('',(-0.71,-3.1,0.));
#3897 = VECTOR('',#3898,1.);
#3898 = DIRECTION('',(0.,0.,1.));
#3899 = ORIENTED_EDGE('',*,*,#3900,.F.);
#3900 = EDGE_CURVE('',#3877,#3893,#3901,.T.);
#3901 = LINE('',#3902,#3903);
#3902 = CARTESIAN_POINT('',(-0.71,-3.5,0.203));
#3903 = VECTOR('',#3904,1.);
#3904 = DIRECTION('',(-0.,1.,0.));
#3905 = PLANE('',#3906);
#3906 = AXIS2_PLACEMENT_3D('',#3907,#3908,#3909);
#3907 = CARTESIAN_POINT('',(-0.71,-3.5,0.));
#3908 = DIRECTION('',(1.,0.,-0.));
#3909 = DIRECTION('',(0.,0.,1.));
#3910 = ADVANCED_FACE('',(#3911),#3927,.F.);
#3911 = FACE_BOUND('',#3912,.F.);
#3912 = EDGE_LOOP('',(#3913,#3919,#3920,#3926));
#3913 = ORIENTED_EDGE('',*,*,#3914,.F.);
#3914 = EDGE_CURVE('',#3835,#3875,#3915,.T.);
#3915 = LINE('',#3916,#3917);
#3916 = CARTESIAN_POINT('',(-0.89,-3.5,0.));
#3917 = VECTOR('',#3918,1.);
#3918 = DIRECTION('',(1.,0.,-0.));
#3919 = ORIENTED_EDGE('',*,*,#3834,.T.);
#3920 = ORIENTED_EDGE('',*,*,#3921,.T.);
#3921 = EDGE_CURVE('',#3837,#3877,#3922,.T.);
#3922 = LINE('',#3923,#3924);
#3923 = CARTESIAN_POINT('',(-0.89,-3.5,0.203));
#3924 = VECTOR('',#3925,1.);
#3925 = DIRECTION('',(1.,0.,-0.));
#3926 = ORIENTED_EDGE('',*,*,#3874,.F.);
#3927 = PLANE('',#3928);
#3928 = AXIS2_PLACEMENT_3D('',#3929,#3930,#3931);
#3929 = CARTESIAN_POINT('',(-0.89,-3.5,0.));
#3930 = DIRECTION('',(-0.,1.,0.));
#3931 = DIRECTION('',(0.,0.,1.));
#3932 = ADVANCED_FACE('',(#3933),#3949,.T.);
#3933 = FACE_BOUND('',#3934,.T.);
#3934 = EDGE_LOOP('',(#3935,#3941,#3942,#3948));
#3935 = ORIENTED_EDGE('',*,*,#3936,.F.);
#3936 = EDGE_CURVE('',#3845,#3885,#3937,.T.);
#3937 = LINE('',#3938,#3939);
#3938 = CARTESIAN_POINT('',(-0.89,-3.1,0.));
#3939 = VECTOR('',#3940,1.);
#3940 = DIRECTION('',(1.,0.,-0.));
#3941 = ORIENTED_EDGE('',*,*,#3852,.T.);
#3942 = ORIENTED_EDGE('',*,*,#3943,.T.);
#3943 = EDGE_CURVE('',#3853,#3893,#3944,.T.);
#3944 = LINE('',#3945,#3946);
#3945 = CARTESIAN_POINT('',(-0.89,-3.1,0.203));
#3946 = VECTOR('',#3947,1.);
#3947 = DIRECTION('',(1.,0.,-0.));
#3948 = ORIENTED_EDGE('',*,*,#3892,.F.);
#3949 = PLANE('',#3950);
#3950 = AXIS2_PLACEMENT_3D('',#3951,#3952,#3953);
#3951 = CARTESIAN_POINT('',(-0.89,-3.1,0.));
#3952 = DIRECTION('',(-0.,1.,0.));
#3953 = DIRECTION('',(0.,0.,1.));
#3954 = ADVANCED_FACE('',(#3955),#3961,.F.);
#3955 = FACE_BOUND('',#3956,.F.);
#3956 = EDGE_LOOP('',(#3957,#3958,#3959,#3960));
#3957 = ORIENTED_EDGE('',*,*,#3844,.F.);
#3958 = ORIENTED_EDGE('',*,*,#3914,.T.);
#3959 = ORIENTED_EDGE('',*,*,#3884,.T.);
#3960 = ORIENTED_EDGE('',*,*,#3936,.F.);
#3961 = PLANE('',#3962);
#3962 = AXIS2_PLACEMENT_3D('',#3963,#3964,#3965);
#3963 = CARTESIAN_POINT('',(-0.89,-3.5,0.));
#3964 = DIRECTION('',(0.,0.,1.));
#3965 = DIRECTION('',(1.,0.,-0.));
#3966 = ADVANCED_FACE('',(#3967),#3973,.T.);
#3967 = FACE_BOUND('',#3968,.T.);
#3968 = EDGE_LOOP('',(#3969,#3970,#3971,#3972));
#3969 = ORIENTED_EDGE('',*,*,#3860,.F.);
#3970 = ORIENTED_EDGE('',*,*,#3921,.T.);
#3971 = ORIENTED_EDGE('',*,*,#3900,.T.);
#3972 = ORIENTED_EDGE('',*,*,#3943,.F.);
#3973 = PLANE('',#3974);
#3974 = AXIS2_PLACEMENT_3D('',#3975,#3976,#3977);
#3975 = CARTESIAN_POINT('',(-0.89,-3.5,0.203));
#3976 = DIRECTION('',(0.,0.,1.));
#3977 = DIRECTION('',(1.,0.,-0.));
#3978 = MANIFOLD_SOLID_BREP('',#3979);
#3979 = CLOSED_SHELL('',(#3980,#4020,#4060,#4082,#4104,#4116));
#3980 = ADVANCED_FACE('',(#3981),#4015,.F.);
#3981 = FACE_BOUND('',#3982,.F.);
#3982 = EDGE_LOOP('',(#3983,#3993,#4001,#4009));
#3983 = ORIENTED_EDGE('',*,*,#3984,.F.);
#3984 = EDGE_CURVE('',#3985,#3987,#3989,.T.);
#3985 = VERTEX_POINT('',#3986);
#3986 = CARTESIAN_POINT('',(-0.89,3.1,0.));
#3987 = VERTEX_POINT('',#3988);
#3988 = CARTESIAN_POINT('',(-0.89,3.1,0.203));
#3989 = LINE('',#3990,#3991);
#3990 = CARTESIAN_POINT('',(-0.89,3.1,0.));
#3991 = VECTOR('',#3992,1.);
#3992 = DIRECTION('',(0.,0.,1.));
#3993 = ORIENTED_EDGE('',*,*,#3994,.T.);
#3994 = EDGE_CURVE('',#3985,#3995,#3997,.T.);
#3995 = VERTEX_POINT('',#3996);
#3996 = CARTESIAN_POINT('',(-0.89,3.5,0.));
#3997 = LINE('',#3998,#3999);
#3998 = CARTESIAN_POINT('',(-0.89,3.1,0.));
#3999 = VECTOR('',#4000,1.);
#4000 = DIRECTION('',(-0.,1.,0.));
#4001 = ORIENTED_EDGE('',*,*,#4002,.T.);
#4002 = EDGE_CURVE('',#3995,#4003,#4005,.T.);
#4003 = VERTEX_POINT('',#4004);
#4004 = CARTESIAN_POINT('',(-0.89,3.5,0.203));
#4005 = LINE('',#4006,#4007);
#4006 = CARTESIAN_POINT('',(-0.89,3.5,0.));
#4007 = VECTOR('',#4008,1.);
#4008 = DIRECTION('',(0.,0.,1.));
#4009 = ORIENTED_EDGE('',*,*,#4010,.F.);
#4010 = EDGE_CURVE('',#3987,#4003,#4011,.T.);
#4011 = LINE('',#4012,#4013);
#4012 = CARTESIAN_POINT('',(-0.89,3.1,0.203));
#4013 = VECTOR('',#4014,1.);
#4014 = DIRECTION('',(-0.,1.,0.));
#4015 = PLANE('',#4016);
#4016 = AXIS2_PLACEMENT_3D('',#4017,#4018,#4019);
#4017 = CARTESIAN_POINT('',(-0.89,3.1,0.));
#4018 = DIRECTION('',(1.,0.,-0.));
#4019 = DIRECTION('',(0.,0.,1.));
#4020 = ADVANCED_FACE('',(#4021),#4055,.T.);
#4021 = FACE_BOUND('',#4022,.T.);
#4022 = EDGE_LOOP('',(#4023,#4033,#4041,#4049));
#4023 = ORIENTED_EDGE('',*,*,#4024,.F.);
#4024 = EDGE_CURVE('',#4025,#4027,#4029,.T.);
#4025 = VERTEX_POINT('',#4026);
#4026 = CARTESIAN_POINT('',(-0.71,3.1,0.));
#4027 = VERTEX_POINT('',#4028);
#4028 = CARTESIAN_POINT('',(-0.71,3.1,0.203));
#4029 = LINE('',#4030,#4031);
#4030 = CARTESIAN_POINT('',(-0.71,3.1,0.));
#4031 = VECTOR('',#4032,1.);
#4032 = DIRECTION('',(0.,0.,1.));
#4033 = ORIENTED_EDGE('',*,*,#4034,.T.);
#4034 = EDGE_CURVE('',#4025,#4035,#4037,.T.);
#4035 = VERTEX_POINT('',#4036);
#4036 = CARTESIAN_POINT('',(-0.71,3.5,0.));
#4037 = LINE('',#4038,#4039);
#4038 = CARTESIAN_POINT('',(-0.71,3.1,0.));
#4039 = VECTOR('',#4040,1.);
#4040 = DIRECTION('',(-0.,1.,0.));
#4041 = ORIENTED_EDGE('',*,*,#4042,.T.);
#4042 = EDGE_CURVE('',#4035,#4043,#4045,.T.);
#4043 = VERTEX_POINT('',#4044);
#4044 = CARTESIAN_POINT('',(-0.71,3.5,0.203));
#4045 = LINE('',#4046,#4047);
#4046 = CARTESIAN_POINT('',(-0.71,3.5,0.));
#4047 = VECTOR('',#4048,1.);
#4048 = DIRECTION('',(0.,0.,1.));
#4049 = ORIENTED_EDGE('',*,*,#4050,.F.);
#4050 = EDGE_CURVE('',#4027,#4043,#4051,.T.);
#4051 = LINE('',#4052,#4053);
#4052 = CARTESIAN_POINT('',(-0.71,3.1,0.203));
#4053 = VECTOR('',#4054,1.);
#4054 = DIRECTION('',(-0.,1.,0.));
#4055 = PLANE('',#4056);
#4056 = AXIS2_PLACEMENT_3D('',#4057,#4058,#4059);
#4057 = CARTESIAN_POINT('',(-0.71,3.1,0.));
#4058 = DIRECTION('',(1.,0.,-0.));
#4059 = DIRECTION('',(0.,0.,1.));
#4060 = ADVANCED_FACE('',(#4061),#4077,.F.);
#4061 = FACE_BOUND('',#4062,.F.);
#4062 = EDGE_LOOP('',(#4063,#4069,#4070,#4076));
#4063 = ORIENTED_EDGE('',*,*,#4064,.F.);
#4064 = EDGE_CURVE('',#3985,#4025,#4065,.T.);
#4065 = LINE('',#4066,#4067);
#4066 = CARTESIAN_POINT('',(-0.89,3.1,0.));
#4067 = VECTOR('',#4068,1.);
#4068 = DIRECTION('',(1.,0.,-0.));
#4069 = ORIENTED_EDGE('',*,*,#3984,.T.);
#4070 = ORIENTED_EDGE('',*,*,#4071,.T.);
#4071 = EDGE_CURVE('',#3987,#4027,#4072,.T.);
#4072 = LINE('',#4073,#4074);
#4073 = CARTESIAN_POINT('',(-0.89,3.1,0.203));
#4074 = VECTOR('',#4075,1.);
#4075 = DIRECTION('',(1.,0.,-0.));
#4076 = ORIENTED_EDGE('',*,*,#4024,.F.);
#4077 = PLANE('',#4078);
#4078 = AXIS2_PLACEMENT_3D('',#4079,#4080,#4081);
#4079 = CARTESIAN_POINT('',(-0.89,3.1,0.));
#4080 = DIRECTION('',(-0.,1.,0.));
#4081 = DIRECTION('',(0.,0.,1.));
#4082 = ADVANCED_FACE('',(#4083),#4099,.T.);
#4083 = FACE_BOUND('',#4084,.T.);
#4084 = EDGE_LOOP('',(#4085,#4091,#4092,#4098));
#4085 = ORIENTED_EDGE('',*,*,#4086,.F.);
#4086 = EDGE_CURVE('',#3995,#4035,#4087,.T.);
#4087 = LINE('',#4088,#4089);
#4088 = CARTESIAN_POINT('',(-0.89,3.5,0.));
#4089 = VECTOR('',#4090,1.);
#4090 = DIRECTION('',(1.,0.,-0.));
#4091 = ORIENTED_EDGE('',*,*,#4002,.T.);
#4092 = ORIENTED_EDGE('',*,*,#4093,.T.);
#4093 = EDGE_CURVE('',#4003,#4043,#4094,.T.);
#4094 = LINE('',#4095,#4096);
#4095 = CARTESIAN_POINT('',(-0.89,3.5,0.203));
#4096 = VECTOR('',#4097,1.);
#4097 = DIRECTION('',(1.,0.,-0.));
#4098 = ORIENTED_EDGE('',*,*,#4042,.F.);
#4099 = PLANE('',#4100);
#4100 = AXIS2_PLACEMENT_3D('',#4101,#4102,#4103);
#4101 = CARTESIAN_POINT('',(-0.89,3.5,0.));
#4102 = DIRECTION('',(-0.,1.,0.));
#4103 = DIRECTION('',(0.,0.,1.));
#4104 = ADVANCED_FACE('',(#4105),#4111,.F.);
#4105 = FACE_BOUND('',#4106,.F.);
#4106 = EDGE_LOOP('',(#4107,#4108,#4109,#4110));
#4107 = ORIENTED_EDGE('',*,*,#3994,.F.);
#4108 = ORIENTED_EDGE('',*,*,#4064,.T.);
#4109 = ORIENTED_EDGE('',*,*,#4034,.T.);
#4110 = ORIENTED_EDGE('',*,*,#4086,.F.);
#4111 = PLANE('',#4112);
#4112 = AXIS2_PLACEMENT_3D('',#4113,#4114,#4115);
#4113 = CARTESIAN_POINT('',(-0.89,3.1,0.));
#4114 = DIRECTION('',(0.,0.,1.));
#4115 = DIRECTION('',(1.,0.,-0.));
#4116 = ADVANCED_FACE('',(#4117),#4123,.T.);
#4117 = FACE_BOUND('',#4118,.T.);
#4118 = EDGE_LOOP('',(#4119,#4120,#4121,#4122));
#4119 = ORIENTED_EDGE('',*,*,#4010,.F.);
#4120 = ORIENTED_EDGE('',*,*,#4071,.T.);
#4121 = ORIENTED_EDGE('',*,*,#4050,.T.);
#4122 = ORIENTED_EDGE('',*,*,#4093,.F.);
#4123 = PLANE('',#4124);
#4124 = AXIS2_PLACEMENT_3D('',#4125,#4126,#4127);
#4125 = CARTESIAN_POINT('',(-0.89,3.1,0.203));
#4126 = DIRECTION('',(0.,0.,1.));
#4127 = DIRECTION('',(1.,0.,-0.));
#4128 = MANIFOLD_SOLID_BREP('',#4129);
#4129 = CLOSED_SHELL('',(#4130,#4170,#4210,#4232,#4254,#4266));
#4130 = ADVANCED_FACE('',(#4131),#4165,.F.);
#4131 = FACE_BOUND('',#4132,.F.);
#4132 = EDGE_LOOP('',(#4133,#4143,#4151,#4159));
#4133 = ORIENTED_EDGE('',*,*,#4134,.F.);
#4134 = EDGE_CURVE('',#4135,#4137,#4139,.T.);
#4135 = VERTEX_POINT('',#4136);
#4136 = CARTESIAN_POINT('',(-3.5,-0.89,0.));
#4137 = VERTEX_POINT('',#4138);
#4138 = CARTESIAN_POINT('',(-3.5,-0.89,0.203));
#4139 = LINE('',#4140,#4141);
#4140 = CARTESIAN_POINT('',(-3.5,-0.89,0.));
#4141 = VECTOR('',#4142,1.);
#4142 = DIRECTION('',(0.,0.,1.));
#4143 = ORIENTED_EDGE('',*,*,#4144,.T.);
#4144 = EDGE_CURVE('',#4135,#4145,#4147,.T.);
#4145 = VERTEX_POINT('',#4146);
#4146 = CARTESIAN_POINT('',(-3.5,-0.71,0.));
#4147 = LINE('',#4148,#4149);
#4148 = CARTESIAN_POINT('',(-3.5,-0.89,0.));
#4149 = VECTOR('',#4150,1.);
#4150 = DIRECTION('',(-0.,1.,0.));
#4151 = ORIENTED_EDGE('',*,*,#4152,.T.);
#4152 = EDGE_CURVE('',#4145,#4153,#4155,.T.);
#4153 = VERTEX_POINT('',#4154);
#4154 = CARTESIAN_POINT('',(-3.5,-0.71,0.203));
#4155 = LINE('',#4156,#4157);
#4156 = CARTESIAN_POINT('',(-3.5,-0.71,0.));
#4157 = VECTOR('',#4158,1.);
#4158 = DIRECTION('',(0.,0.,1.));
#4159 = ORIENTED_EDGE('',*,*,#4160,.F.);
#4160 = EDGE_CURVE('',#4137,#4153,#4161,.T.);
#4161 = LINE('',#4162,#4163);
#4162 = CARTESIAN_POINT('',(-3.5,-0.89,0.203));
#4163 = VECTOR('',#4164,1.);
#4164 = DIRECTION('',(-0.,1.,0.));
#4165 = PLANE('',#4166);
#4166 = AXIS2_PLACEMENT_3D('',#4167,#4168,#4169);
#4167 = CARTESIAN_POINT('',(-3.5,-0.89,0.));
#4168 = DIRECTION('',(1.,0.,-0.));
#4169 = DIRECTION('',(0.,0.,1.));
#4170 = ADVANCED_FACE('',(#4171),#4205,.T.);
#4171 = FACE_BOUND('',#4172,.T.);
#4172 = EDGE_LOOP('',(#4173,#4183,#4191,#4199));
#4173 = ORIENTED_EDGE('',*,*,#4174,.F.);
#4174 = EDGE_CURVE('',#4175,#4177,#4179,.T.);
#4175 = VERTEX_POINT('',#4176);
#4176 = CARTESIAN_POINT('',(-3.1,-0.89,0.));
#4177 = VERTEX_POINT('',#4178);
#4178 = CARTESIAN_POINT('',(-3.1,-0.89,0.203));
#4179 = LINE('',#4180,#4181);
#4180 = CARTESIAN_POINT('',(-3.1,-0.89,0.));
#4181 = VECTOR('',#4182,1.);
#4182 = DIRECTION('',(0.,0.,1.));
#4183 = ORIENTED_EDGE('',*,*,#4184,.T.);
#4184 = EDGE_CURVE('',#4175,#4185,#4187,.T.);
#4185 = VERTEX_POINT('',#4186);
#4186 = CARTESIAN_POINT('',(-3.1,-0.71,0.));
#4187 = LINE('',#4188,#4189);
#4188 = CARTESIAN_POINT('',(-3.1,-0.89,0.));
#4189 = VECTOR('',#4190,1.);
#4190 = DIRECTION('',(-0.,1.,0.));
#4191 = ORIENTED_EDGE('',*,*,#4192,.T.);
#4192 = EDGE_CURVE('',#4185,#4193,#4195,.T.);
#4193 = VERTEX_POINT('',#4194);
#4194 = CARTESIAN_POINT('',(-3.1,-0.71,0.203));
#4195 = LINE('',#4196,#4197);
#4196 = CARTESIAN_POINT('',(-3.1,-0.71,0.));
#4197 = VECTOR('',#4198,1.);
#4198 = DIRECTION('',(0.,0.,1.));
#4199 = ORIENTED_EDGE('',*,*,#4200,.F.);
#4200 = EDGE_CURVE('',#4177,#4193,#4201,.T.);
#4201 = LINE('',#4202,#4203);
#4202 = CARTESIAN_POINT('',(-3.1,-0.89,0.203));
#4203 = VECTOR('',#4204,1.);
#4204 = DIRECTION('',(-0.,1.,0.));
#4205 = PLANE('',#4206);
#4206 = AXIS2_PLACEMENT_3D('',#4207,#4208,#4209);
#4207 = CARTESIAN_POINT('',(-3.1,-0.89,0.));
#4208 = DIRECTION('',(1.,0.,-0.));
#4209 = DIRECTION('',(0.,0.,1.));
#4210 = ADVANCED_FACE('',(#4211),#4227,.F.);
#4211 = FACE_BOUND('',#4212,.F.);
#4212 = EDGE_LOOP('',(#4213,#4219,#4220,#4226));
#4213 = ORIENTED_EDGE('',*,*,#4214,.F.);
#4214 = EDGE_CURVE('',#4135,#4175,#4215,.T.);
#4215 = LINE('',#4216,#4217);
#4216 = CARTESIAN_POINT('',(-3.5,-0.89,0.));
#4217 = VECTOR('',#4218,1.);
#4218 = DIRECTION('',(1.,0.,-0.));
#4219 = ORIENTED_EDGE('',*,*,#4134,.T.);
#4220 = ORIENTED_EDGE('',*,*,#4221,.T.);
#4221 = EDGE_CURVE('',#4137,#4177,#4222,.T.);
#4222 = LINE('',#4223,#4224);
#4223 = CARTESIAN_POINT('',(-3.5,-0.89,0.203));
#4224 = VECTOR('',#4225,1.);
#4225 = DIRECTION('',(1.,0.,-0.));
#4226 = ORIENTED_EDGE('',*,*,#4174,.F.);
#4227 = PLANE('',#4228);
#4228 = AXIS2_PLACEMENT_3D('',#4229,#4230,#4231);
#4229 = CARTESIAN_POINT('',(-3.5,-0.89,0.));
#4230 = DIRECTION('',(-0.,1.,0.));
#4231 = DIRECTION('',(0.,0.,1.));
#4232 = ADVANCED_FACE('',(#4233),#4249,.T.);
#4233 = FACE_BOUND('',#4234,.T.);
#4234 = EDGE_LOOP('',(#4235,#4241,#4242,#4248));
#4235 = ORIENTED_EDGE('',*,*,#4236,.F.);
#4236 = EDGE_CURVE('',#4145,#4185,#4237,.T.);
#4237 = LINE('',#4238,#4239);
#4238 = CARTESIAN_POINT('',(-3.5,-0.71,0.));
#4239 = VECTOR('',#4240,1.);
#4240 = DIRECTION('',(1.,0.,-0.));
#4241 = ORIENTED_EDGE('',*,*,#4152,.T.);
#4242 = ORIENTED_EDGE('',*,*,#4243,.T.);
#4243 = EDGE_CURVE('',#4153,#4193,#4244,.T.);
#4244 = LINE('',#4245,#4246);
#4245 = CARTESIAN_POINT('',(-3.5,-0.71,0.203));
#4246 = VECTOR('',#4247,1.);
#4247 = DIRECTION('',(1.,0.,-0.));
#4248 = ORIENTED_EDGE('',*,*,#4192,.F.);
#4249 = PLANE('',#4250);
#4250 = AXIS2_PLACEMENT_3D('',#4251,#4252,#4253);
#4251 = CARTESIAN_POINT('',(-3.5,-0.71,0.));
#4252 = DIRECTION('',(-0.,1.,0.));
#4253 = DIRECTION('',(0.,0.,1.));
#4254 = ADVANCED_FACE('',(#4255),#4261,.F.);
#4255 = FACE_BOUND('',#4256,.F.);
#4256 = EDGE_LOOP('',(#4257,#4258,#4259,#4260));
#4257 = ORIENTED_EDGE('',*,*,#4144,.F.);
#4258 = ORIENTED_EDGE('',*,*,#4214,.T.);
#4259 = ORIENTED_EDGE('',*,*,#4184,.T.);
#4260 = ORIENTED_EDGE('',*,*,#4236,.F.);
#4261 = PLANE('',#4262);
#4262 = AXIS2_PLACEMENT_3D('',#4263,#4264,#4265);
#4263 = CARTESIAN_POINT('',(-3.5,-0.89,0.));
#4264 = DIRECTION('',(0.,0.,1.));
#4265 = DIRECTION('',(1.,0.,-0.));
#4266 = ADVANCED_FACE('',(#4267),#4273,.T.);
#4267 = FACE_BOUND('',#4268,.T.);
#4268 = EDGE_LOOP('',(#4269,#4270,#4271,#4272));
#4269 = ORIENTED_EDGE('',*,*,#4160,.F.);
#4270 = ORIENTED_EDGE('',*,*,#4221,.T.);
#4271 = ORIENTED_EDGE('',*,*,#4200,.T.);
#4272 = ORIENTED_EDGE('',*,*,#4243,.F.);
#4273 = PLANE('',#4274);
#4274 = AXIS2_PLACEMENT_3D('',#4275,#4276,#4277);
#4275 = CARTESIAN_POINT('',(-3.5,-0.89,0.203));
#4276 = DIRECTION('',(0.,0.,1.));
#4277 = DIRECTION('',(1.,0.,-0.));
#4278 = MANIFOLD_SOLID_BREP('',#4279);
#4279 = CLOSED_SHELL('',(#4280,#4320,#4360,#4382,#4404,#4416));
#4280 = ADVANCED_FACE('',(#4281),#4315,.F.);
#4281 = FACE_BOUND('',#4282,.F.);
#4282 = EDGE_LOOP('',(#4283,#4293,#4301,#4309));
#4283 = ORIENTED_EDGE('',*,*,#4284,.F.);
#4284 = EDGE_CURVE('',#4285,#4287,#4289,.T.);
#4285 = VERTEX_POINT('',#4286);
#4286 = CARTESIAN_POINT('',(3.1,-0.89,0.));
#4287 = VERTEX_POINT('',#4288);
#4288 = CARTESIAN_POINT('',(3.1,-0.89,0.203));
#4289 = LINE('',#4290,#4291);
#4290 = CARTESIAN_POINT('',(3.1,-0.89,0.));
#4291 = VECTOR('',#4292,1.);
#4292 = DIRECTION('',(0.,0.,1.));
#4293 = ORIENTED_EDGE('',*,*,#4294,.T.);
#4294 = EDGE_CURVE('',#4285,#4295,#4297,.T.);
#4295 = VERTEX_POINT('',#4296);
#4296 = CARTESIAN_POINT('',(3.1,-0.71,0.));
#4297 = LINE('',#4298,#4299);
#4298 = CARTESIAN_POINT('',(3.1,-0.89,0.));
#4299 = VECTOR('',#4300,1.);
#4300 = DIRECTION('',(-0.,1.,0.));
#4301 = ORIENTED_EDGE('',*,*,#4302,.T.);
#4302 = EDGE_CURVE('',#4295,#4303,#4305,.T.);
#4303 = VERTEX_POINT('',#4304);
#4304 = CARTESIAN_POINT('',(3.1,-0.71,0.203));
#4305 = LINE('',#4306,#4307);
#4306 = CARTESIAN_POINT('',(3.1,-0.71,0.));
#4307 = VECTOR('',#4308,1.);
#4308 = DIRECTION('',(0.,0.,1.));
#4309 = ORIENTED_EDGE('',*,*,#4310,.F.);
#4310 = EDGE_CURVE('',#4287,#4303,#4311,.T.);
#4311 = LINE('',#4312,#4313);
#4312 = CARTESIAN_POINT('',(3.1,-0.89,0.203));
#4313 = VECTOR('',#4314,1.);
#4314 = DIRECTION('',(-0.,1.,0.));
#4315 = PLANE('',#4316);
#4316 = AXIS2_PLACEMENT_3D('',#4317,#4318,#4319);
#4317 = CARTESIAN_POINT('',(3.1,-0.89,0.));
#4318 = DIRECTION('',(1.,0.,-0.));
#4319 = DIRECTION('',(0.,0.,1.));
#4320 = ADVANCED_FACE('',(#4321),#4355,.T.);
#4321 = FACE_BOUND('',#4322,.T.);
#4322 = EDGE_LOOP('',(#4323,#4333,#4341,#4349));
#4323 = ORIENTED_EDGE('',*,*,#4324,.F.);
#4324 = EDGE_CURVE('',#4325,#4327,#4329,.T.);
#4325 = VERTEX_POINT('',#4326);
#4326 = CARTESIAN_POINT('',(3.5,-0.89,0.));
#4327 = VERTEX_POINT('',#4328);
#4328 = CARTESIAN_POINT('',(3.5,-0.89,0.203));
#4329 = LINE('',#4330,#4331);
#4330 = CARTESIAN_POINT('',(3.5,-0.89,0.));
#4331 = VECTOR('',#4332,1.);
#4332 = DIRECTION('',(0.,0.,1.));
#4333 = ORIENTED_EDGE('',*,*,#4334,.T.);
#4334 = EDGE_CURVE('',#4325,#4335,#4337,.T.);
#4335 = VERTEX_POINT('',#4336);
#4336 = CARTESIAN_POINT('',(3.5,-0.71,0.));
#4337 = LINE('',#4338,#4339);
#4338 = CARTESIAN_POINT('',(3.5,-0.89,0.));
#4339 = VECTOR('',#4340,1.);
#4340 = DIRECTION('',(-0.,1.,0.));
#4341 = ORIENTED_EDGE('',*,*,#4342,.T.);
#4342 = EDGE_CURVE('',#4335,#4343,#4345,.T.);
#4343 = VERTEX_POINT('',#4344);
#4344 = CARTESIAN_POINT('',(3.5,-0.71,0.203));
#4345 = LINE('',#4346,#4347);
#4346 = CARTESIAN_POINT('',(3.5,-0.71,0.));
#4347 = VECTOR('',#4348,1.);
#4348 = DIRECTION('',(0.,0.,1.));
#4349 = ORIENTED_EDGE('',*,*,#4350,.F.);
#4350 = EDGE_CURVE('',#4327,#4343,#4351,.T.);
#4351 = LINE('',#4352,#4353);
#4352 = CARTESIAN_POINT('',(3.5,-0.89,0.203));
#4353 = VECTOR('',#4354,1.);
#4354 = DIRECTION('',(-0.,1.,0.));
#4355 = PLANE('',#4356);
#4356 = AXIS2_PLACEMENT_3D('',#4357,#4358,#4359);
#4357 = CARTESIAN_POINT('',(3.5,-0.89,0.));
#4358 = DIRECTION('',(1.,0.,-0.));
#4359 = DIRECTION('',(0.,0.,1.));
#4360 = ADVANCED_FACE('',(#4361),#4377,.F.);
#4361 = FACE_BOUND('',#4362,.F.);
#4362 = EDGE_LOOP('',(#4363,#4369,#4370,#4376));
#4363 = ORIENTED_EDGE('',*,*,#4364,.F.);
#4364 = EDGE_CURVE('',#4285,#4325,#4365,.T.);
#4365 = LINE('',#4366,#4367);
#4366 = CARTESIAN_POINT('',(3.1,-0.89,0.));
#4367 = VECTOR('',#4368,1.);
#4368 = DIRECTION('',(1.,0.,-0.));
#4369 = ORIENTED_EDGE('',*,*,#4284,.T.);
#4370 = ORIENTED_EDGE('',*,*,#4371,.T.);
#4371 = EDGE_CURVE('',#4287,#4327,#4372,.T.);
#4372 = LINE('',#4373,#4374);
#4373 = CARTESIAN_POINT('',(3.1,-0.89,0.203));
#4374 = VECTOR('',#4375,1.);
#4375 = DIRECTION('',(1.,0.,-0.));
#4376 = ORIENTED_EDGE('',*,*,#4324,.F.);
#4377 = PLANE('',#4378);
#4378 = AXIS2_PLACEMENT_3D('',#4379,#4380,#4381);
#4379 = CARTESIAN_POINT('',(3.1,-0.89,0.));
#4380 = DIRECTION('',(-0.,1.,0.));
#4381 = DIRECTION('',(0.,0.,1.));
#4382 = ADVANCED_FACE('',(#4383),#4399,.T.);
#4383 = FACE_BOUND('',#4384,.T.);
#4384 = EDGE_LOOP('',(#4385,#4391,#4392,#4398));
#4385 = ORIENTED_EDGE('',*,*,#4386,.F.);
#4386 = EDGE_CURVE('',#4295,#4335,#4387,.T.);
#4387 = LINE('',#4388,#4389);
#4388 = CARTESIAN_POINT('',(3.1,-0.71,0.));
#4389 = VECTOR('',#4390,1.);
#4390 = DIRECTION('',(1.,0.,-0.));
#4391 = ORIENTED_EDGE('',*,*,#4302,.T.);
#4392 = ORIENTED_EDGE('',*,*,#4393,.T.);
#4393 = EDGE_CURVE('',#4303,#4343,#4394,.T.);
#4394 = LINE('',#4395,#4396);
#4395 = CARTESIAN_POINT('',(3.1,-0.71,0.203));
#4396 = VECTOR('',#4397,1.);
#4397 = DIRECTION('',(1.,0.,-0.));
#4398 = ORIENTED_EDGE('',*,*,#4342,.F.);
#4399 = PLANE('',#4400);
#4400 = AXIS2_PLACEMENT_3D('',#4401,#4402,#4403);
#4401 = CARTESIAN_POINT('',(3.1,-0.71,0.));
#4402 = DIRECTION('',(-0.,1.,0.));
#4403 = DIRECTION('',(0.,0.,1.));
#4404 = ADVANCED_FACE('',(#4405),#4411,.F.);
#4405 = FACE_BOUND('',#4406,.F.);
#4406 = EDGE_LOOP('',(#4407,#4408,#4409,#4410));
#4407 = ORIENTED_EDGE('',*,*,#4294,.F.);
#4408 = ORIENTED_EDGE('',*,*,#4364,.T.);
#4409 = ORIENTED_EDGE('',*,*,#4334,.T.);
#4410 = ORIENTED_EDGE('',*,*,#4386,.F.);
#4411 = PLANE('',#4412);
#4412 = AXIS2_PLACEMENT_3D('',#4413,#4414,#4415);
#4413 = CARTESIAN_POINT('',(3.1,-0.89,0.));
#4414 = DIRECTION('',(0.,0.,1.));
#4415 = DIRECTION('',(1.,0.,-0.));
#4416 = ADVANCED_FACE('',(#4417),#4423,.T.);
#4417 = FACE_BOUND('',#4418,.T.);
#4418 = EDGE_LOOP('',(#4419,#4420,#4421,#4422));
#4419 = ORIENTED_EDGE('',*,*,#4310,.F.);
#4420 = ORIENTED_EDGE('',*,*,#4371,.T.);
#4421 = ORIENTED_EDGE('',*,*,#4350,.T.);
#4422 = ORIENTED_EDGE('',*,*,#4393,.F.);
#4423 = PLANE('',#4424);
#4424 = AXIS2_PLACEMENT_3D('',#4425,#4426,#4427);
#4425 = CARTESIAN_POINT('',(3.1,-0.89,0.203));
#4426 = DIRECTION('',(0.,0.,1.));
#4427 = DIRECTION('',(1.,0.,-0.));
#4428 = MANIFOLD_SOLID_BREP('',#4429);
#4429 = CLOSED_SHELL('',(#4430,#4470,#4510,#4532,#4554,#4566));
#4430 = ADVANCED_FACE('',(#4431),#4465,.F.);
#4431 = FACE_BOUND('',#4432,.F.);
#4432 = EDGE_LOOP('',(#4433,#4443,#4451,#4459));
#4433 = ORIENTED_EDGE('',*,*,#4434,.F.);
#4434 = EDGE_CURVE('',#4435,#4437,#4439,.T.);
#4435 = VERTEX_POINT('',#4436);
#4436 = CARTESIAN_POINT('',(-0.49,-3.5,0.));
#4437 = VERTEX_POINT('',#4438);
#4438 = CARTESIAN_POINT('',(-0.49,-3.5,0.203));
#4439 = LINE('',#4440,#4441);
#4440 = CARTESIAN_POINT('',(-0.49,-3.5,0.));
#4441 = VECTOR('',#4442,1.);
#4442 = DIRECTION('',(0.,0.,1.));
#4443 = ORIENTED_EDGE('',*,*,#4444,.T.);
#4444 = EDGE_CURVE('',#4435,#4445,#4447,.T.);
#4445 = VERTEX_POINT('',#4446);
#4446 = CARTESIAN_POINT('',(-0.49,-3.1,0.));
#4447 = LINE('',#4448,#4449);
#4448 = CARTESIAN_POINT('',(-0.49,-3.5,0.));
#4449 = VECTOR('',#4450,1.);
#4450 = DIRECTION('',(-0.,1.,0.));
#4451 = ORIENTED_EDGE('',*,*,#4452,.T.);
#4452 = EDGE_CURVE('',#4445,#4453,#4455,.T.);
#4453 = VERTEX_POINT('',#4454);
#4454 = CARTESIAN_POINT('',(-0.49,-3.1,0.203));
#4455 = LINE('',#4456,#4457);
#4456 = CARTESIAN_POINT('',(-0.49,-3.1,0.));
#4457 = VECTOR('',#4458,1.);
#4458 = DIRECTION('',(0.,0.,1.));
#4459 = ORIENTED_EDGE('',*,*,#4460,.F.);
#4460 = EDGE_CURVE('',#4437,#4453,#4461,.T.);
#4461 = LINE('',#4462,#4463);
#4462 = CARTESIAN_POINT('',(-0.49,-3.5,0.203));
#4463 = VECTOR('',#4464,1.);
#4464 = DIRECTION('',(-0.,1.,0.));
#4465 = PLANE('',#4466);
#4466 = AXIS2_PLACEMENT_3D('',#4467,#4468,#4469);
#4467 = CARTESIAN_POINT('',(-0.49,-3.5,0.));
#4468 = DIRECTION('',(1.,0.,-0.));
#4469 = DIRECTION('',(0.,0.,1.));
#4470 = ADVANCED_FACE('',(#4471),#4505,.T.);
#4471 = FACE_BOUND('',#4472,.T.);
#4472 = EDGE_LOOP('',(#4473,#4483,#4491,#4499));
#4473 = ORIENTED_EDGE('',*,*,#4474,.F.);
#4474 = EDGE_CURVE('',#4475,#4477,#4479,.T.);
#4475 = VERTEX_POINT('',#4476);
#4476 = CARTESIAN_POINT('',(-0.31,-3.5,0.));
#4477 = VERTEX_POINT('',#4478);
#4478 = CARTESIAN_POINT('',(-0.31,-3.5,0.203));
#4479 = LINE('',#4480,#4481);
#4480 = CARTESIAN_POINT('',(-0.31,-3.5,0.));
#4481 = VECTOR('',#4482,1.);
#4482 = DIRECTION('',(0.,0.,1.));
#4483 = ORIENTED_EDGE('',*,*,#4484,.T.);
#4484 = EDGE_CURVE('',#4475,#4485,#4487,.T.);
#4485 = VERTEX_POINT('',#4486);
#4486 = CARTESIAN_POINT('',(-0.31,-3.1,0.));
#4487 = LINE('',#4488,#4489);
#4488 = CARTESIAN_POINT('',(-0.31,-3.5,0.));
#4489 = VECTOR('',#4490,1.);
#4490 = DIRECTION('',(-0.,1.,0.));
#4491 = ORIENTED_EDGE('',*,*,#4492,.T.);
#4492 = EDGE_CURVE('',#4485,#4493,#4495,.T.);
#4493 = VERTEX_POINT('',#4494);
#4494 = CARTESIAN_POINT('',(-0.31,-3.1,0.203));
#4495 = LINE('',#4496,#4497);
#4496 = CARTESIAN_POINT('',(-0.31,-3.1,0.));
#4497 = VECTOR('',#4498,1.);
#4498 = DIRECTION('',(0.,0.,1.));
#4499 = ORIENTED_EDGE('',*,*,#4500,.F.);
#4500 = EDGE_CURVE('',#4477,#4493,#4501,.T.);
#4501 = LINE('',#4502,#4503);
#4502 = CARTESIAN_POINT('',(-0.31,-3.5,0.203));
#4503 = VECTOR('',#4504,1.);
#4504 = DIRECTION('',(-0.,1.,0.));
#4505 = PLANE('',#4506);
#4506 = AXIS2_PLACEMENT_3D('',#4507,#4508,#4509);
#4507 = CARTESIAN_POINT('',(-0.31,-3.5,0.));
#4508 = DIRECTION('',(1.,0.,-0.));
#4509 = DIRECTION('',(0.,0.,1.));
#4510 = ADVANCED_FACE('',(#4511),#4527,.F.);
#4511 = FACE_BOUND('',#4512,.F.);
#4512 = EDGE_LOOP('',(#4513,#4519,#4520,#4526));
#4513 = ORIENTED_EDGE('',*,*,#4514,.F.);
#4514 = EDGE_CURVE('',#4435,#4475,#4515,.T.);
#4515 = LINE('',#4516,#4517);
#4516 = CARTESIAN_POINT('',(-0.49,-3.5,0.));
#4517 = VECTOR('',#4518,1.);
#4518 = DIRECTION('',(1.,0.,-0.));
#4519 = ORIENTED_EDGE('',*,*,#4434,.T.);
#4520 = ORIENTED_EDGE('',*,*,#4521,.T.);
#4521 = EDGE_CURVE('',#4437,#4477,#4522,.T.);
#4522 = LINE('',#4523,#4524);
#4523 = CARTESIAN_POINT('',(-0.49,-3.5,0.203));
#4524 = VECTOR('',#4525,1.);
#4525 = DIRECTION('',(1.,0.,-0.));
#4526 = ORIENTED_EDGE('',*,*,#4474,.F.);
#4527 = PLANE('',#4528);
#4528 = AXIS2_PLACEMENT_3D('',#4529,#4530,#4531);
#4529 = CARTESIAN_POINT('',(-0.49,-3.5,0.));
#4530 = DIRECTION('',(-0.,1.,0.));
#4531 = DIRECTION('',(0.,0.,1.));
#4532 = ADVANCED_FACE('',(#4533),#4549,.T.);
#4533 = FACE_BOUND('',#4534,.T.);
#4534 = EDGE_LOOP('',(#4535,#4541,#4542,#4548));
#4535 = ORIENTED_EDGE('',*,*,#4536,.F.);
#4536 = EDGE_CURVE('',#4445,#4485,#4537,.T.);
#4537 = LINE('',#4538,#4539);
#4538 = CARTESIAN_POINT('',(-0.49,-3.1,0.));
#4539 = VECTOR('',#4540,1.);
#4540 = DIRECTION('',(1.,0.,-0.));
#4541 = ORIENTED_EDGE('',*,*,#4452,.T.);
#4542 = ORIENTED_EDGE('',*,*,#4543,.T.);
#4543 = EDGE_CURVE('',#4453,#4493,#4544,.T.);
#4544 = LINE('',#4545,#4546);
#4545 = CARTESIAN_POINT('',(-0.49,-3.1,0.203));
#4546 = VECTOR('',#4547,1.);
#4547 = DIRECTION('',(1.,0.,-0.));
#4548 = ORIENTED_EDGE('',*,*,#4492,.F.);
#4549 = PLANE('',#4550);
#4550 = AXIS2_PLACEMENT_3D('',#4551,#4552,#4553);
#4551 = CARTESIAN_POINT('',(-0.49,-3.1,0.));
#4552 = DIRECTION('',(-0.,1.,0.));
#4553 = DIRECTION('',(0.,0.,1.));
#4554 = ADVANCED_FACE('',(#4555),#4561,.F.);
#4555 = FACE_BOUND('',#4556,.F.);
#4556 = EDGE_LOOP('',(#4557,#4558,#4559,#4560));
#4557 = ORIENTED_EDGE('',*,*,#4444,.F.);
#4558 = ORIENTED_EDGE('',*,*,#4514,.T.);
#4559 = ORIENTED_EDGE('',*,*,#4484,.T.);
#4560 = ORIENTED_EDGE('',*,*,#4536,.F.);
#4561 = PLANE('',#4562);
#4562 = AXIS2_PLACEMENT_3D('',#4563,#4564,#4565);
#4563 = CARTESIAN_POINT('',(-0.49,-3.5,0.));
#4564 = DIRECTION('',(0.,0.,1.));
#4565 = DIRECTION('',(1.,0.,-0.));
#4566 = ADVANCED_FACE('',(#4567),#4573,.T.);
#4567 = FACE_BOUND('',#4568,.T.);
#4568 = EDGE_LOOP('',(#4569,#4570,#4571,#4572));
#4569 = ORIENTED_EDGE('',*,*,#4460,.F.);
#4570 = ORIENTED_EDGE('',*,*,#4521,.T.);
#4571 = ORIENTED_EDGE('',*,*,#4500,.T.);
#4572 = ORIENTED_EDGE('',*,*,#4543,.F.);
#4573 = PLANE('',#4574);
#4574 = AXIS2_PLACEMENT_3D('',#4575,#4576,#4577);
#4575 = CARTESIAN_POINT('',(-0.49,-3.5,0.203));
#4576 = DIRECTION('',(0.,0.,1.));
#4577 = DIRECTION('',(1.,0.,-0.));
#4578 = MANIFOLD_SOLID_BREP('',#4579);
#4579 = CLOSED_SHELL('',(#4580,#4620,#4660,#4682,#4704,#4716));
#4580 = ADVANCED_FACE('',(#4581),#4615,.F.);
#4581 = FACE_BOUND('',#4582,.F.);
#4582 = EDGE_LOOP('',(#4583,#4593,#4601,#4609));
#4583 = ORIENTED_EDGE('',*,*,#4584,.F.);
#4584 = EDGE_CURVE('',#4585,#4587,#4589,.T.);
#4585 = VERTEX_POINT('',#4586);
#4586 = CARTESIAN_POINT('',(-0.49,3.1,0.));
#4587 = VERTEX_POINT('',#4588);
#4588 = CARTESIAN_POINT('',(-0.49,3.1,0.203));
#4589 = LINE('',#4590,#4591);
#4590 = CARTESIAN_POINT('',(-0.49,3.1,0.));
#4591 = VECTOR('',#4592,1.);
#4592 = DIRECTION('',(0.,0.,1.));
#4593 = ORIENTED_EDGE('',*,*,#4594,.T.);
#4594 = EDGE_CURVE('',#4585,#4595,#4597,.T.);
#4595 = VERTEX_POINT('',#4596);
#4596 = CARTESIAN_POINT('',(-0.49,3.5,0.));
#4597 = LINE('',#4598,#4599);
#4598 = CARTESIAN_POINT('',(-0.49,3.1,0.));
#4599 = VECTOR('',#4600,1.);
#4600 = DIRECTION('',(-0.,1.,0.));
#4601 = ORIENTED_EDGE('',*,*,#4602,.T.);
#4602 = EDGE_CURVE('',#4595,#4603,#4605,.T.);
#4603 = VERTEX_POINT('',#4604);
#4604 = CARTESIAN_POINT('',(-0.49,3.5,0.203));
#4605 = LINE('',#4606,#4607);
#4606 = CARTESIAN_POINT('',(-0.49,3.5,0.));
#4607 = VECTOR('',#4608,1.);
#4608 = DIRECTION('',(0.,0.,1.));
#4609 = ORIENTED_EDGE('',*,*,#4610,.F.);
#4610 = EDGE_CURVE('',#4587,#4603,#4611,.T.);
#4611 = LINE('',#4612,#4613);
#4612 = CARTESIAN_POINT('',(-0.49,3.1,0.203));
#4613 = VECTOR('',#4614,1.);
#4614 = DIRECTION('',(-0.,1.,0.));
#4615 = PLANE('',#4616);
#4616 = AXIS2_PLACEMENT_3D('',#4617,#4618,#4619);
#4617 = CARTESIAN_POINT('',(-0.49,3.1,0.));
#4618 = DIRECTION('',(1.,0.,-0.));
#4619 = DIRECTION('',(0.,0.,1.));
#4620 = ADVANCED_FACE('',(#4621),#4655,.T.);
#4621 = FACE_BOUND('',#4622,.T.);
#4622 = EDGE_LOOP('',(#4623,#4633,#4641,#4649));
#4623 = ORIENTED_EDGE('',*,*,#4624,.F.);
#4624 = EDGE_CURVE('',#4625,#4627,#4629,.T.);
#4625 = VERTEX_POINT('',#4626);
#4626 = CARTESIAN_POINT('',(-0.31,3.1,0.));
#4627 = VERTEX_POINT('',#4628);
#4628 = CARTESIAN_POINT('',(-0.31,3.1,0.203));
#4629 = LINE('',#4630,#4631);
#4630 = CARTESIAN_POINT('',(-0.31,3.1,0.));
#4631 = VECTOR('',#4632,1.);
#4632 = DIRECTION('',(0.,0.,1.));
#4633 = ORIENTED_EDGE('',*,*,#4634,.T.);
#4634 = EDGE_CURVE('',#4625,#4635,#4637,.T.);
#4635 = VERTEX_POINT('',#4636);
#4636 = CARTESIAN_POINT('',(-0.31,3.5,0.));
#4637 = LINE('',#4638,#4639);
#4638 = CARTESIAN_POINT('',(-0.31,3.1,0.));
#4639 = VECTOR('',#4640,1.);
#4640 = DIRECTION('',(-0.,1.,0.));
#4641 = ORIENTED_EDGE('',*,*,#4642,.T.);
#4642 = EDGE_CURVE('',#4635,#4643,#4645,.T.);
#4643 = VERTEX_POINT('',#4644);
#4644 = CARTESIAN_POINT('',(-0.31,3.5,0.203));
#4645 = LINE('',#4646,#4647);
#4646 = CARTESIAN_POINT('',(-0.31,3.5,0.));
#4647 = VECTOR('',#4648,1.);
#4648 = DIRECTION('',(0.,0.,1.));
#4649 = ORIENTED_EDGE('',*,*,#4650,.F.);
#4650 = EDGE_CURVE('',#4627,#4643,#4651,.T.);
#4651 = LINE('',#4652,#4653);
#4652 = CARTESIAN_POINT('',(-0.31,3.1,0.203));
#4653 = VECTOR('',#4654,1.);
#4654 = DIRECTION('',(-0.,1.,0.));
#4655 = PLANE('',#4656);
#4656 = AXIS2_PLACEMENT_3D('',#4657,#4658,#4659);
#4657 = CARTESIAN_POINT('',(-0.31,3.1,0.));
#4658 = DIRECTION('',(1.,0.,-0.));
#4659 = DIRECTION('',(0.,0.,1.));
#4660 = ADVANCED_FACE('',(#4661),#4677,.F.);
#4661 = FACE_BOUND('',#4662,.F.);
#4662 = EDGE_LOOP('',(#4663,#4669,#4670,#4676));
#4663 = ORIENTED_EDGE('',*,*,#4664,.F.);
#4664 = EDGE_CURVE('',#4585,#4625,#4665,.T.);
#4665 = LINE('',#4666,#4667);
#4666 = CARTESIAN_POINT('',(-0.49,3.1,0.));
#4667 = VECTOR('',#4668,1.);
#4668 = DIRECTION('',(1.,0.,-0.));
#4669 = ORIENTED_EDGE('',*,*,#4584,.T.);
#4670 = ORIENTED_EDGE('',*,*,#4671,.T.);
#4671 = EDGE_CURVE('',#4587,#4627,#4672,.T.);
#4672 = LINE('',#4673,#4674);
#4673 = CARTESIAN_POINT('',(-0.49,3.1,0.203));
#4674 = VECTOR('',#4675,1.);
#4675 = DIRECTION('',(1.,0.,-0.));
#4676 = ORIENTED_EDGE('',*,*,#4624,.F.);
#4677 = PLANE('',#4678);
#4678 = AXIS2_PLACEMENT_3D('',#4679,#4680,#4681);
#4679 = CARTESIAN_POINT('',(-0.49,3.1,0.));
#4680 = DIRECTION('',(-0.,1.,0.));
#4681 = DIRECTION('',(0.,0.,1.));
#4682 = ADVANCED_FACE('',(#4683),#4699,.T.);
#4683 = FACE_BOUND('',#4684,.T.);
#4684 = EDGE_LOOP('',(#4685,#4691,#4692,#4698));
#4685 = ORIENTED_EDGE('',*,*,#4686,.F.);
#4686 = EDGE_CURVE('',#4595,#4635,#4687,.T.);
#4687 = LINE('',#4688,#4689);
#4688 = CARTESIAN_POINT('',(-0.49,3.5,0.));
#4689 = VECTOR('',#4690,1.);
#4690 = DIRECTION('',(1.,0.,-0.));
#4691 = ORIENTED_EDGE('',*,*,#4602,.T.);
#4692 = ORIENTED_EDGE('',*,*,#4693,.T.);
#4693 = EDGE_CURVE('',#4603,#4643,#4694,.T.);
#4694 = LINE('',#4695,#4696);
#4695 = CARTESIAN_POINT('',(-0.49,3.5,0.203));
#4696 = VECTOR('',#4697,1.);
#4697 = DIRECTION('',(1.,0.,-0.));
#4698 = ORIENTED_EDGE('',*,*,#4642,.F.);
#4699 = PLANE('',#4700);
#4700 = AXIS2_PLACEMENT_3D('',#4701,#4702,#4703);
#4701 = CARTESIAN_POINT('',(-0.49,3.5,0.));
#4702 = DIRECTION('',(-0.,1.,0.));
#4703 = DIRECTION('',(0.,0.,1.));
#4704 = ADVANCED_FACE('',(#4705),#4711,.F.);
#4705 = FACE_BOUND('',#4706,.F.);
#4706 = EDGE_LOOP('',(#4707,#4708,#4709,#4710));
#4707 = ORIENTED_EDGE('',*,*,#4594,.F.);
#4708 = ORIENTED_EDGE('',*,*,#4664,.T.);
#4709 = ORIENTED_EDGE('',*,*,#4634,.T.);
#4710 = ORIENTED_EDGE('',*,*,#4686,.F.);
#4711 = PLANE('',#4712);
#4712 = AXIS2_PLACEMENT_3D('',#4713,#4714,#4715);
#4713 = CARTESIAN_POINT('',(-0.49,3.1,0.));
#4714 = DIRECTION('',(0.,0.,1.));
#4715 = DIRECTION('',(1.,0.,-0.));
#4716 = ADVANCED_FACE('',(#4717),#4723,.T.);
#4717 = FACE_BOUND('',#4718,.T.);
#4718 = EDGE_LOOP('',(#4719,#4720,#4721,#4722));
#4719 = ORIENTED_EDGE('',*,*,#4610,.F.);
#4720 = ORIENTED_EDGE('',*,*,#4671,.T.);
#4721 = ORIENTED_EDGE('',*,*,#4650,.T.);
#4722 = ORIENTED_EDGE('',*,*,#4693,.F.);
#4723 = PLANE('',#4724);
#4724 = AXIS2_PLACEMENT_3D('',#4725,#4726,#4727);
#4725 = CARTESIAN_POINT('',(-0.49,3.1,0.203));
#4726 = DIRECTION('',(0.,0.,1.));
#4727 = DIRECTION('',(1.,0.,-0.));
#4728 = MANIFOLD_SOLID_BREP('',#4729);
#4729 = CLOSED_SHELL('',(#4730,#4770,#4810,#4832,#4854,#4866));
#4730 = ADVANCED_FACE('',(#4731),#4765,.F.);
#4731 = FACE_BOUND('',#4732,.F.);
#4732 = EDGE_LOOP('',(#4733,#4743,#4751,#4759));
#4733 = ORIENTED_EDGE('',*,*,#4734,.F.);
#4734 = EDGE_CURVE('',#4735,#4737,#4739,.T.);
#4735 = VERTEX_POINT('',#4736);
#4736 = CARTESIAN_POINT('',(-3.5,-0.49,0.));
#4737 = VERTEX_POINT('',#4738);
#4738 = CARTESIAN_POINT('',(-3.5,-0.49,0.203));
#4739 = LINE('',#4740,#4741);
#4740 = CARTESIAN_POINT('',(-3.5,-0.49,0.));
#4741 = VECTOR('',#4742,1.);
#4742 = DIRECTION('',(0.,0.,1.));
#4743 = ORIENTED_EDGE('',*,*,#4744,.T.);
#4744 = EDGE_CURVE('',#4735,#4745,#4747,.T.);
#4745 = VERTEX_POINT('',#4746);
#4746 = CARTESIAN_POINT('',(-3.5,-0.31,0.));
#4747 = LINE('',#4748,#4749);
#4748 = CARTESIAN_POINT('',(-3.5,-0.49,0.));
#4749 = VECTOR('',#4750,1.);
#4750 = DIRECTION('',(-0.,1.,0.));
#4751 = ORIENTED_EDGE('',*,*,#4752,.T.);
#4752 = EDGE_CURVE('',#4745,#4753,#4755,.T.);
#4753 = VERTEX_POINT('',#4754);
#4754 = CARTESIAN_POINT('',(-3.5,-0.31,0.203));
#4755 = LINE('',#4756,#4757);
#4756 = CARTESIAN_POINT('',(-3.5,-0.31,0.));
#4757 = VECTOR('',#4758,1.);
#4758 = DIRECTION('',(0.,0.,1.));
#4759 = ORIENTED_EDGE('',*,*,#4760,.F.);
#4760 = EDGE_CURVE('',#4737,#4753,#4761,.T.);
#4761 = LINE('',#4762,#4763);
#4762 = CARTESIAN_POINT('',(-3.5,-0.49,0.203));
#4763 = VECTOR('',#4764,1.);
#4764 = DIRECTION('',(-0.,1.,0.));
#4765 = PLANE('',#4766);
#4766 = AXIS2_PLACEMENT_3D('',#4767,#4768,#4769);
#4767 = CARTESIAN_POINT('',(-3.5,-0.49,0.));
#4768 = DIRECTION('',(1.,0.,-0.));
#4769 = DIRECTION('',(0.,0.,1.));
#4770 = ADVANCED_FACE('',(#4771),#4805,.T.);
#4771 = FACE_BOUND('',#4772,.T.);
#4772 = EDGE_LOOP('',(#4773,#4783,#4791,#4799));
#4773 = ORIENTED_EDGE('',*,*,#4774,.F.);
#4774 = EDGE_CURVE('',#4775,#4777,#4779,.T.);
#4775 = VERTEX_POINT('',#4776);
#4776 = CARTESIAN_POINT('',(-3.1,-0.49,0.));
#4777 = VERTEX_POINT('',#4778);
#4778 = CARTESIAN_POINT('',(-3.1,-0.49,0.203));
#4779 = LINE('',#4780,#4781);
#4780 = CARTESIAN_POINT('',(-3.1,-0.49,0.));
#4781 = VECTOR('',#4782,1.);
#4782 = DIRECTION('',(0.,0.,1.));
#4783 = ORIENTED_EDGE('',*,*,#4784,.T.);
#4784 = EDGE_CURVE('',#4775,#4785,#4787,.T.);
#4785 = VERTEX_POINT('',#4786);
#4786 = CARTESIAN_POINT('',(-3.1,-0.31,0.));
#4787 = LINE('',#4788,#4789);
#4788 = CARTESIAN_POINT('',(-3.1,-0.49,0.));
#4789 = VECTOR('',#4790,1.);
#4790 = DIRECTION('',(-0.,1.,0.));
#4791 = ORIENTED_EDGE('',*,*,#4792,.T.);
#4792 = EDGE_CURVE('',#4785,#4793,#4795,.T.);
#4793 = VERTEX_POINT('',#4794);
#4794 = CARTESIAN_POINT('',(-3.1,-0.31,0.203));
#4795 = LINE('',#4796,#4797);
#4796 = CARTESIAN_POINT('',(-3.1,-0.31,0.));
#4797 = VECTOR('',#4798,1.);
#4798 = DIRECTION('',(0.,0.,1.));
#4799 = ORIENTED_EDGE('',*,*,#4800,.F.);
#4800 = EDGE_CURVE('',#4777,#4793,#4801,.T.);
#4801 = LINE('',#4802,#4803);
#4802 = CARTESIAN_POINT('',(-3.1,-0.49,0.203));
#4803 = VECTOR('',#4804,1.);
#4804 = DIRECTION('',(-0.,1.,0.));
#4805 = PLANE('',#4806);
#4806 = AXIS2_PLACEMENT_3D('',#4807,#4808,#4809);
#4807 = CARTESIAN_POINT('',(-3.1,-0.49,0.));
#4808 = DIRECTION('',(1.,0.,-0.));
#4809 = DIRECTION('',(0.,0.,1.));
#4810 = ADVANCED_FACE('',(#4811),#4827,.F.);
#4811 = FACE_BOUND('',#4812,.F.);
#4812 = EDGE_LOOP('',(#4813,#4819,#4820,#4826));
#4813 = ORIENTED_EDGE('',*,*,#4814,.F.);
#4814 = EDGE_CURVE('',#4735,#4775,#4815,.T.);
#4815 = LINE('',#4816,#4817);
#4816 = CARTESIAN_POINT('',(-3.5,-0.49,0.));
#4817 = VECTOR('',#4818,1.);
#4818 = DIRECTION('',(1.,0.,-0.));
#4819 = ORIENTED_EDGE('',*,*,#4734,.T.);
#4820 = ORIENTED_EDGE('',*,*,#4821,.T.);
#4821 = EDGE_CURVE('',#4737,#4777,#4822,.T.);
#4822 = LINE('',#4823,#4824);
#4823 = CARTESIAN_POINT('',(-3.5,-0.49,0.203));
#4824 = VECTOR('',#4825,1.);
#4825 = DIRECTION('',(1.,0.,-0.));
#4826 = ORIENTED_EDGE('',*,*,#4774,.F.);
#4827 = PLANE('',#4828);
#4828 = AXIS2_PLACEMENT_3D('',#4829,#4830,#4831);
#4829 = CARTESIAN_POINT('',(-3.5,-0.49,0.));
#4830 = DIRECTION('',(-0.,1.,0.));
#4831 = DIRECTION('',(0.,0.,1.));
#4832 = ADVANCED_FACE('',(#4833),#4849,.T.);
#4833 = FACE_BOUND('',#4834,.T.);
#4834 = EDGE_LOOP('',(#4835,#4841,#4842,#4848));
#4835 = ORIENTED_EDGE('',*,*,#4836,.F.);
#4836 = EDGE_CURVE('',#4745,#4785,#4837,.T.);
#4837 = LINE('',#4838,#4839);
#4838 = CARTESIAN_POINT('',(-3.5,-0.31,0.));
#4839 = VECTOR('',#4840,1.);
#4840 = DIRECTION('',(1.,0.,-0.));
#4841 = ORIENTED_EDGE('',*,*,#4752,.T.);
#4842 = ORIENTED_EDGE('',*,*,#4843,.T.);
#4843 = EDGE_CURVE('',#4753,#4793,#4844,.T.);
#4844 = LINE('',#4845,#4846);
#4845 = CARTESIAN_POINT('',(-3.5,-0.31,0.203));
#4846 = VECTOR('',#4847,1.);
#4847 = DIRECTION('',(1.,0.,-0.));
#4848 = ORIENTED_EDGE('',*,*,#4792,.F.);
#4849 = PLANE('',#4850);
#4850 = AXIS2_PLACEMENT_3D('',#4851,#4852,#4853);
#4851 = CARTESIAN_POINT('',(-3.5,-0.31,0.));
#4852 = DIRECTION('',(-0.,1.,0.));
#4853 = DIRECTION('',(0.,0.,1.));
#4854 = ADVANCED_FACE('',(#4855),#4861,.F.);
#4855 = FACE_BOUND('',#4856,.F.);
#4856 = EDGE_LOOP('',(#4857,#4858,#4859,#4860));
#4857 = ORIENTED_EDGE('',*,*,#4744,.F.);
#4858 = ORIENTED_EDGE('',*,*,#4814,.T.);
#4859 = ORIENTED_EDGE('',*,*,#4784,.T.);
#4860 = ORIENTED_EDGE('',*,*,#4836,.F.);
#4861 = PLANE('',#4862);
#4862 = AXIS2_PLACEMENT_3D('',#4863,#4864,#4865);
#4863 = CARTESIAN_POINT('',(-3.5,-0.49,0.));
#4864 = DIRECTION('',(0.,0.,1.));
#4865 = DIRECTION('',(1.,0.,-0.));
#4866 = ADVANCED_FACE('',(#4867),#4873,.T.);
#4867 = FACE_BOUND('',#4868,.T.);
#4868 = EDGE_LOOP('',(#4869,#4870,#4871,#4872));
#4869 = ORIENTED_EDGE('',*,*,#4760,.F.);
#4870 = ORIENTED_EDGE('',*,*,#4821,.T.);
#4871 = ORIENTED_EDGE('',*,*,#4800,.T.);
#4872 = ORIENTED_EDGE('',*,*,#4843,.F.);
#4873 = PLANE('',#4874);
#4874 = AXIS2_PLACEMENT_3D('',#4875,#4876,#4877);
#4875 = CARTESIAN_POINT('',(-3.5,-0.49,0.203));
#4876 = DIRECTION('',(0.,0.,1.));
#4877 = DIRECTION('',(1.,0.,-0.));
#4878 = MANIFOLD_SOLID_BREP('',#4879);
#4879 = CLOSED_SHELL('',(#4880,#4920,#4960,#4982,#5004,#5016));
#4880 = ADVANCED_FACE('',(#4881),#4915,.F.);
#4881 = FACE_BOUND('',#4882,.F.);
#4882 = EDGE_LOOP('',(#4883,#4893,#4901,#4909));
#4883 = ORIENTED_EDGE('',*,*,#4884,.F.);
#4884 = EDGE_CURVE('',#4885,#4887,#4889,.T.);
#4885 = VERTEX_POINT('',#4886);
#4886 = CARTESIAN_POINT('',(3.1,-0.49,0.));
#4887 = VERTEX_POINT('',#4888);
#4888 = CARTESIAN_POINT('',(3.1,-0.49,0.203));
#4889 = LINE('',#4890,#4891);
#4890 = CARTESIAN_POINT('',(3.1,-0.49,0.));
#4891 = VECTOR('',#4892,1.);
#4892 = DIRECTION('',(0.,0.,1.));
#4893 = ORIENTED_EDGE('',*,*,#4894,.T.);
#4894 = EDGE_CURVE('',#4885,#4895,#4897,.T.);
#4895 = VERTEX_POINT('',#4896);
#4896 = CARTESIAN_POINT('',(3.1,-0.31,0.));
#4897 = LINE('',#4898,#4899);
#4898 = CARTESIAN_POINT('',(3.1,-0.49,0.));
#4899 = VECTOR('',#4900,1.);
#4900 = DIRECTION('',(-0.,1.,0.));
#4901 = ORIENTED_EDGE('',*,*,#4902,.T.);
#4902 = EDGE_CURVE('',#4895,#4903,#4905,.T.);
#4903 = VERTEX_POINT('',#4904);
#4904 = CARTESIAN_POINT('',(3.1,-0.31,0.203));
#4905 = LINE('',#4906,#4907);
#4906 = CARTESIAN_POINT('',(3.1,-0.31,0.));
#4907 = VECTOR('',#4908,1.);
#4908 = DIRECTION('',(0.,0.,1.));
#4909 = ORIENTED_EDGE('',*,*,#4910,.F.);
#4910 = EDGE_CURVE('',#4887,#4903,#4911,.T.);
#4911 = LINE('',#4912,#4913);
#4912 = CARTESIAN_POINT('',(3.1,-0.49,0.203));
#4913 = VECTOR('',#4914,1.);
#4914 = DIRECTION('',(-0.,1.,0.));
#4915 = PLANE('',#4916);
#4916 = AXIS2_PLACEMENT_3D('',#4917,#4918,#4919);
#4917 = CARTESIAN_POINT('',(3.1,-0.49,0.));
#4918 = DIRECTION('',(1.,0.,-0.));
#4919 = DIRECTION('',(0.,0.,1.));
#4920 = ADVANCED_FACE('',(#4921),#4955,.T.);
#4921 = FACE_BOUND('',#4922,.T.);
#4922 = EDGE_LOOP('',(#4923,#4933,#4941,#4949));
#4923 = ORIENTED_EDGE('',*,*,#4924,.F.);
#4924 = EDGE_CURVE('',#4925,#4927,#4929,.T.);
#4925 = VERTEX_POINT('',#4926);
#4926 = CARTESIAN_POINT('',(3.5,-0.49,0.));
#4927 = VERTEX_POINT('',#4928);
#4928 = CARTESIAN_POINT('',(3.5,-0.49,0.203));
#4929 = LINE('',#4930,#4931);
#4930 = CARTESIAN_POINT('',(3.5,-0.49,0.));
#4931 = VECTOR('',#4932,1.);
#4932 = DIRECTION('',(0.,0.,1.));
#4933 = ORIENTED_EDGE('',*,*,#4934,.T.);
#4934 = EDGE_CURVE('',#4925,#4935,#4937,.T.);
#4935 = VERTEX_POINT('',#4936);
#4936 = CARTESIAN_POINT('',(3.5,-0.31,0.));
#4937 = LINE('',#4938,#4939);
#4938 = CARTESIAN_POINT('',(3.5,-0.49,0.));
#4939 = VECTOR('',#4940,1.);
#4940 = DIRECTION('',(-0.,1.,0.));
#4941 = ORIENTED_EDGE('',*,*,#4942,.T.);
#4942 = EDGE_CURVE('',#4935,#4943,#4945,.T.);
#4943 = VERTEX_POINT('',#4944);
#4944 = CARTESIAN_POINT('',(3.5,-0.31,0.203));
#4945 = LINE('',#4946,#4947);
#4946 = CARTESIAN_POINT('',(3.5,-0.31,0.));
#4947 = VECTOR('',#4948,1.);
#4948 = DIRECTION('',(0.,0.,1.));
#4949 = ORIENTED_EDGE('',*,*,#4950,.F.);
#4950 = EDGE_CURVE('',#4927,#4943,#4951,.T.);
#4951 = LINE('',#4952,#4953);
#4952 = CARTESIAN_POINT('',(3.5,-0.49,0.203));
#4953 = VECTOR('',#4954,1.);
#4954 = DIRECTION('',(-0.,1.,0.));
#4955 = PLANE('',#4956);
#4956 = AXIS2_PLACEMENT_3D('',#4957,#4958,#4959);
#4957 = CARTESIAN_POINT('',(3.5,-0.49,0.));
#4958 = DIRECTION('',(1.,0.,-0.));
#4959 = DIRECTION('',(0.,0.,1.));
#4960 = ADVANCED_FACE('',(#4961),#4977,.F.);
#4961 = FACE_BOUND('',#4962,.F.);
#4962 = EDGE_LOOP('',(#4963,#4969,#4970,#4976));
#4963 = ORIENTED_EDGE('',*,*,#4964,.F.);
#4964 = EDGE_CURVE('',#4885,#4925,#4965,.T.);
#4965 = LINE('',#4966,#4967);
#4966 = CARTESIAN_POINT('',(3.1,-0.49,0.));
#4967 = VECTOR('',#4968,1.);
#4968 = DIRECTION('',(1.,0.,-0.));
#4969 = ORIENTED_EDGE('',*,*,#4884,.T.);
#4970 = ORIENTED_EDGE('',*,*,#4971,.T.);
#4971 = EDGE_CURVE('',#4887,#4927,#4972,.T.);
#4972 = LINE('',#4973,#4974);
#4973 = CARTESIAN_POINT('',(3.1,-0.49,0.203));
#4974 = VECTOR('',#4975,1.);
#4975 = DIRECTION('',(1.,0.,-0.));
#4976 = ORIENTED_EDGE('',*,*,#4924,.F.);
#4977 = PLANE('',#4978);
#4978 = AXIS2_PLACEMENT_3D('',#4979,#4980,#4981);
#4979 = CARTESIAN_POINT('',(3.1,-0.49,0.));
#4980 = DIRECTION('',(-0.,1.,0.));
#4981 = DIRECTION('',(0.,0.,1.));
#4982 = ADVANCED_FACE('',(#4983),#4999,.T.);
#4983 = FACE_BOUND('',#4984,.T.);
#4984 = EDGE_LOOP('',(#4985,#4991,#4992,#4998));
#4985 = ORIENTED_EDGE('',*,*,#4986,.F.);
#4986 = EDGE_CURVE('',#4895,#4935,#4987,.T.);
#4987 = LINE('',#4988,#4989);
#4988 = CARTESIAN_POINT('',(3.1,-0.31,0.));
#4989 = VECTOR('',#4990,1.);
#4990 = DIRECTION('',(1.,0.,-0.));
#4991 = ORIENTED_EDGE('',*,*,#4902,.T.);
#4992 = ORIENTED_EDGE('',*,*,#4993,.T.);
#4993 = EDGE_CURVE('',#4903,#4943,#4994,.T.);
#4994 = LINE('',#4995,#4996);
#4995 = CARTESIAN_POINT('',(3.1,-0.31,0.203));
#4996 = VECTOR('',#4997,1.);
#4997 = DIRECTION('',(1.,0.,-0.));
#4998 = ORIENTED_EDGE('',*,*,#4942,.F.);
#4999 = PLANE('',#5000);
#5000 = AXIS2_PLACEMENT_3D('',#5001,#5002,#5003);
#5001 = CARTESIAN_POINT('',(3.1,-0.31,0.));
#5002 = DIRECTION('',(-0.,1.,0.));
#5003 = DIRECTION('',(0.,0.,1.));
#5004 = ADVANCED_FACE('',(#5005),#5011,.F.);
#5005 = FACE_BOUND('',#5006,.F.);
#5006 = EDGE_LOOP('',(#5007,#5008,#5009,#5010));
#5007 = ORIENTED_EDGE('',*,*,#4894,.F.);
#5008 = ORIENTED_EDGE('',*,*,#4964,.T.);
#5009 = ORIENTED_EDGE('',*,*,#4934,.T.);
#5010 = ORIENTED_EDGE('',*,*,#4986,.F.);
#5011 = PLANE('',#5012);
#5012 = AXIS2_PLACEMENT_3D('',#5013,#5014,#5015);
#5013 = CARTESIAN_POINT('',(3.1,-0.49,0.));
#5014 = DIRECTION('',(0.,0.,1.));
#5015 = DIRECTION('',(1.,0.,-0.));
#5016 = ADVANCED_FACE('',(#5017),#5023,.T.);
#5017 = FACE_BOUND('',#5018,.T.);
#5018 = EDGE_LOOP('',(#5019,#5020,#5021,#5022));
#5019 = ORIENTED_EDGE('',*,*,#4910,.F.);
#5020 = ORIENTED_EDGE('',*,*,#4971,.T.);
#5021 = ORIENTED_EDGE('',*,*,#4950,.T.);
#5022 = ORIENTED_EDGE('',*,*,#4993,.F.);
#5023 = PLANE('',#5024);
#5024 = AXIS2_PLACEMENT_3D('',#5025,#5026,#5027);
#5025 = CARTESIAN_POINT('',(3.1,-0.49,0.203));
#5026 = DIRECTION('',(0.,0.,1.));
#5027 = DIRECTION('',(1.,0.,-0.));
#5028 = MANIFOLD_SOLID_BREP('',#5029);
#5029 = CLOSED_SHELL('',(#5030,#5070,#5110,#5132,#5154,#5166));
#5030 = ADVANCED_FACE('',(#5031),#5065,.F.);
#5031 = FACE_BOUND('',#5032,.F.);
#5032 = EDGE_LOOP('',(#5033,#5043,#5051,#5059));
#5033 = ORIENTED_EDGE('',*,*,#5034,.F.);
#5034 = EDGE_CURVE('',#5035,#5037,#5039,.T.);
#5035 = VERTEX_POINT('',#5036);
#5036 = CARTESIAN_POINT('',(-9.E-02,-3.5,0.));
#5037 = VERTEX_POINT('',#5038);
#5038 = CARTESIAN_POINT('',(-9.E-02,-3.5,0.203));
#5039 = LINE('',#5040,#5041);
#5040 = CARTESIAN_POINT('',(-9.E-02,-3.5,0.));
#5041 = VECTOR('',#5042,1.);
#5042 = DIRECTION('',(0.,0.,1.));
#5043 = ORIENTED_EDGE('',*,*,#5044,.T.);
#5044 = EDGE_CURVE('',#5035,#5045,#5047,.T.);
#5045 = VERTEX_POINT('',#5046);
#5046 = CARTESIAN_POINT('',(-9.E-02,-3.1,0.));
#5047 = LINE('',#5048,#5049);
#5048 = CARTESIAN_POINT('',(-9.E-02,-3.5,0.));
#5049 = VECTOR('',#5050,1.);
#5050 = DIRECTION('',(-0.,1.,0.));
#5051 = ORIENTED_EDGE('',*,*,#5052,.T.);
#5052 = EDGE_CURVE('',#5045,#5053,#5055,.T.);
#5053 = VERTEX_POINT('',#5054);
#5054 = CARTESIAN_POINT('',(-9.E-02,-3.1,0.203));
#5055 = LINE('',#5056,#5057);
#5056 = CARTESIAN_POINT('',(-9.E-02,-3.1,0.));
#5057 = VECTOR('',#5058,1.);
#5058 = DIRECTION('',(0.,0.,1.));
#5059 = ORIENTED_EDGE('',*,*,#5060,.F.);
#5060 = EDGE_CURVE('',#5037,#5053,#5061,.T.);
#5061 = LINE('',#5062,#5063);
#5062 = CARTESIAN_POINT('',(-9.E-02,-3.5,0.203));
#5063 = VECTOR('',#5064,1.);
#5064 = DIRECTION('',(-0.,1.,0.));
#5065 = PLANE('',#5066);
#5066 = AXIS2_PLACEMENT_3D('',#5067,#5068,#5069);
#5067 = CARTESIAN_POINT('',(-9.E-02,-3.5,0.));
#5068 = DIRECTION('',(1.,0.,-0.));
#5069 = DIRECTION('',(0.,0.,1.));
#5070 = ADVANCED_FACE('',(#5071),#5105,.T.);
#5071 = FACE_BOUND('',#5072,.T.);
#5072 = EDGE_LOOP('',(#5073,#5083,#5091,#5099));
#5073 = ORIENTED_EDGE('',*,*,#5074,.F.);
#5074 = EDGE_CURVE('',#5075,#5077,#5079,.T.);
#5075 = VERTEX_POINT('',#5076);
#5076 = CARTESIAN_POINT('',(9.E-02,-3.5,0.));
#5077 = VERTEX_POINT('',#5078);
#5078 = CARTESIAN_POINT('',(9.E-02,-3.5,0.203));
#5079 = LINE('',#5080,#5081);
#5080 = CARTESIAN_POINT('',(9.E-02,-3.5,0.));
#5081 = VECTOR('',#5082,1.);
#5082 = DIRECTION('',(0.,0.,1.));
#5083 = ORIENTED_EDGE('',*,*,#5084,.T.);
#5084 = EDGE_CURVE('',#5075,#5085,#5087,.T.);
#5085 = VERTEX_POINT('',#5086);
#5086 = CARTESIAN_POINT('',(9.E-02,-3.1,0.));
#5087 = LINE('',#5088,#5089);
#5088 = CARTESIAN_POINT('',(9.E-02,-3.5,0.));
#5089 = VECTOR('',#5090,1.);
#5090 = DIRECTION('',(-0.,1.,0.));
#5091 = ORIENTED_EDGE('',*,*,#5092,.T.);
#5092 = EDGE_CURVE('',#5085,#5093,#5095,.T.);
#5093 = VERTEX_POINT('',#5094);
#5094 = CARTESIAN_POINT('',(9.E-02,-3.1,0.203));
#5095 = LINE('',#5096,#5097);
#5096 = CARTESIAN_POINT('',(9.E-02,-3.1,0.));
#5097 = VECTOR('',#5098,1.);
#5098 = DIRECTION('',(0.,0.,1.));
#5099 = ORIENTED_EDGE('',*,*,#5100,.F.);
#5100 = EDGE_CURVE('',#5077,#5093,#5101,.T.);
#5101 = LINE('',#5102,#5103);
#5102 = CARTESIAN_POINT('',(9.E-02,-3.5,0.203));
#5103 = VECTOR('',#5104,1.);
#5104 = DIRECTION('',(-0.,1.,0.));
#5105 = PLANE('',#5106);
#5106 = AXIS2_PLACEMENT_3D('',#5107,#5108,#5109);
#5107 = CARTESIAN_POINT('',(9.E-02,-3.5,0.));
#5108 = DIRECTION('',(1.,0.,-0.));
#5109 = DIRECTION('',(0.,0.,1.));
#5110 = ADVANCED_FACE('',(#5111),#5127,.F.);
#5111 = FACE_BOUND('',#5112,.F.);
#5112 = EDGE_LOOP('',(#5113,#5119,#5120,#5126));
#5113 = ORIENTED_EDGE('',*,*,#5114,.F.);
#5114 = EDGE_CURVE('',#5035,#5075,#5115,.T.);
#5115 = LINE('',#5116,#5117);
#5116 = CARTESIAN_POINT('',(-9.E-02,-3.5,0.));
#5117 = VECTOR('',#5118,1.);
#5118 = DIRECTION('',(1.,0.,-0.));
#5119 = ORIENTED_EDGE('',*,*,#5034,.T.);
#5120 = ORIENTED_EDGE('',*,*,#5121,.T.);
#5121 = EDGE_CURVE('',#5037,#5077,#5122,.T.);
#5122 = LINE('',#5123,#5124);
#5123 = CARTESIAN_POINT('',(-9.E-02,-3.5,0.203));
#5124 = VECTOR('',#5125,1.);
#5125 = DIRECTION('',(1.,0.,-0.));
#5126 = ORIENTED_EDGE('',*,*,#5074,.F.);
#5127 = PLANE('',#5128);
#5128 = AXIS2_PLACEMENT_3D('',#5129,#5130,#5131);
#5129 = CARTESIAN_POINT('',(-9.E-02,-3.5,0.));
#5130 = DIRECTION('',(-0.,1.,0.));
#5131 = DIRECTION('',(0.,0.,1.));
#5132 = ADVANCED_FACE('',(#5133),#5149,.T.);
#5133 = FACE_BOUND('',#5134,.T.);
#5134 = EDGE_LOOP('',(#5135,#5141,#5142,#5148));
#5135 = ORIENTED_EDGE('',*,*,#5136,.F.);
#5136 = EDGE_CURVE('',#5045,#5085,#5137,.T.);
#5137 = LINE('',#5138,#5139);
#5138 = CARTESIAN_POINT('',(-9.E-02,-3.1,0.));
#5139 = VECTOR('',#5140,1.);
#5140 = DIRECTION('',(1.,0.,-0.));
#5141 = ORIENTED_EDGE('',*,*,#5052,.T.);
#5142 = ORIENTED_EDGE('',*,*,#5143,.T.);
#5143 = EDGE_CURVE('',#5053,#5093,#5144,.T.);
#5144 = LINE('',#5145,#5146);
#5145 = CARTESIAN_POINT('',(-9.E-02,-3.1,0.203));
#5146 = VECTOR('',#5147,1.);
#5147 = DIRECTION('',(1.,0.,-0.));
#5148 = ORIENTED_EDGE('',*,*,#5092,.F.);
#5149 = PLANE('',#5150);
#5150 = AXIS2_PLACEMENT_3D('',#5151,#5152,#5153);
#5151 = CARTESIAN_POINT('',(-9.E-02,-3.1,0.));
#5152 = DIRECTION('',(-0.,1.,0.));
#5153 = DIRECTION('',(0.,0.,1.));
#5154 = ADVANCED_FACE('',(#5155),#5161,.F.);
#5155 = FACE_BOUND('',#5156,.F.);
#5156 = EDGE_LOOP('',(#5157,#5158,#5159,#5160));
#5157 = ORIENTED_EDGE('',*,*,#5044,.F.);
#5158 = ORIENTED_EDGE('',*,*,#5114,.T.);
#5159 = ORIENTED_EDGE('',*,*,#5084,.T.);
#5160 = ORIENTED_EDGE('',*,*,#5136,.F.);
#5161 = PLANE('',#5162);
#5162 = AXIS2_PLACEMENT_3D('',#5163,#5164,#5165);
#5163 = CARTESIAN_POINT('',(-9.E-02,-3.5,0.));
#5164 = DIRECTION('',(0.,0.,1.));
#5165 = DIRECTION('',(1.,0.,-0.));
#5166 = ADVANCED_FACE('',(#5167),#5173,.T.);
#5167 = FACE_BOUND('',#5168,.T.);
#5168 = EDGE_LOOP('',(#5169,#5170,#5171,#5172));
#5169 = ORIENTED_EDGE('',*,*,#5060,.F.);
#5170 = ORIENTED_EDGE('',*,*,#5121,.T.);
#5171 = ORIENTED_EDGE('',*,*,#5100,.T.);
#5172 = ORIENTED_EDGE('',*,*,#5143,.F.);
#5173 = PLANE('',#5174);
#5174 = AXIS2_PLACEMENT_3D('',#5175,#5176,#5177);
#5175 = CARTESIAN_POINT('',(-9.E-02,-3.5,0.203));
#5176 = DIRECTION('',(0.,0.,1.));
#5177 = DIRECTION('',(1.,0.,-0.));
#5178 = MANIFOLD_SOLID_BREP('',#5179);
#5179 = CLOSED_SHELL('',(#5180,#5220,#5260,#5282,#5304,#5316));
#5180 = ADVANCED_FACE('',(#5181),#5215,.F.);
#5181 = FACE_BOUND('',#5182,.F.);
#5182 = EDGE_LOOP('',(#5183,#5193,#5201,#5209));
#5183 = ORIENTED_EDGE('',*,*,#5184,.F.);
#5184 = EDGE_CURVE('',#5185,#5187,#5189,.T.);
#5185 = VERTEX_POINT('',#5186);
#5186 = CARTESIAN_POINT('',(-9.E-02,3.1,0.));
#5187 = VERTEX_POINT('',#5188);
#5188 = CARTESIAN_POINT('',(-9.E-02,3.1,0.203));
#5189 = LINE('',#5190,#5191);
#5190 = CARTESIAN_POINT('',(-9.E-02,3.1,0.));
#5191 = VECTOR('',#5192,1.);
#5192 = DIRECTION('',(0.,0.,1.));
#5193 = ORIENTED_EDGE('',*,*,#5194,.T.);
#5194 = EDGE_CURVE('',#5185,#5195,#5197,.T.);
#5195 = VERTEX_POINT('',#5196);
#5196 = CARTESIAN_POINT('',(-9.E-02,3.5,0.));
#5197 = LINE('',#5198,#5199);
#5198 = CARTESIAN_POINT('',(-9.E-02,3.1,0.));
#5199 = VECTOR('',#5200,1.);
#5200 = DIRECTION('',(-0.,1.,0.));
#5201 = ORIENTED_EDGE('',*,*,#5202,.T.);
#5202 = EDGE_CURVE('',#5195,#5203,#5205,.T.);
#5203 = VERTEX_POINT('',#5204);
#5204 = CARTESIAN_POINT('',(-9.E-02,3.5,0.203));
#5205 = LINE('',#5206,#5207);
#5206 = CARTESIAN_POINT('',(-9.E-02,3.5,0.));
#5207 = VECTOR('',#5208,1.);
#5208 = DIRECTION('',(0.,0.,1.));
#5209 = ORIENTED_EDGE('',*,*,#5210,.F.);
#5210 = EDGE_CURVE('',#5187,#5203,#5211,.T.);
#5211 = LINE('',#5212,#5213);
#5212 = CARTESIAN_POINT('',(-9.E-02,3.1,0.203));
#5213 = VECTOR('',#5214,1.);
#5214 = DIRECTION('',(-0.,1.,0.));
#5215 = PLANE('',#5216);
#5216 = AXIS2_PLACEMENT_3D('',#5217,#5218,#5219);
#5217 = CARTESIAN_POINT('',(-9.E-02,3.1,0.));
#5218 = DIRECTION('',(1.,0.,-0.));
#5219 = DIRECTION('',(0.,0.,1.));
#5220 = ADVANCED_FACE('',(#5221),#5255,.T.);
#5221 = FACE_BOUND('',#5222,.T.);
#5222 = EDGE_LOOP('',(#5223,#5233,#5241,#5249));
#5223 = ORIENTED_EDGE('',*,*,#5224,.F.);
#5224 = EDGE_CURVE('',#5225,#5227,#5229,.T.);
#5225 = VERTEX_POINT('',#5226);
#5226 = CARTESIAN_POINT('',(9.E-02,3.1,0.));
#5227 = VERTEX_POINT('',#5228);
#5228 = CARTESIAN_POINT('',(9.E-02,3.1,0.203));
#5229 = LINE('',#5230,#5231);
#5230 = CARTESIAN_POINT('',(9.E-02,3.1,0.));
#5231 = VECTOR('',#5232,1.);
#5232 = DIRECTION('',(0.,0.,1.));
#5233 = ORIENTED_EDGE('',*,*,#5234,.T.);
#5234 = EDGE_CURVE('',#5225,#5235,#5237,.T.);
#5235 = VERTEX_POINT('',#5236);
#5236 = CARTESIAN_POINT('',(9.E-02,3.5,0.));
#5237 = LINE('',#5238,#5239);
#5238 = CARTESIAN_POINT('',(9.E-02,3.1,0.));
#5239 = VECTOR('',#5240,1.);
#5240 = DIRECTION('',(-0.,1.,0.));
#5241 = ORIENTED_EDGE('',*,*,#5242,.T.);
#5242 = EDGE_CURVE('',#5235,#5243,#5245,.T.);
#5243 = VERTEX_POINT('',#5244);
#5244 = CARTESIAN_POINT('',(9.E-02,3.5,0.203));
#5245 = LINE('',#5246,#5247);
#5246 = CARTESIAN_POINT('',(9.E-02,3.5,0.));
#5247 = VECTOR('',#5248,1.);
#5248 = DIRECTION('',(0.,0.,1.));
#5249 = ORIENTED_EDGE('',*,*,#5250,.F.);
#5250 = EDGE_CURVE('',#5227,#5243,#5251,.T.);
#5251 = LINE('',#5252,#5253);
#5252 = CARTESIAN_POINT('',(9.E-02,3.1,0.203));
#5253 = VECTOR('',#5254,1.);
#5254 = DIRECTION('',(-0.,1.,0.));
#5255 = PLANE('',#5256);
#5256 = AXIS2_PLACEMENT_3D('',#5257,#5258,#5259);
#5257 = CARTESIAN_POINT('',(9.E-02,3.1,0.));
#5258 = DIRECTION('',(1.,0.,-0.));
#5259 = DIRECTION('',(0.,0.,1.));
#5260 = ADVANCED_FACE('',(#5261),#5277,.F.);
#5261 = FACE_BOUND('',#5262,.F.);
#5262 = EDGE_LOOP('',(#5263,#5269,#5270,#5276));
#5263 = ORIENTED_EDGE('',*,*,#5264,.F.);
#5264 = EDGE_CURVE('',#5185,#5225,#5265,.T.);
#5265 = LINE('',#5266,#5267);
#5266 = CARTESIAN_POINT('',(-9.E-02,3.1,0.));
#5267 = VECTOR('',#5268,1.);
#5268 = DIRECTION('',(1.,0.,-0.));
#5269 = ORIENTED_EDGE('',*,*,#5184,.T.);
#5270 = ORIENTED_EDGE('',*,*,#5271,.T.);
#5271 = EDGE_CURVE('',#5187,#5227,#5272,.T.);
#5272 = LINE('',#5273,#5274);
#5273 = CARTESIAN_POINT('',(-9.E-02,3.1,0.203));
#5274 = VECTOR('',#5275,1.);
#5275 = DIRECTION('',(1.,0.,-0.));
#5276 = ORIENTED_EDGE('',*,*,#5224,.F.);
#5277 = PLANE('',#5278);
#5278 = AXIS2_PLACEMENT_3D('',#5279,#5280,#5281);
#5279 = CARTESIAN_POINT('',(-9.E-02,3.1,0.));
#5280 = DIRECTION('',(-0.,1.,0.));
#5281 = DIRECTION('',(0.,0.,1.));
#5282 = ADVANCED_FACE('',(#5283),#5299,.T.);
#5283 = FACE_BOUND('',#5284,.T.);
#5284 = EDGE_LOOP('',(#5285,#5291,#5292,#5298));
#5285 = ORIENTED_EDGE('',*,*,#5286,.F.);
#5286 = EDGE_CURVE('',#5195,#5235,#5287,.T.);
#5287 = LINE('',#5288,#5289);
#5288 = CARTESIAN_POINT('',(-9.E-02,3.5,0.));
#5289 = VECTOR('',#5290,1.);
#5290 = DIRECTION('',(1.,0.,-0.));
#5291 = ORIENTED_EDGE('',*,*,#5202,.T.);
#5292 = ORIENTED_EDGE('',*,*,#5293,.T.);
#5293 = EDGE_CURVE('',#5203,#5243,#5294,.T.);
#5294 = LINE('',#5295,#5296);
#5295 = CARTESIAN_POINT('',(-9.E-02,3.5,0.203));
#5296 = VECTOR('',#5297,1.);
#5297 = DIRECTION('',(1.,0.,-0.));
#5298 = ORIENTED_EDGE('',*,*,#5242,.F.);
#5299 = PLANE('',#5300);
#5300 = AXIS2_PLACEMENT_3D('',#5301,#5302,#5303);
#5301 = CARTESIAN_POINT('',(-9.E-02,3.5,0.));
#5302 = DIRECTION('',(-0.,1.,0.));
#5303 = DIRECTION('',(0.,0.,1.));
#5304 = ADVANCED_FACE('',(#5305),#5311,.F.);
#5305 = FACE_BOUND('',#5306,.F.);
#5306 = EDGE_LOOP('',(#5307,#5308,#5309,#5310));
#5307 = ORIENTED_EDGE('',*,*,#5194,.F.);
#5308 = ORIENTED_EDGE('',*,*,#5264,.T.);
#5309 = ORIENTED_EDGE('',*,*,#5234,.T.);
#5310 = ORIENTED_EDGE('',*,*,#5286,.F.);
#5311 = PLANE('',#5312);
#5312 = AXIS2_PLACEMENT_3D('',#5313,#5314,#5315);
#5313 = CARTESIAN_POINT('',(-9.E-02,3.1,0.));
#5314 = DIRECTION('',(0.,0.,1.));
#5315 = DIRECTION('',(1.,0.,-0.));
#5316 = ADVANCED_FACE('',(#5317),#5323,.T.);
#5317 = FACE_BOUND('',#5318,.T.);
#5318 = EDGE_LOOP('',(#5319,#5320,#5321,#5322));
#5319 = ORIENTED_EDGE('',*,*,#5210,.F.);
#5320 = ORIENTED_EDGE('',*,*,#5271,.T.);
#5321 = ORIENTED_EDGE('',*,*,#5250,.T.);
#5322 = ORIENTED_EDGE('',*,*,#5293,.F.);
#5323 = PLANE('',#5324);
#5324 = AXIS2_PLACEMENT_3D('',#5325,#5326,#5327);
#5325 = CARTESIAN_POINT('',(-9.E-02,3.1,0.203));
#5326 = DIRECTION('',(0.,0.,1.));
#5327 = DIRECTION('',(1.,0.,-0.));
#5328 = MANIFOLD_SOLID_BREP('',#5329);
#5329 = CLOSED_SHELL('',(#5330,#5370,#5410,#5432,#5454,#5466));
#5330 = ADVANCED_FACE('',(#5331),#5365,.F.);
#5331 = FACE_BOUND('',#5332,.F.);
#5332 = EDGE_LOOP('',(#5333,#5343,#5351,#5359));
#5333 = ORIENTED_EDGE('',*,*,#5334,.F.);
#5334 = EDGE_CURVE('',#5335,#5337,#5339,.T.);
#5335 = VERTEX_POINT('',#5336);
#5336 = CARTESIAN_POINT('',(-3.5,-9.E-02,0.));
#5337 = VERTEX_POINT('',#5338);
#5338 = CARTESIAN_POINT('',(-3.5,-9.E-02,0.203));
#5339 = LINE('',#5340,#5341);
#5340 = CARTESIAN_POINT('',(-3.5,-9.E-02,0.));
#5341 = VECTOR('',#5342,1.);
#5342 = DIRECTION('',(0.,0.,1.));
#5343 = ORIENTED_EDGE('',*,*,#5344,.T.);
#5344 = EDGE_CURVE('',#5335,#5345,#5347,.T.);
#5345 = VERTEX_POINT('',#5346);
#5346 = CARTESIAN_POINT('',(-3.5,9.E-02,0.));
#5347 = LINE('',#5348,#5349);
#5348 = CARTESIAN_POINT('',(-3.5,-9.E-02,0.));
#5349 = VECTOR('',#5350,1.);
#5350 = DIRECTION('',(-0.,1.,0.));
#5351 = ORIENTED_EDGE('',*,*,#5352,.T.);
#5352 = EDGE_CURVE('',#5345,#5353,#5355,.T.);
#5353 = VERTEX_POINT('',#5354);
#5354 = CARTESIAN_POINT('',(-3.5,9.E-02,0.203));
#5355 = LINE('',#5356,#5357);
#5356 = CARTESIAN_POINT('',(-3.5,9.E-02,0.));
#5357 = VECTOR('',#5358,1.);
#5358 = DIRECTION('',(0.,0.,1.));
#5359 = ORIENTED_EDGE('',*,*,#5360,.F.);
#5360 = EDGE_CURVE('',#5337,#5353,#5361,.T.);
#5361 = LINE('',#5362,#5363);
#5362 = CARTESIAN_POINT('',(-3.5,-9.E-02,0.203));
#5363 = VECTOR('',#5364,1.);
#5364 = DIRECTION('',(-0.,1.,0.));
#5365 = PLANE('',#5366);
#5366 = AXIS2_PLACEMENT_3D('',#5367,#5368,#5369);
#5367 = CARTESIAN_POINT('',(-3.5,-9.E-02,0.));
#5368 = DIRECTION('',(1.,0.,-0.));
#5369 = DIRECTION('',(0.,0.,1.));
#5370 = ADVANCED_FACE('',(#5371),#5405,.T.);
#5371 = FACE_BOUND('',#5372,.T.);
#5372 = EDGE_LOOP('',(#5373,#5383,#5391,#5399));
#5373 = ORIENTED_EDGE('',*,*,#5374,.F.);
#5374 = EDGE_CURVE('',#5375,#5377,#5379,.T.);
#5375 = VERTEX_POINT('',#5376);
#5376 = CARTESIAN_POINT('',(-3.1,-9.E-02,0.));
#5377 = VERTEX_POINT('',#5378);
#5378 = CARTESIAN_POINT('',(-3.1,-9.E-02,0.203));
#5379 = LINE('',#5380,#5381);
#5380 = CARTESIAN_POINT('',(-3.1,-9.E-02,0.));
#5381 = VECTOR('',#5382,1.);
#5382 = DIRECTION('',(0.,0.,1.));
#5383 = ORIENTED_EDGE('',*,*,#5384,.T.);
#5384 = EDGE_CURVE('',#5375,#5385,#5387,.T.);
#5385 = VERTEX_POINT('',#5386);
#5386 = CARTESIAN_POINT('',(-3.1,9.E-02,0.));
#5387 = LINE('',#5388,#5389);
#5388 = CARTESIAN_POINT('',(-3.1,-9.E-02,0.));
#5389 = VECTOR('',#5390,1.);
#5390 = DIRECTION('',(-0.,1.,0.));
#5391 = ORIENTED_EDGE('',*,*,#5392,.T.);
#5392 = EDGE_CURVE('',#5385,#5393,#5395,.T.);
#5393 = VERTEX_POINT('',#5394);
#5394 = CARTESIAN_POINT('',(-3.1,9.E-02,0.203));
#5395 = LINE('',#5396,#5397);
#5396 = CARTESIAN_POINT('',(-3.1,9.E-02,0.));
#5397 = VECTOR('',#5398,1.);
#5398 = DIRECTION('',(0.,0.,1.));
#5399 = ORIENTED_EDGE('',*,*,#5400,.F.);
#5400 = EDGE_CURVE('',#5377,#5393,#5401,.T.);
#5401 = LINE('',#5402,#5403);
#5402 = CARTESIAN_POINT('',(-3.1,-9.E-02,0.203));
#5403 = VECTOR('',#5404,1.);
#5404 = DIRECTION('',(-0.,1.,0.));
#5405 = PLANE('',#5406);
#5406 = AXIS2_PLACEMENT_3D('',#5407,#5408,#5409);
#5407 = CARTESIAN_POINT('',(-3.1,-9.E-02,0.));
#5408 = DIRECTION('',(1.,0.,-0.));
#5409 = DIRECTION('',(0.,0.,1.));
#5410 = ADVANCED_FACE('',(#5411),#5427,.F.);
#5411 = FACE_BOUND('',#5412,.F.);
#5412 = EDGE_LOOP('',(#5413,#5419,#5420,#5426));
#5413 = ORIENTED_EDGE('',*,*,#5414,.F.);
#5414 = EDGE_CURVE('',#5335,#5375,#5415,.T.);
#5415 = LINE('',#5416,#5417);
#5416 = CARTESIAN_POINT('',(-3.5,-9.E-02,0.));
#5417 = VECTOR('',#5418,1.);
#5418 = DIRECTION('',(1.,0.,-0.));
#5419 = ORIENTED_EDGE('',*,*,#5334,.T.);
#5420 = ORIENTED_EDGE('',*,*,#5421,.T.);
#5421 = EDGE_CURVE('',#5337,#5377,#5422,.T.);
#5422 = LINE('',#5423,#5424);
#5423 = CARTESIAN_POINT('',(-3.5,-9.E-02,0.203));
#5424 = VECTOR('',#5425,1.);
#5425 = DIRECTION('',(1.,0.,-0.));
#5426 = ORIENTED_EDGE('',*,*,#5374,.F.);
#5427 = PLANE('',#5428);
#5428 = AXIS2_PLACEMENT_3D('',#5429,#5430,#5431);
#5429 = CARTESIAN_POINT('',(-3.5,-9.E-02,0.));
#5430 = DIRECTION('',(-0.,1.,0.));
#5431 = DIRECTION('',(0.,0.,1.));
#5432 = ADVANCED_FACE('',(#5433),#5449,.T.);
#5433 = FACE_BOUND('',#5434,.T.);
#5434 = EDGE_LOOP('',(#5435,#5441,#5442,#5448));
#5435 = ORIENTED_EDGE('',*,*,#5436,.F.);
#5436 = EDGE_CURVE('',#5345,#5385,#5437,.T.);
#5437 = LINE('',#5438,#5439);
#5438 = CARTESIAN_POINT('',(-3.5,9.E-02,0.));
#5439 = VECTOR('',#5440,1.);
#5440 = DIRECTION('',(1.,0.,-0.));
#5441 = ORIENTED_EDGE('',*,*,#5352,.T.);
#5442 = ORIENTED_EDGE('',*,*,#5443,.T.);
#5443 = EDGE_CURVE('',#5353,#5393,#5444,.T.);
#5444 = LINE('',#5445,#5446);
#5445 = CARTESIAN_POINT('',(-3.5,9.E-02,0.203));
#5446 = VECTOR('',#5447,1.);
#5447 = DIRECTION('',(1.,0.,-0.));
#5448 = ORIENTED_EDGE('',*,*,#5392,.F.);
#5449 = PLANE('',#5450);
#5450 = AXIS2_PLACEMENT_3D('',#5451,#5452,#5453);
#5451 = CARTESIAN_POINT('',(-3.5,9.E-02,0.));
#5452 = DIRECTION('',(-0.,1.,0.));
#5453 = DIRECTION('',(0.,0.,1.));
#5454 = ADVANCED_FACE('',(#5455),#5461,.F.);
#5455 = FACE_BOUND('',#5456,.F.);
#5456 = EDGE_LOOP('',(#5457,#5458,#5459,#5460));
#5457 = ORIENTED_EDGE('',*,*,#5344,.F.);
#5458 = ORIENTED_EDGE('',*,*,#5414,.T.);
#5459 = ORIENTED_EDGE('',*,*,#5384,.T.);
#5460 = ORIENTED_EDGE('',*,*,#5436,.F.);
#5461 = PLANE('',#5462);
#5462 = AXIS2_PLACEMENT_3D('',#5463,#5464,#5465);
#5463 = CARTESIAN_POINT('',(-3.5,-9.E-02,0.));
#5464 = DIRECTION('',(0.,0.,1.));
#5465 = DIRECTION('',(1.,0.,-0.));
#5466 = ADVANCED_FACE('',(#5467),#5473,.T.);
#5467 = FACE_BOUND('',#5468,.T.);
#5468 = EDGE_LOOP('',(#5469,#5470,#5471,#5472));
#5469 = ORIENTED_EDGE('',*,*,#5360,.F.);
#5470 = ORIENTED_EDGE('',*,*,#5421,.T.);
#5471 = ORIENTED_EDGE('',*,*,#5400,.T.);
#5472 = ORIENTED_EDGE('',*,*,#5443,.F.);
#5473 = PLANE('',#5474);
#5474 = AXIS2_PLACEMENT_3D('',#5475,#5476,#5477);
#5475 = CARTESIAN_POINT('',(-3.5,-9.E-02,0.203));
#5476 = DIRECTION('',(0.,0.,1.));
#5477 = DIRECTION('',(1.,0.,-0.));
#5478 = MANIFOLD_SOLID_BREP('',#5479);
#5479 = CLOSED_SHELL('',(#5480,#5520,#5560,#5582,#5604,#5616));
#5480 = ADVANCED_FACE('',(#5481),#5515,.F.);
#5481 = FACE_BOUND('',#5482,.F.);
#5482 = EDGE_LOOP('',(#5483,#5493,#5501,#5509));
#5483 = ORIENTED_EDGE('',*,*,#5484,.F.);
#5484 = EDGE_CURVE('',#5485,#5487,#5489,.T.);
#5485 = VERTEX_POINT('',#5486);
#5486 = CARTESIAN_POINT('',(3.1,-9.E-02,0.));
#5487 = VERTEX_POINT('',#5488);
#5488 = CARTESIAN_POINT('',(3.1,-9.E-02,0.203));
#5489 = LINE('',#5490,#5491);
#5490 = CARTESIAN_POINT('',(3.1,-9.E-02,0.));
#5491 = VECTOR('',#5492,1.);
#5492 = DIRECTION('',(0.,0.,1.));
#5493 = ORIENTED_EDGE('',*,*,#5494,.T.);
#5494 = EDGE_CURVE('',#5485,#5495,#5497,.T.);
#5495 = VERTEX_POINT('',#5496);
#5496 = CARTESIAN_POINT('',(3.1,9.E-02,0.));
#5497 = LINE('',#5498,#5499);
#5498 = CARTESIAN_POINT('',(3.1,-9.E-02,0.));
#5499 = VECTOR('',#5500,1.);
#5500 = DIRECTION('',(-0.,1.,0.));
#5501 = ORIENTED_EDGE('',*,*,#5502,.T.);
#5502 = EDGE_CURVE('',#5495,#5503,#5505,.T.);
#5503 = VERTEX_POINT('',#5504);
#5504 = CARTESIAN_POINT('',(3.1,9.E-02,0.203));
#5505 = LINE('',#5506,#5507);
#5506 = CARTESIAN_POINT('',(3.1,9.E-02,0.));
#5507 = VECTOR('',#5508,1.);
#5508 = DIRECTION('',(0.,0.,1.));
#5509 = ORIENTED_EDGE('',*,*,#5510,.F.);
#5510 = EDGE_CURVE('',#5487,#5503,#5511,.T.);
#5511 = LINE('',#5512,#5513);
#5512 = CARTESIAN_POINT('',(3.1,-9.E-02,0.203));
#5513 = VECTOR('',#5514,1.);
#5514 = DIRECTION('',(-0.,1.,0.));
#5515 = PLANE('',#5516);
#5516 = AXIS2_PLACEMENT_3D('',#5517,#5518,#5519);
#5517 = CARTESIAN_POINT('',(3.1,-9.E-02,0.));
#5518 = DIRECTION('',(1.,0.,-0.));
#5519 = DIRECTION('',(0.,0.,1.));
#5520 = ADVANCED_FACE('',(#5521),#5555,.T.);
#5521 = FACE_BOUND('',#5522,.T.);
#5522 = EDGE_LOOP('',(#5523,#5533,#5541,#5549));
#5523 = ORIENTED_EDGE('',*,*,#5524,.F.);
#5524 = EDGE_CURVE('',#5525,#5527,#5529,.T.);
#5525 = VERTEX_POINT('',#5526);
#5526 = CARTESIAN_POINT('',(3.5,-9.E-02,0.));
#5527 = VERTEX_POINT('',#5528);
#5528 = CARTESIAN_POINT('',(3.5,-9.E-02,0.203));
#5529 = LINE('',#5530,#5531);
#5530 = CARTESIAN_POINT('',(3.5,-9.E-02,0.));
#5531 = VECTOR('',#5532,1.);
#5532 = DIRECTION('',(0.,0.,1.));
#5533 = ORIENTED_EDGE('',*,*,#5534,.T.);
#5534 = EDGE_CURVE('',#5525,#5535,#5537,.T.);
#5535 = VERTEX_POINT('',#5536);
#5536 = CARTESIAN_POINT('',(3.5,9.E-02,0.));
#5537 = LINE('',#5538,#5539);
#5538 = CARTESIAN_POINT('',(3.5,-9.E-02,0.));
#5539 = VECTOR('',#5540,1.);
#5540 = DIRECTION('',(-0.,1.,0.));
#5541 = ORIENTED_EDGE('',*,*,#5542,.T.);
#5542 = EDGE_CURVE('',#5535,#5543,#5545,.T.);
#5543 = VERTEX_POINT('',#5544);
#5544 = CARTESIAN_POINT('',(3.5,9.E-02,0.203));
#5545 = LINE('',#5546,#5547);
#5546 = CARTESIAN_POINT('',(3.5,9.E-02,0.));
#5547 = VECTOR('',#5548,1.);
#5548 = DIRECTION('',(0.,0.,1.));
#5549 = ORIENTED_EDGE('',*,*,#5550,.F.);
#5550 = EDGE_CURVE('',#5527,#5543,#5551,.T.);
#5551 = LINE('',#5552,#5553);
#5552 = CARTESIAN_POINT('',(3.5,-9.E-02,0.203));
#5553 = VECTOR('',#5554,1.);
#5554 = DIRECTION('',(-0.,1.,0.));
#5555 = PLANE('',#5556);
#5556 = AXIS2_PLACEMENT_3D('',#5557,#5558,#5559);
#5557 = CARTESIAN_POINT('',(3.5,-9.E-02,0.));
#5558 = DIRECTION('',(1.,0.,-0.));
#5559 = DIRECTION('',(0.,0.,1.));
#5560 = ADVANCED_FACE('',(#5561),#5577,.F.);
#5561 = FACE_BOUND('',#5562,.F.);
#5562 = EDGE_LOOP('',(#5563,#5569,#5570,#5576));
#5563 = ORIENTED_EDGE('',*,*,#5564,.F.);
#5564 = EDGE_CURVE('',#5485,#5525,#5565,.T.);
#5565 = LINE('',#5566,#5567);
#5566 = CARTESIAN_POINT('',(3.1,-9.E-02,0.));
#5567 = VECTOR('',#5568,1.);
#5568 = DIRECTION('',(1.,0.,-0.));
#5569 = ORIENTED_EDGE('',*,*,#5484,.T.);
#5570 = ORIENTED_EDGE('',*,*,#5571,.T.);
#5571 = EDGE_CURVE('',#5487,#5527,#5572,.T.);
#5572 = LINE('',#5573,#5574);
#5573 = CARTESIAN_POINT('',(3.1,-9.E-02,0.203));
#5574 = VECTOR('',#5575,1.);
#5575 = DIRECTION('',(1.,0.,-0.));
#5576 = ORIENTED_EDGE('',*,*,#5524,.F.);
#5577 = PLANE('',#5578);
#5578 = AXIS2_PLACEMENT_3D('',#5579,#5580,#5581);
#5579 = CARTESIAN_POINT('',(3.1,-9.E-02,0.));
#5580 = DIRECTION('',(-0.,1.,0.));
#5581 = DIRECTION('',(0.,0.,1.));
#5582 = ADVANCED_FACE('',(#5583),#5599,.T.);
#5583 = FACE_BOUND('',#5584,.T.);
#5584 = EDGE_LOOP('',(#5585,#5591,#5592,#5598));
#5585 = ORIENTED_EDGE('',*,*,#5586,.F.);
#5586 = EDGE_CURVE('',#5495,#5535,#5587,.T.);
#5587 = LINE('',#5588,#5589);
#5588 = CARTESIAN_POINT('',(3.1,9.E-02,0.));
#5589 = VECTOR('',#5590,1.);
#5590 = DIRECTION('',(1.,0.,-0.));
#5591 = ORIENTED_EDGE('',*,*,#5502,.T.);
#5592 = ORIENTED_EDGE('',*,*,#5593,.T.);
#5593 = EDGE_CURVE('',#5503,#5543,#5594,.T.);
#5594 = LINE('',#5595,#5596);
#5595 = CARTESIAN_POINT('',(3.1,9.E-02,0.203));
#5596 = VECTOR('',#5597,1.);
#5597 = DIRECTION('',(1.,0.,-0.));
#5598 = ORIENTED_EDGE('',*,*,#5542,.F.);
#5599 = PLANE('',#5600);
#5600 = AXIS2_PLACEMENT_3D('',#5601,#5602,#5603);
#5601 = CARTESIAN_POINT('',(3.1,9.E-02,0.));
#5602 = DIRECTION('',(-0.,1.,0.));
#5603 = DIRECTION('',(0.,0.,1.));
#5604 = ADVANCED_FACE('',(#5605),#5611,.F.);
#5605 = FACE_BOUND('',#5606,.F.);
#5606 = EDGE_LOOP('',(#5607,#5608,#5609,#5610));
#5607 = ORIENTED_EDGE('',*,*,#5494,.F.);
#5608 = ORIENTED_EDGE('',*,*,#5564,.T.);
#5609 = ORIENTED_EDGE('',*,*,#5534,.T.);
#5610 = ORIENTED_EDGE('',*,*,#5586,.F.);
#5611 = PLANE('',#5612);
#5612 = AXIS2_PLACEMENT_3D('',#5613,#5614,#5615);
#5613 = CARTESIAN_POINT('',(3.1,-9.E-02,0.));
#5614 = DIRECTION('',(0.,0.,1.));
#5615 = DIRECTION('',(1.,0.,-0.));
#5616 = ADVANCED_FACE('',(#5617),#5623,.T.);
#5617 = FACE_BOUND('',#5618,.T.);
#5618 = EDGE_LOOP('',(#5619,#5620,#5621,#5622));
#5619 = ORIENTED_EDGE('',*,*,#5510,.F.);
#5620 = ORIENTED_EDGE('',*,*,#5571,.T.);
#5621 = ORIENTED_EDGE('',*,*,#5550,.T.);
#5622 = ORIENTED_EDGE('',*,*,#5593,.F.);
#5623 = PLANE('',#5624);
#5624 = AXIS2_PLACEMENT_3D('',#5625,#5626,#5627);
#5625 = CARTESIAN_POINT('',(3.1,-9.E-02,0.203));
#5626 = DIRECTION('',(0.,0.,1.));
#5627 = DIRECTION('',(1.,0.,-0.));
#5628 = MANIFOLD_SOLID_BREP('',#5629);
#5629 = CLOSED_SHELL('',(#5630,#5670,#5710,#5732,#5754,#5766));
#5630 = ADVANCED_FACE('',(#5631),#5665,.F.);
#5631 = FACE_BOUND('',#5632,.F.);
#5632 = EDGE_LOOP('',(#5633,#5643,#5651,#5659));
#5633 = ORIENTED_EDGE('',*,*,#5634,.F.);
#5634 = EDGE_CURVE('',#5635,#5637,#5639,.T.);
#5635 = VERTEX_POINT('',#5636);
#5636 = CARTESIAN_POINT('',(0.31,-3.5,0.));
#5637 = VERTEX_POINT('',#5638);
#5638 = CARTESIAN_POINT('',(0.31,-3.5,0.203));
#5639 = LINE('',#5640,#5641);
#5640 = CARTESIAN_POINT('',(0.31,-3.5,0.));
#5641 = VECTOR('',#5642,1.);
#5642 = DIRECTION('',(0.,0.,1.));
#5643 = ORIENTED_EDGE('',*,*,#5644,.T.);
#5644 = EDGE_CURVE('',#5635,#5645,#5647,.T.);
#5645 = VERTEX_POINT('',#5646);
#5646 = CARTESIAN_POINT('',(0.31,-3.1,0.));
#5647 = LINE('',#5648,#5649);
#5648 = CARTESIAN_POINT('',(0.31,-3.5,0.));
#5649 = VECTOR('',#5650,1.);
#5650 = DIRECTION('',(-0.,1.,0.));
#5651 = ORIENTED_EDGE('',*,*,#5652,.T.);
#5652 = EDGE_CURVE('',#5645,#5653,#5655,.T.);
#5653 = VERTEX_POINT('',#5654);
#5654 = CARTESIAN_POINT('',(0.31,-3.1,0.203));
#5655 = LINE('',#5656,#5657);
#5656 = CARTESIAN_POINT('',(0.31,-3.1,0.));
#5657 = VECTOR('',#5658,1.);
#5658 = DIRECTION('',(0.,0.,1.));
#5659 = ORIENTED_EDGE('',*,*,#5660,.F.);
#5660 = EDGE_CURVE('',#5637,#5653,#5661,.T.);
#5661 = LINE('',#5662,#5663);
#5662 = CARTESIAN_POINT('',(0.31,-3.5,0.203));
#5663 = VECTOR('',#5664,1.);
#5664 = DIRECTION('',(-0.,1.,0.));
#5665 = PLANE('',#5666);
#5666 = AXIS2_PLACEMENT_3D('',#5667,#5668,#5669);
#5667 = CARTESIAN_POINT('',(0.31,-3.5,0.));
#5668 = DIRECTION('',(1.,0.,-0.));
#5669 = DIRECTION('',(0.,0.,1.));
#5670 = ADVANCED_FACE('',(#5671),#5705,.T.);
#5671 = FACE_BOUND('',#5672,.T.);
#5672 = EDGE_LOOP('',(#5673,#5683,#5691,#5699));
#5673 = ORIENTED_EDGE('',*,*,#5674,.F.);
#5674 = EDGE_CURVE('',#5675,#5677,#5679,.T.);
#5675 = VERTEX_POINT('',#5676);
#5676 = CARTESIAN_POINT('',(0.49,-3.5,0.));
#5677 = VERTEX_POINT('',#5678);
#5678 = CARTESIAN_POINT('',(0.49,-3.5,0.203));
#5679 = LINE('',#5680,#5681);
#5680 = CARTESIAN_POINT('',(0.49,-3.5,0.));
#5681 = VECTOR('',#5682,1.);
#5682 = DIRECTION('',(0.,0.,1.));
#5683 = ORIENTED_EDGE('',*,*,#5684,.T.);
#5684 = EDGE_CURVE('',#5675,#5685,#5687,.T.);
#5685 = VERTEX_POINT('',#5686);
#5686 = CARTESIAN_POINT('',(0.49,-3.1,0.));
#5687 = LINE('',#5688,#5689);
#5688 = CARTESIAN_POINT('',(0.49,-3.5,0.));
#5689 = VECTOR('',#5690,1.);
#5690 = DIRECTION('',(-0.,1.,0.));
#5691 = ORIENTED_EDGE('',*,*,#5692,.T.);
#5692 = EDGE_CURVE('',#5685,#5693,#5695,.T.);
#5693 = VERTEX_POINT('',#5694);
#5694 = CARTESIAN_POINT('',(0.49,-3.1,0.203));
#5695 = LINE('',#5696,#5697);
#5696 = CARTESIAN_POINT('',(0.49,-3.1,0.));
#5697 = VECTOR('',#5698,1.);
#5698 = DIRECTION('',(0.,0.,1.));
#5699 = ORIENTED_EDGE('',*,*,#5700,.F.);
#5700 = EDGE_CURVE('',#5677,#5693,#5701,.T.);
#5701 = LINE('',#5702,#5703);
#5702 = CARTESIAN_POINT('',(0.49,-3.5,0.203));
#5703 = VECTOR('',#5704,1.);
#5704 = DIRECTION('',(-0.,1.,0.));
#5705 = PLANE('',#5706);
#5706 = AXIS2_PLACEMENT_3D('',#5707,#5708,#5709);
#5707 = CARTESIAN_POINT('',(0.49,-3.5,0.));
#5708 = DIRECTION('',(1.,0.,-0.));
#5709 = DIRECTION('',(0.,0.,1.));
#5710 = ADVANCED_FACE('',(#5711),#5727,.F.);
#5711 = FACE_BOUND('',#5712,.F.);
#5712 = EDGE_LOOP('',(#5713,#5719,#5720,#5726));
#5713 = ORIENTED_EDGE('',*,*,#5714,.F.);
#5714 = EDGE_CURVE('',#5635,#5675,#5715,.T.);
#5715 = LINE('',#5716,#5717);
#5716 = CARTESIAN_POINT('',(0.31,-3.5,0.));
#5717 = VECTOR('',#5718,1.);
#5718 = DIRECTION('',(1.,0.,-0.));
#5719 = ORIENTED_EDGE('',*,*,#5634,.T.);
#5720 = ORIENTED_EDGE('',*,*,#5721,.T.);
#5721 = EDGE_CURVE('',#5637,#5677,#5722,.T.);
#5722 = LINE('',#5723,#5724);
#5723 = CARTESIAN_POINT('',(0.31,-3.5,0.203));
#5724 = VECTOR('',#5725,1.);
#5725 = DIRECTION('',(1.,0.,-0.));
#5726 = ORIENTED_EDGE('',*,*,#5674,.F.);
#5727 = PLANE('',#5728);
#5728 = AXIS2_PLACEMENT_3D('',#5729,#5730,#5731);
#5729 = CARTESIAN_POINT('',(0.31,-3.5,0.));
#5730 = DIRECTION('',(-0.,1.,0.));
#5731 = DIRECTION('',(0.,0.,1.));
#5732 = ADVANCED_FACE('',(#5733),#5749,.T.);
#5733 = FACE_BOUND('',#5734,.T.);
#5734 = EDGE_LOOP('',(#5735,#5741,#5742,#5748));
#5735 = ORIENTED_EDGE('',*,*,#5736,.F.);
#5736 = EDGE_CURVE('',#5645,#5685,#5737,.T.);
#5737 = LINE('',#5738,#5739);
#5738 = CARTESIAN_POINT('',(0.31,-3.1,0.));
#5739 = VECTOR('',#5740,1.);
#5740 = DIRECTION('',(1.,0.,-0.));
#5741 = ORIENTED_EDGE('',*,*,#5652,.T.);
#5742 = ORIENTED_EDGE('',*,*,#5743,.T.);
#5743 = EDGE_CURVE('',#5653,#5693,#5744,.T.);
#5744 = LINE('',#5745,#5746);
#5745 = CARTESIAN_POINT('',(0.31,-3.1,0.203));
#5746 = VECTOR('',#5747,1.);
#5747 = DIRECTION('',(1.,0.,-0.));
#5748 = ORIENTED_EDGE('',*,*,#5692,.F.);
#5749 = PLANE('',#5750);
#5750 = AXIS2_PLACEMENT_3D('',#5751,#5752,#5753);
#5751 = CARTESIAN_POINT('',(0.31,-3.1,0.));
#5752 = DIRECTION('',(-0.,1.,0.));
#5753 = DIRECTION('',(0.,0.,1.));
#5754 = ADVANCED_FACE('',(#5755),#5761,.F.);
#5755 = FACE_BOUND('',#5756,.F.);
#5756 = EDGE_LOOP('',(#5757,#5758,#5759,#5760));
#5757 = ORIENTED_EDGE('',*,*,#5644,.F.);
#5758 = ORIENTED_EDGE('',*,*,#5714,.T.);
#5759 = ORIENTED_EDGE('',*,*,#5684,.T.);
#5760 = ORIENTED_EDGE('',*,*,#5736,.F.);
#5761 = PLANE('',#5762);
#5762 = AXIS2_PLACEMENT_3D('',#5763,#5764,#5765);
#5763 = CARTESIAN_POINT('',(0.31,-3.5,0.));
#5764 = DIRECTION('',(0.,0.,1.));
#5765 = DIRECTION('',(1.,0.,-0.));
#5766 = ADVANCED_FACE('',(#5767),#5773,.T.);
#5767 = FACE_BOUND('',#5768,.T.);
#5768 = EDGE_LOOP('',(#5769,#5770,#5771,#5772));
#5769 = ORIENTED_EDGE('',*,*,#5660,.F.);
#5770 = ORIENTED_EDGE('',*,*,#5721,.T.);
#5771 = ORIENTED_EDGE('',*,*,#5700,.T.);
#5772 = ORIENTED_EDGE('',*,*,#5743,.F.);
#5773 = PLANE('',#5774);
#5774 = AXIS2_PLACEMENT_3D('',#5775,#5776,#5777);
#5775 = CARTESIAN_POINT('',(0.31,-3.5,0.203));
#5776 = DIRECTION('',(0.,0.,1.));
#5777 = DIRECTION('',(1.,0.,-0.));
#5778 = MANIFOLD_SOLID_BREP('',#5779);
#5779 = CLOSED_SHELL('',(#5780,#5820,#5860,#5882,#5904,#5916));
#5780 = ADVANCED_FACE('',(#5781),#5815,.F.);
#5781 = FACE_BOUND('',#5782,.F.);
#5782 = EDGE_LOOP('',(#5783,#5793,#5801,#5809));
#5783 = ORIENTED_EDGE('',*,*,#5784,.F.);
#5784 = EDGE_CURVE('',#5785,#5787,#5789,.T.);
#5785 = VERTEX_POINT('',#5786);
#5786 = CARTESIAN_POINT('',(0.31,3.1,0.));
#5787 = VERTEX_POINT('',#5788);
#5788 = CARTESIAN_POINT('',(0.31,3.1,0.203));
#5789 = LINE('',#5790,#5791);
#5790 = CARTESIAN_POINT('',(0.31,3.1,0.));
#5791 = VECTOR('',#5792,1.);
#5792 = DIRECTION('',(0.,0.,1.));
#5793 = ORIENTED_EDGE('',*,*,#5794,.T.);
#5794 = EDGE_CURVE('',#5785,#5795,#5797,.T.);
#5795 = VERTEX_POINT('',#5796);
#5796 = CARTESIAN_POINT('',(0.31,3.5,0.));
#5797 = LINE('',#5798,#5799);
#5798 = CARTESIAN_POINT('',(0.31,3.1,0.));
#5799 = VECTOR('',#5800,1.);
#5800 = DIRECTION('',(-0.,1.,0.));
#5801 = ORIENTED_EDGE('',*,*,#5802,.T.);
#5802 = EDGE_CURVE('',#5795,#5803,#5805,.T.);
#5803 = VERTEX_POINT('',#5804);
#5804 = CARTESIAN_POINT('',(0.31,3.5,0.203));
#5805 = LINE('',#5806,#5807);
#5806 = CARTESIAN_POINT('',(0.31,3.5,0.));
#5807 = VECTOR('',#5808,1.);
#5808 = DIRECTION('',(0.,0.,1.));
#5809 = ORIENTED_EDGE('',*,*,#5810,.F.);
#5810 = EDGE_CURVE('',#5787,#5803,#5811,.T.);
#5811 = LINE('',#5812,#5813);
#5812 = CARTESIAN_POINT('',(0.31,3.1,0.203));
#5813 = VECTOR('',#5814,1.);
#5814 = DIRECTION('',(-0.,1.,0.));
#5815 = PLANE('',#5816);
#5816 = AXIS2_PLACEMENT_3D('',#5817,#5818,#5819);
#5817 = CARTESIAN_POINT('',(0.31,3.1,0.));
#5818 = DIRECTION('',(1.,0.,-0.));
#5819 = DIRECTION('',(0.,0.,1.));
#5820 = ADVANCED_FACE('',(#5821),#5855,.T.);
#5821 = FACE_BOUND('',#5822,.T.);
#5822 = EDGE_LOOP('',(#5823,#5833,#5841,#5849));
#5823 = ORIENTED_EDGE('',*,*,#5824,.F.);
#5824 = EDGE_CURVE('',#5825,#5827,#5829,.T.);
#5825 = VERTEX_POINT('',#5826);
#5826 = CARTESIAN_POINT('',(0.49,3.1,0.));
#5827 = VERTEX_POINT('',#5828);
#5828 = CARTESIAN_POINT('',(0.49,3.1,0.203));
#5829 = LINE('',#5830,#5831);
#5830 = CARTESIAN_POINT('',(0.49,3.1,0.));
#5831 = VECTOR('',#5832,1.);
#5832 = DIRECTION('',(0.,0.,1.));
#5833 = ORIENTED_EDGE('',*,*,#5834,.T.);
#5834 = EDGE_CURVE('',#5825,#5835,#5837,.T.);
#5835 = VERTEX_POINT('',#5836);
#5836 = CARTESIAN_POINT('',(0.49,3.5,0.));
#5837 = LINE('',#5838,#5839);
#5838 = CARTESIAN_POINT('',(0.49,3.1,0.));
#5839 = VECTOR('',#5840,1.);
#5840 = DIRECTION('',(-0.,1.,0.));
#5841 = ORIENTED_EDGE('',*,*,#5842,.T.);
#5842 = EDGE_CURVE('',#5835,#5843,#5845,.T.);
#5843 = VERTEX_POINT('',#5844);
#5844 = CARTESIAN_POINT('',(0.49,3.5,0.203));
#5845 = LINE('',#5846,#5847);
#5846 = CARTESIAN_POINT('',(0.49,3.5,0.));
#5847 = VECTOR('',#5848,1.);
#5848 = DIRECTION('',(0.,0.,1.));
#5849 = ORIENTED_EDGE('',*,*,#5850,.F.);
#5850 = EDGE_CURVE('',#5827,#5843,#5851,.T.);
#5851 = LINE('',#5852,#5853);
#5852 = CARTESIAN_POINT('',(0.49,3.1,0.203));
#5853 = VECTOR('',#5854,1.);
#5854 = DIRECTION('',(-0.,1.,0.));
#5855 = PLANE('',#5856);
#5856 = AXIS2_PLACEMENT_3D('',#5857,#5858,#5859);
#5857 = CARTESIAN_POINT('',(0.49,3.1,0.));
#5858 = DIRECTION('',(1.,0.,-0.));
#5859 = DIRECTION('',(0.,0.,1.));
#5860 = ADVANCED_FACE('',(#5861),#5877,.F.);
#5861 = FACE_BOUND('',#5862,.F.);
#5862 = EDGE_LOOP('',(#5863,#5869,#5870,#5876));
#5863 = ORIENTED_EDGE('',*,*,#5864,.F.);
#5864 = EDGE_CURVE('',#5785,#5825,#5865,.T.);
#5865 = LINE('',#5866,#5867);
#5866 = CARTESIAN_POINT('',(0.31,3.1,0.));
#5867 = VECTOR('',#5868,1.);
#5868 = DIRECTION('',(1.,0.,-0.));
#5869 = ORIENTED_EDGE('',*,*,#5784,.T.);
#5870 = ORIENTED_EDGE('',*,*,#5871,.T.);
#5871 = EDGE_CURVE('',#5787,#5827,#5872,.T.);
#5872 = LINE('',#5873,#5874);
#5873 = CARTESIAN_POINT('',(0.31,3.1,0.203));
#5874 = VECTOR('',#5875,1.);
#5875 = DIRECTION('',(1.,0.,-0.));
#5876 = ORIENTED_EDGE('',*,*,#5824,.F.);
#5877 = PLANE('',#5878);
#5878 = AXIS2_PLACEMENT_3D('',#5879,#5880,#5881);
#5879 = CARTESIAN_POINT('',(0.31,3.1,0.));
#5880 = DIRECTION('',(-0.,1.,0.));
#5881 = DIRECTION('',(0.,0.,1.));
#5882 = ADVANCED_FACE('',(#5883),#5899,.T.);
#5883 = FACE_BOUND('',#5884,.T.);
#5884 = EDGE_LOOP('',(#5885,#5891,#5892,#5898));
#5885 = ORIENTED_EDGE('',*,*,#5886,.F.);
#5886 = EDGE_CURVE('',#5795,#5835,#5887,.T.);
#5887 = LINE('',#5888,#5889);
#5888 = CARTESIAN_POINT('',(0.31,3.5,0.));
#5889 = VECTOR('',#5890,1.);
#5890 = DIRECTION('',(1.,0.,-0.));
#5891 = ORIENTED_EDGE('',*,*,#5802,.T.);
#5892 = ORIENTED_EDGE('',*,*,#5893,.T.);
#5893 = EDGE_CURVE('',#5803,#5843,#5894,.T.);
#5894 = LINE('',#5895,#5896);
#5895 = CARTESIAN_POINT('',(0.31,3.5,0.203));
#5896 = VECTOR('',#5897,1.);
#5897 = DIRECTION('',(1.,0.,-0.));
#5898 = ORIENTED_EDGE('',*,*,#5842,.F.);
#5899 = PLANE('',#5900);
#5900 = AXIS2_PLACEMENT_3D('',#5901,#5902,#5903);
#5901 = CARTESIAN_POINT('',(0.31,3.5,0.));
#5902 = DIRECTION('',(-0.,1.,0.));
#5903 = DIRECTION('',(0.,0.,1.));
#5904 = ADVANCED_FACE('',(#5905),#5911,.F.);
#5905 = FACE_BOUND('',#5906,.F.);
#5906 = EDGE_LOOP('',(#5907,#5908,#5909,#5910));
#5907 = ORIENTED_EDGE('',*,*,#5794,.F.);
#5908 = ORIENTED_EDGE('',*,*,#5864,.T.);
#5909 = ORIENTED_EDGE('',*,*,#5834,.T.);
#5910 = ORIENTED_EDGE('',*,*,#5886,.F.);
#5911 = PLANE('',#5912);
#5912 = AXIS2_PLACEMENT_3D('',#5913,#5914,#5915);
#5913 = CARTESIAN_POINT('',(0.31,3.1,0.));
#5914 = DIRECTION('',(0.,0.,1.));
#5915 = DIRECTION('',(1.,0.,-0.));
#5916 = ADVANCED_FACE('',(#5917),#5923,.T.);
#5917 = FACE_BOUND('',#5918,.T.);
#5918 = EDGE_LOOP('',(#5919,#5920,#5921,#5922));
#5919 = ORIENTED_EDGE('',*,*,#5810,.F.);
#5920 = ORIENTED_EDGE('',*,*,#5871,.T.);
#5921 = ORIENTED_EDGE('',*,*,#5850,.T.);
#5922 = ORIENTED_EDGE('',*,*,#5893,.F.);
#5923 = PLANE('',#5924);
#5924 = AXIS2_PLACEMENT_3D('',#5925,#5926,#5927);
#5925 = CARTESIAN_POINT('',(0.31,3.1,0.203));
#5926 = DIRECTION('',(0.,0.,1.));
#5927 = DIRECTION('',(1.,0.,-0.));
#5928 = MANIFOLD_SOLID_BREP('',#5929);
#5929 = CLOSED_SHELL('',(#5930,#5970,#6010,#6032,#6054,#6066));
#5930 = ADVANCED_FACE('',(#5931),#5965,.F.);
#5931 = FACE_BOUND('',#5932,.F.);
#5932 = EDGE_LOOP('',(#5933,#5943,#5951,#5959));
#5933 = ORIENTED_EDGE('',*,*,#5934,.F.);
#5934 = EDGE_CURVE('',#5935,#5937,#5939,.T.);
#5935 = VERTEX_POINT('',#5936);
#5936 = CARTESIAN_POINT('',(-3.5,0.31,0.));
#5937 = VERTEX_POINT('',#5938);
#5938 = CARTESIAN_POINT('',(-3.5,0.31,0.203));
#5939 = LINE('',#5940,#5941);
#5940 = CARTESIAN_POINT('',(-3.5,0.31,0.));
#5941 = VECTOR('',#5942,1.);
#5942 = DIRECTION('',(0.,0.,1.));
#5943 = ORIENTED_EDGE('',*,*,#5944,.T.);
#5944 = EDGE_CURVE('',#5935,#5945,#5947,.T.);
#5945 = VERTEX_POINT('',#5946);
#5946 = CARTESIAN_POINT('',(-3.5,0.49,0.));
#5947 = LINE('',#5948,#5949);
#5948 = CARTESIAN_POINT('',(-3.5,0.31,0.));
#5949 = VECTOR('',#5950,1.);
#5950 = DIRECTION('',(-0.,1.,0.));
#5951 = ORIENTED_EDGE('',*,*,#5952,.T.);
#5952 = EDGE_CURVE('',#5945,#5953,#5955,.T.);
#5953 = VERTEX_POINT('',#5954);
#5954 = CARTESIAN_POINT('',(-3.5,0.49,0.203));
#5955 = LINE('',#5956,#5957);
#5956 = CARTESIAN_POINT('',(-3.5,0.49,0.));
#5957 = VECTOR('',#5958,1.);
#5958 = DIRECTION('',(0.,0.,1.));
#5959 = ORIENTED_EDGE('',*,*,#5960,.F.);
#5960 = EDGE_CURVE('',#5937,#5953,#5961,.T.);
#5961 = LINE('',#5962,#5963);
#5962 = CARTESIAN_POINT('',(-3.5,0.31,0.203));
#5963 = VECTOR('',#5964,1.);
#5964 = DIRECTION('',(-0.,1.,0.));
#5965 = PLANE('',#5966);
#5966 = AXIS2_PLACEMENT_3D('',#5967,#5968,#5969);
#5967 = CARTESIAN_POINT('',(-3.5,0.31,0.));
#5968 = DIRECTION('',(1.,0.,-0.));
#5969 = DIRECTION('',(0.,0.,1.));
#5970 = ADVANCED_FACE('',(#5971),#6005,.T.);
#5971 = FACE_BOUND('',#5972,.T.);
#5972 = EDGE_LOOP('',(#5973,#5983,#5991,#5999));
#5973 = ORIENTED_EDGE('',*,*,#5974,.F.);
#5974 = EDGE_CURVE('',#5975,#5977,#5979,.T.);
#5975 = VERTEX_POINT('',#5976);
#5976 = CARTESIAN_POINT('',(-3.1,0.31,0.));
#5977 = VERTEX_POINT('',#5978);
#5978 = CARTESIAN_POINT('',(-3.1,0.31,0.203));
#5979 = LINE('',#5980,#5981);
#5980 = CARTESIAN_POINT('',(-3.1,0.31,0.));
#5981 = VECTOR('',#5982,1.);
#5982 = DIRECTION('',(0.,0.,1.));
#5983 = ORIENTED_EDGE('',*,*,#5984,.T.);
#5984 = EDGE_CURVE('',#5975,#5985,#5987,.T.);
#5985 = VERTEX_POINT('',#5986);
#5986 = CARTESIAN_POINT('',(-3.1,0.49,0.));
#5987 = LINE('',#5988,#5989);
#5988 = CARTESIAN_POINT('',(-3.1,0.31,0.));
#5989 = VECTOR('',#5990,1.);
#5990 = DIRECTION('',(-0.,1.,0.));
#5991 = ORIENTED_EDGE('',*,*,#5992,.T.);
#5992 = EDGE_CURVE('',#5985,#5993,#5995,.T.);
#5993 = VERTEX_POINT('',#5994);
#5994 = CARTESIAN_POINT('',(-3.1,0.49,0.203));
#5995 = LINE('',#5996,#5997);
#5996 = CARTESIAN_POINT('',(-3.1,0.49,0.));
#5997 = VECTOR('',#5998,1.);
#5998 = DIRECTION('',(0.,0.,1.));
#5999 = ORIENTED_EDGE('',*,*,#6000,.F.);
#6000 = EDGE_CURVE('',#5977,#5993,#6001,.T.);
#6001 = LINE('',#6002,#6003);
#6002 = CARTESIAN_POINT('',(-3.1,0.31,0.203));
#6003 = VECTOR('',#6004,1.);
#6004 = DIRECTION('',(-0.,1.,0.));
#6005 = PLANE('',#6006);
#6006 = AXIS2_PLACEMENT_3D('',#6007,#6008,#6009);
#6007 = CARTESIAN_POINT('',(-3.1,0.31,0.));
#6008 = DIRECTION('',(1.,0.,-0.));
#6009 = DIRECTION('',(0.,0.,1.));
#6010 = ADVANCED_FACE('',(#6011),#6027,.F.);
#6011 = FACE_BOUND('',#6012,.F.);
#6012 = EDGE_LOOP('',(#6013,#6019,#6020,#6026));
#6013 = ORIENTED_EDGE('',*,*,#6014,.F.);
#6014 = EDGE_CURVE('',#5935,#5975,#6015,.T.);
#6015 = LINE('',#6016,#6017);
#6016 = CARTESIAN_POINT('',(-3.5,0.31,0.));
#6017 = VECTOR('',#6018,1.);
#6018 = DIRECTION('',(1.,0.,-0.));
#6019 = ORIENTED_EDGE('',*,*,#5934,.T.);
#6020 = ORIENTED_EDGE('',*,*,#6021,.T.);
#6021 = EDGE_CURVE('',#5937,#5977,#6022,.T.);
#6022 = LINE('',#6023,#6024);
#6023 = CARTESIAN_POINT('',(-3.5,0.31,0.203));
#6024 = VECTOR('',#6025,1.);
#6025 = DIRECTION('',(1.,0.,-0.));
#6026 = ORIENTED_EDGE('',*,*,#5974,.F.);
#6027 = PLANE('',#6028);
#6028 = AXIS2_PLACEMENT_3D('',#6029,#6030,#6031);
#6029 = CARTESIAN_POINT('',(-3.5,0.31,0.));
#6030 = DIRECTION('',(-0.,1.,0.));
#6031 = DIRECTION('',(0.,0.,1.));
#6032 = ADVANCED_FACE('',(#6033),#6049,.T.);
#6033 = FACE_BOUND('',#6034,.T.);
#6034 = EDGE_LOOP('',(#6035,#6041,#6042,#6048));
#6035 = ORIENTED_EDGE('',*,*,#6036,.F.);
#6036 = EDGE_CURVE('',#5945,#5985,#6037,.T.);
#6037 = LINE('',#6038,#6039);
#6038 = CARTESIAN_POINT('',(-3.5,0.49,0.));
#6039 = VECTOR('',#6040,1.);
#6040 = DIRECTION('',(1.,0.,-0.));
#6041 = ORIENTED_EDGE('',*,*,#5952,.T.);
#6042 = ORIENTED_EDGE('',*,*,#6043,.T.);
#6043 = EDGE_CURVE('',#5953,#5993,#6044,.T.);
#6044 = LINE('',#6045,#6046);
#6045 = CARTESIAN_POINT('',(-3.5,0.49,0.203));
#6046 = VECTOR('',#6047,1.);
#6047 = DIRECTION('',(1.,0.,-0.));
#6048 = ORIENTED_EDGE('',*,*,#5992,.F.);
#6049 = PLANE('',#6050);
#6050 = AXIS2_PLACEMENT_3D('',#6051,#6052,#6053);
#6051 = CARTESIAN_POINT('',(-3.5,0.49,0.));
#6052 = DIRECTION('',(-0.,1.,0.));
#6053 = DIRECTION('',(0.,0.,1.));
#6054 = ADVANCED_FACE('',(#6055),#6061,.F.);
#6055 = FACE_BOUND('',#6056,.F.);
#6056 = EDGE_LOOP('',(#6057,#6058,#6059,#6060));
#6057 = ORIENTED_EDGE('',*,*,#5944,.F.);
#6058 = ORIENTED_EDGE('',*,*,#6014,.T.);
#6059 = ORIENTED_EDGE('',*,*,#5984,.T.);
#6060 = ORIENTED_EDGE('',*,*,#6036,.F.);
#6061 = PLANE('',#6062);
#6062 = AXIS2_PLACEMENT_3D('',#6063,#6064,#6065);
#6063 = CARTESIAN_POINT('',(-3.5,0.31,0.));
#6064 = DIRECTION('',(0.,0.,1.));
#6065 = DIRECTION('',(1.,0.,-0.));
#6066 = ADVANCED_FACE('',(#6067),#6073,.T.);
#6067 = FACE_BOUND('',#6068,.T.);
#6068 = EDGE_LOOP('',(#6069,#6070,#6071,#6072));
#6069 = ORIENTED_EDGE('',*,*,#5960,.F.);
#6070 = ORIENTED_EDGE('',*,*,#6021,.T.);
#6071 = ORIENTED_EDGE('',*,*,#6000,.T.);
#6072 = ORIENTED_EDGE('',*,*,#6043,.F.);
#6073 = PLANE('',#6074);
#6074 = AXIS2_PLACEMENT_3D('',#6075,#6076,#6077);
#6075 = CARTESIAN_POINT('',(-3.5,0.31,0.203));
#6076 = DIRECTION('',(0.,0.,1.));
#6077 = DIRECTION('',(1.,0.,-0.));
#6078 = MANIFOLD_SOLID_BREP('',#6079);
#6079 = CLOSED_SHELL('',(#6080,#6120,#6160,#6182,#6204,#6216));
#6080 = ADVANCED_FACE('',(#6081),#6115,.F.);
#6081 = FACE_BOUND('',#6082,.F.);
#6082 = EDGE_LOOP('',(#6083,#6093,#6101,#6109));
#6083 = ORIENTED_EDGE('',*,*,#6084,.F.);
#6084 = EDGE_CURVE('',#6085,#6087,#6089,.T.);
#6085 = VERTEX_POINT('',#6086);
#6086 = CARTESIAN_POINT('',(3.1,0.31,0.));
#6087 = VERTEX_POINT('',#6088);
#6088 = CARTESIAN_POINT('',(3.1,0.31,0.203));
#6089 = LINE('',#6090,#6091);
#6090 = CARTESIAN_POINT('',(3.1,0.31,0.));
#6091 = VECTOR('',#6092,1.);
#6092 = DIRECTION('',(0.,0.,1.));
#6093 = ORIENTED_EDGE('',*,*,#6094,.T.);
#6094 = EDGE_CURVE('',#6085,#6095,#6097,.T.);
#6095 = VERTEX_POINT('',#6096);
#6096 = CARTESIAN_POINT('',(3.1,0.49,0.));
#6097 = LINE('',#6098,#6099);
#6098 = CARTESIAN_POINT('',(3.1,0.31,0.));
#6099 = VECTOR('',#6100,1.);
#6100 = DIRECTION('',(-0.,1.,0.));
#6101 = ORIENTED_EDGE('',*,*,#6102,.T.);
#6102 = EDGE_CURVE('',#6095,#6103,#6105,.T.);
#6103 = VERTEX_POINT('',#6104);
#6104 = CARTESIAN_POINT('',(3.1,0.49,0.203));
#6105 = LINE('',#6106,#6107);
#6106 = CARTESIAN_POINT('',(3.1,0.49,0.));
#6107 = VECTOR('',#6108,1.);
#6108 = DIRECTION('',(0.,0.,1.));
#6109 = ORIENTED_EDGE('',*,*,#6110,.F.);
#6110 = EDGE_CURVE('',#6087,#6103,#6111,.T.);
#6111 = LINE('',#6112,#6113);
#6112 = CARTESIAN_POINT('',(3.1,0.31,0.203));
#6113 = VECTOR('',#6114,1.);
#6114 = DIRECTION('',(-0.,1.,0.));
#6115 = PLANE('',#6116);
#6116 = AXIS2_PLACEMENT_3D('',#6117,#6118,#6119);
#6117 = CARTESIAN_POINT('',(3.1,0.31,0.));
#6118 = DIRECTION('',(1.,0.,-0.));
#6119 = DIRECTION('',(0.,0.,1.));
#6120 = ADVANCED_FACE('',(#6121),#6155,.T.);
#6121 = FACE_BOUND('',#6122,.T.);
#6122 = EDGE_LOOP('',(#6123,#6133,#6141,#6149));
#6123 = ORIENTED_EDGE('',*,*,#6124,.F.);
#6124 = EDGE_CURVE('',#6125,#6127,#6129,.T.);
#6125 = VERTEX_POINT('',#6126);
#6126 = CARTESIAN_POINT('',(3.5,0.31,0.));
#6127 = VERTEX_POINT('',#6128);
#6128 = CARTESIAN_POINT('',(3.5,0.31,0.203));
#6129 = LINE('',#6130,#6131);
#6130 = CARTESIAN_POINT('',(3.5,0.31,0.));
#6131 = VECTOR('',#6132,1.);
#6132 = DIRECTION('',(0.,0.,1.));
#6133 = ORIENTED_EDGE('',*,*,#6134,.T.);
#6134 = EDGE_CURVE('',#6125,#6135,#6137,.T.);
#6135 = VERTEX_POINT('',#6136);
#6136 = CARTESIAN_POINT('',(3.5,0.49,0.));
#6137 = LINE('',#6138,#6139);
#6138 = CARTESIAN_POINT('',(3.5,0.31,0.));
#6139 = VECTOR('',#6140,1.);
#6140 = DIRECTION('',(-0.,1.,0.));
#6141 = ORIENTED_EDGE('',*,*,#6142,.T.);
#6142 = EDGE_CURVE('',#6135,#6143,#6145,.T.);
#6143 = VERTEX_POINT('',#6144);
#6144 = CARTESIAN_POINT('',(3.5,0.49,0.203));
#6145 = LINE('',#6146,#6147);
#6146 = CARTESIAN_POINT('',(3.5,0.49,0.));
#6147 = VECTOR('',#6148,1.);
#6148 = DIRECTION('',(0.,0.,1.));
#6149 = ORIENTED_EDGE('',*,*,#6150,.F.);
#6150 = EDGE_CURVE('',#6127,#6143,#6151,.T.);
#6151 = LINE('',#6152,#6153);
#6152 = CARTESIAN_POINT('',(3.5,0.31,0.203));
#6153 = VECTOR('',#6154,1.);
#6154 = DIRECTION('',(-0.,1.,0.));
#6155 = PLANE('',#6156);
#6156 = AXIS2_PLACEMENT_3D('',#6157,#6158,#6159);
#6157 = CARTESIAN_POINT('',(3.5,0.31,0.));
#6158 = DIRECTION('',(1.,0.,-0.));
#6159 = DIRECTION('',(0.,0.,1.));
#6160 = ADVANCED_FACE('',(#6161),#6177,.F.);
#6161 = FACE_BOUND('',#6162,.F.);
#6162 = EDGE_LOOP('',(#6163,#6169,#6170,#6176));
#6163 = ORIENTED_EDGE('',*,*,#6164,.F.);
#6164 = EDGE_CURVE('',#6085,#6125,#6165,.T.);
#6165 = LINE('',#6166,#6167);
#6166 = CARTESIAN_POINT('',(3.1,0.31,0.));
#6167 = VECTOR('',#6168,1.);
#6168 = DIRECTION('',(1.,0.,-0.));
#6169 = ORIENTED_EDGE('',*,*,#6084,.T.);
#6170 = ORIENTED_EDGE('',*,*,#6171,.T.);
#6171 = EDGE_CURVE('',#6087,#6127,#6172,.T.);
#6172 = LINE('',#6173,#6174);
#6173 = CARTESIAN_POINT('',(3.1,0.31,0.203));
#6174 = VECTOR('',#6175,1.);
#6175 = DIRECTION('',(1.,0.,-0.));
#6176 = ORIENTED_EDGE('',*,*,#6124,.F.);
#6177 = PLANE('',#6178);
#6178 = AXIS2_PLACEMENT_3D('',#6179,#6180,#6181);
#6179 = CARTESIAN_POINT('',(3.1,0.31,0.));
#6180 = DIRECTION('',(-0.,1.,0.));
#6181 = DIRECTION('',(0.,0.,1.));
#6182 = ADVANCED_FACE('',(#6183),#6199,.T.);
#6183 = FACE_BOUND('',#6184,.T.);
#6184 = EDGE_LOOP('',(#6185,#6191,#6192,#6198));
#6185 = ORIENTED_EDGE('',*,*,#6186,.F.);
#6186 = EDGE_CURVE('',#6095,#6135,#6187,.T.);
#6187 = LINE('',#6188,#6189);
#6188 = CARTESIAN_POINT('',(3.1,0.49,0.));
#6189 = VECTOR('',#6190,1.);
#6190 = DIRECTION('',(1.,0.,-0.));
#6191 = ORIENTED_EDGE('',*,*,#6102,.T.);
#6192 = ORIENTED_EDGE('',*,*,#6193,.T.);
#6193 = EDGE_CURVE('',#6103,#6143,#6194,.T.);
#6194 = LINE('',#6195,#6196);
#6195 = CARTESIAN_POINT('',(3.1,0.49,0.203));
#6196 = VECTOR('',#6197,1.);
#6197 = DIRECTION('',(1.,0.,-0.));
#6198 = ORIENTED_EDGE('',*,*,#6142,.F.);
#6199 = PLANE('',#6200);
#6200 = AXIS2_PLACEMENT_3D('',#6201,#6202,#6203);
#6201 = CARTESIAN_POINT('',(3.1,0.49,0.));
#6202 = DIRECTION('',(-0.,1.,0.));
#6203 = DIRECTION('',(0.,0.,1.));
#6204 = ADVANCED_FACE('',(#6205),#6211,.F.);
#6205 = FACE_BOUND('',#6206,.F.);
#6206 = EDGE_LOOP('',(#6207,#6208,#6209,#6210));
#6207 = ORIENTED_EDGE('',*,*,#6094,.F.);
#6208 = ORIENTED_EDGE('',*,*,#6164,.T.);
#6209 = ORIENTED_EDGE('',*,*,#6134,.T.);
#6210 = ORIENTED_EDGE('',*,*,#6186,.F.);
#6211 = PLANE('',#6212);
#6212 = AXIS2_PLACEMENT_3D('',#6213,#6214,#6215);
#6213 = CARTESIAN_POINT('',(3.1,0.31,0.));
#6214 = DIRECTION('',(0.,0.,1.));
#6215 = DIRECTION('',(1.,0.,-0.));
#6216 = ADVANCED_FACE('',(#6217),#6223,.T.);
#6217 = FACE_BOUND('',#6218,.T.);
#6218 = EDGE_LOOP('',(#6219,#6220,#6221,#6222));
#6219 = ORIENTED_EDGE('',*,*,#6110,.F.);
#6220 = ORIENTED_EDGE('',*,*,#6171,.T.);
#6221 = ORIENTED_EDGE('',*,*,#6150,.T.);
#6222 = ORIENTED_EDGE('',*,*,#6193,.F.);
#6223 = PLANE('',#6224);
#6224 = AXIS2_PLACEMENT_3D('',#6225,#6226,#6227);
#6225 = CARTESIAN_POINT('',(3.1,0.31,0.203));
#6226 = DIRECTION('',(0.,0.,1.));
#6227 = DIRECTION('',(1.,0.,-0.));
#6228 = MANIFOLD_SOLID_BREP('',#6229);
#6229 = CLOSED_SHELL('',(#6230,#6270,#6310,#6332,#6354,#6366));
#6230 = ADVANCED_FACE('',(#6231),#6265,.F.);
#6231 = FACE_BOUND('',#6232,.F.);
#6232 = EDGE_LOOP('',(#6233,#6243,#6251,#6259));
#6233 = ORIENTED_EDGE('',*,*,#6234,.F.);
#6234 = EDGE_CURVE('',#6235,#6237,#6239,.T.);
#6235 = VERTEX_POINT('',#6236);
#6236 = CARTESIAN_POINT('',(0.71,-3.5,0.));
#6237 = VERTEX_POINT('',#6238);
#6238 = CARTESIAN_POINT('',(0.71,-3.5,0.203));
#6239 = LINE('',#6240,#6241);
#6240 = CARTESIAN_POINT('',(0.71,-3.5,0.));
#6241 = VECTOR('',#6242,1.);
#6242 = DIRECTION('',(0.,0.,1.));
#6243 = ORIENTED_EDGE('',*,*,#6244,.T.);
#6244 = EDGE_CURVE('',#6235,#6245,#6247,.T.);
#6245 = VERTEX_POINT('',#6246);
#6246 = CARTESIAN_POINT('',(0.71,-3.1,0.));
#6247 = LINE('',#6248,#6249);
#6248 = CARTESIAN_POINT('',(0.71,-3.5,0.));
#6249 = VECTOR('',#6250,1.);
#6250 = DIRECTION('',(-0.,1.,0.));
#6251 = ORIENTED_EDGE('',*,*,#6252,.T.);
#6252 = EDGE_CURVE('',#6245,#6253,#6255,.T.);
#6253 = VERTEX_POINT('',#6254);
#6254 = CARTESIAN_POINT('',(0.71,-3.1,0.203));
#6255 = LINE('',#6256,#6257);
#6256 = CARTESIAN_POINT('',(0.71,-3.1,0.));
#6257 = VECTOR('',#6258,1.);
#6258 = DIRECTION('',(0.,0.,1.));
#6259 = ORIENTED_EDGE('',*,*,#6260,.F.);
#6260 = EDGE_CURVE('',#6237,#6253,#6261,.T.);
#6261 = LINE('',#6262,#6263);
#6262 = CARTESIAN_POINT('',(0.71,-3.5,0.203));
#6263 = VECTOR('',#6264,1.);
#6264 = DIRECTION('',(-0.,1.,0.));
#6265 = PLANE('',#6266);
#6266 = AXIS2_PLACEMENT_3D('',#6267,#6268,#6269);
#6267 = CARTESIAN_POINT('',(0.71,-3.5,0.));
#6268 = DIRECTION('',(1.,0.,-0.));
#6269 = DIRECTION('',(0.,0.,1.));
#6270 = ADVANCED_FACE('',(#6271),#6305,.T.);
#6271 = FACE_BOUND('',#6272,.T.);
#6272 = EDGE_LOOP('',(#6273,#6283,#6291,#6299));
#6273 = ORIENTED_EDGE('',*,*,#6274,.F.);
#6274 = EDGE_CURVE('',#6275,#6277,#6279,.T.);
#6275 = VERTEX_POINT('',#6276);
#6276 = CARTESIAN_POINT('',(0.89,-3.5,0.));
#6277 = VERTEX_POINT('',#6278);
#6278 = CARTESIAN_POINT('',(0.89,-3.5,0.203));
#6279 = LINE('',#6280,#6281);
#6280 = CARTESIAN_POINT('',(0.89,-3.5,0.));
#6281 = VECTOR('',#6282,1.);
#6282 = DIRECTION('',(0.,0.,1.));
#6283 = ORIENTED_EDGE('',*,*,#6284,.T.);
#6284 = EDGE_CURVE('',#6275,#6285,#6287,.T.);
#6285 = VERTEX_POINT('',#6286);
#6286 = CARTESIAN_POINT('',(0.89,-3.1,0.));
#6287 = LINE('',#6288,#6289);
#6288 = CARTESIAN_POINT('',(0.89,-3.5,0.));
#6289 = VECTOR('',#6290,1.);
#6290 = DIRECTION('',(-0.,1.,0.));
#6291 = ORIENTED_EDGE('',*,*,#6292,.T.);
#6292 = EDGE_CURVE('',#6285,#6293,#6295,.T.);
#6293 = VERTEX_POINT('',#6294);
#6294 = CARTESIAN_POINT('',(0.89,-3.1,0.203));
#6295 = LINE('',#6296,#6297);
#6296 = CARTESIAN_POINT('',(0.89,-3.1,0.));
#6297 = VECTOR('',#6298,1.);
#6298 = DIRECTION('',(0.,0.,1.));
#6299 = ORIENTED_EDGE('',*,*,#6300,.F.);
#6300 = EDGE_CURVE('',#6277,#6293,#6301,.T.);
#6301 = LINE('',#6302,#6303);
#6302 = CARTESIAN_POINT('',(0.89,-3.5,0.203));
#6303 = VECTOR('',#6304,1.);
#6304 = DIRECTION('',(-0.,1.,0.));
#6305 = PLANE('',#6306);
#6306 = AXIS2_PLACEMENT_3D('',#6307,#6308,#6309);
#6307 = CARTESIAN_POINT('',(0.89,-3.5,0.));
#6308 = DIRECTION('',(1.,0.,-0.));
#6309 = DIRECTION('',(0.,0.,1.));
#6310 = ADVANCED_FACE('',(#6311),#6327,.F.);
#6311 = FACE_BOUND('',#6312,.F.);
#6312 = EDGE_LOOP('',(#6313,#6319,#6320,#6326));
#6313 = ORIENTED_EDGE('',*,*,#6314,.F.);
#6314 = EDGE_CURVE('',#6235,#6275,#6315,.T.);
#6315 = LINE('',#6316,#6317);
#6316 = CARTESIAN_POINT('',(0.71,-3.5,0.));
#6317 = VECTOR('',#6318,1.);
#6318 = DIRECTION('',(1.,0.,-0.));
#6319 = ORIENTED_EDGE('',*,*,#6234,.T.);
#6320 = ORIENTED_EDGE('',*,*,#6321,.T.);
#6321 = EDGE_CURVE('',#6237,#6277,#6322,.T.);
#6322 = LINE('',#6323,#6324);
#6323 = CARTESIAN_POINT('',(0.71,-3.5,0.203));
#6324 = VECTOR('',#6325,1.);
#6325 = DIRECTION('',(1.,0.,-0.));
#6326 = ORIENTED_EDGE('',*,*,#6274,.F.);
#6327 = PLANE('',#6328);
#6328 = AXIS2_PLACEMENT_3D('',#6329,#6330,#6331);
#6329 = CARTESIAN_POINT('',(0.71,-3.5,0.));
#6330 = DIRECTION('',(-0.,1.,0.));
#6331 = DIRECTION('',(0.,0.,1.));
#6332 = ADVANCED_FACE('',(#6333),#6349,.T.);
#6333 = FACE_BOUND('',#6334,.T.);
#6334 = EDGE_LOOP('',(#6335,#6341,#6342,#6348));
#6335 = ORIENTED_EDGE('',*,*,#6336,.F.);
#6336 = EDGE_CURVE('',#6245,#6285,#6337,.T.);
#6337 = LINE('',#6338,#6339);
#6338 = CARTESIAN_POINT('',(0.71,-3.1,0.));
#6339 = VECTOR('',#6340,1.);
#6340 = DIRECTION('',(1.,0.,-0.));
#6341 = ORIENTED_EDGE('',*,*,#6252,.T.);
#6342 = ORIENTED_EDGE('',*,*,#6343,.T.);
#6343 = EDGE_CURVE('',#6253,#6293,#6344,.T.);
#6344 = LINE('',#6345,#6346);
#6345 = CARTESIAN_POINT('',(0.71,-3.1,0.203));
#6346 = VECTOR('',#6347,1.);
#6347 = DIRECTION('',(1.,0.,-0.));
#6348 = ORIENTED_EDGE('',*,*,#6292,.F.);
#6349 = PLANE('',#6350);
#6350 = AXIS2_PLACEMENT_3D('',#6351,#6352,#6353);
#6351 = CARTESIAN_POINT('',(0.71,-3.1,0.));
#6352 = DIRECTION('',(-0.,1.,0.));
#6353 = DIRECTION('',(0.,0.,1.));
#6354 = ADVANCED_FACE('',(#6355),#6361,.F.);
#6355 = FACE_BOUND('',#6356,.F.);
#6356 = EDGE_LOOP('',(#6357,#6358,#6359,#6360));
#6357 = ORIENTED_EDGE('',*,*,#6244,.F.);
#6358 = ORIENTED_EDGE('',*,*,#6314,.T.);
#6359 = ORIENTED_EDGE('',*,*,#6284,.T.);
#6360 = ORIENTED_EDGE('',*,*,#6336,.F.);
#6361 = PLANE('',#6362);
#6362 = AXIS2_PLACEMENT_3D('',#6363,#6364,#6365);
#6363 = CARTESIAN_POINT('',(0.71,-3.5,0.));
#6364 = DIRECTION('',(0.,0.,1.));
#6365 = DIRECTION('',(1.,0.,-0.));
#6366 = ADVANCED_FACE('',(#6367),#6373,.T.);
#6367 = FACE_BOUND('',#6368,.T.);
#6368 = EDGE_LOOP('',(#6369,#6370,#6371,#6372));
#6369 = ORIENTED_EDGE('',*,*,#6260,.F.);
#6370 = ORIENTED_EDGE('',*,*,#6321,.T.);
#6371 = ORIENTED_EDGE('',*,*,#6300,.T.);
#6372 = ORIENTED_EDGE('',*,*,#6343,.F.);
#6373 = PLANE('',#6374);
#6374 = AXIS2_PLACEMENT_3D('',#6375,#6376,#6377);
#6375 = CARTESIAN_POINT('',(0.71,-3.5,0.203));
#6376 = DIRECTION('',(0.,0.,1.));
#6377 = DIRECTION('',(1.,0.,-0.));
#6378 = MANIFOLD_SOLID_BREP('',#6379);
#6379 = CLOSED_SHELL('',(#6380,#6420,#6460,#6482,#6504,#6516));
#6380 = ADVANCED_FACE('',(#6381),#6415,.F.);
#6381 = FACE_BOUND('',#6382,.F.);
#6382 = EDGE_LOOP('',(#6383,#6393,#6401,#6409));
#6383 = ORIENTED_EDGE('',*,*,#6384,.F.);
#6384 = EDGE_CURVE('',#6385,#6387,#6389,.T.);
#6385 = VERTEX_POINT('',#6386);
#6386 = CARTESIAN_POINT('',(0.71,3.1,0.));
#6387 = VERTEX_POINT('',#6388);
#6388 = CARTESIAN_POINT('',(0.71,3.1,0.203));
#6389 = LINE('',#6390,#6391);
#6390 = CARTESIAN_POINT('',(0.71,3.1,0.));
#6391 = VECTOR('',#6392,1.);
#6392 = DIRECTION('',(0.,0.,1.));
#6393 = ORIENTED_EDGE('',*,*,#6394,.T.);
#6394 = EDGE_CURVE('',#6385,#6395,#6397,.T.);
#6395 = VERTEX_POINT('',#6396);
#6396 = CARTESIAN_POINT('',(0.71,3.5,0.));
#6397 = LINE('',#6398,#6399);
#6398 = CARTESIAN_POINT('',(0.71,3.1,0.));
#6399 = VECTOR('',#6400,1.);
#6400 = DIRECTION('',(-0.,1.,0.));
#6401 = ORIENTED_EDGE('',*,*,#6402,.T.);
#6402 = EDGE_CURVE('',#6395,#6403,#6405,.T.);
#6403 = VERTEX_POINT('',#6404);
#6404 = CARTESIAN_POINT('',(0.71,3.5,0.203));
#6405 = LINE('',#6406,#6407);
#6406 = CARTESIAN_POINT('',(0.71,3.5,0.));
#6407 = VECTOR('',#6408,1.);
#6408 = DIRECTION('',(0.,0.,1.));
#6409 = ORIENTED_EDGE('',*,*,#6410,.F.);
#6410 = EDGE_CURVE('',#6387,#6403,#6411,.T.);
#6411 = LINE('',#6412,#6413);
#6412 = CARTESIAN_POINT('',(0.71,3.1,0.203));
#6413 = VECTOR('',#6414,1.);
#6414 = DIRECTION('',(-0.,1.,0.));
#6415 = PLANE('',#6416);
#6416 = AXIS2_PLACEMENT_3D('',#6417,#6418,#6419);
#6417 = CARTESIAN_POINT('',(0.71,3.1,0.));
#6418 = DIRECTION('',(1.,0.,-0.));
#6419 = DIRECTION('',(0.,0.,1.));
#6420 = ADVANCED_FACE('',(#6421),#6455,.T.);
#6421 = FACE_BOUND('',#6422,.T.);
#6422 = EDGE_LOOP('',(#6423,#6433,#6441,#6449));
#6423 = ORIENTED_EDGE('',*,*,#6424,.F.);
#6424 = EDGE_CURVE('',#6425,#6427,#6429,.T.);
#6425 = VERTEX_POINT('',#6426);
#6426 = CARTESIAN_POINT('',(0.89,3.1,0.));
#6427 = VERTEX_POINT('',#6428);
#6428 = CARTESIAN_POINT('',(0.89,3.1,0.203));
#6429 = LINE('',#6430,#6431);
#6430 = CARTESIAN_POINT('',(0.89,3.1,0.));
#6431 = VECTOR('',#6432,1.);
#6432 = DIRECTION('',(0.,0.,1.));
#6433 = ORIENTED_EDGE('',*,*,#6434,.T.);
#6434 = EDGE_CURVE('',#6425,#6435,#6437,.T.);
#6435 = VERTEX_POINT('',#6436);
#6436 = CARTESIAN_POINT('',(0.89,3.5,0.));
#6437 = LINE('',#6438,#6439);
#6438 = CARTESIAN_POINT('',(0.89,3.1,0.));
#6439 = VECTOR('',#6440,1.);
#6440 = DIRECTION('',(-0.,1.,0.));
#6441 = ORIENTED_EDGE('',*,*,#6442,.T.);
#6442 = EDGE_CURVE('',#6435,#6443,#6445,.T.);
#6443 = VERTEX_POINT('',#6444);
#6444 = CARTESIAN_POINT('',(0.89,3.5,0.203));
#6445 = LINE('',#6446,#6447);
#6446 = CARTESIAN_POINT('',(0.89,3.5,0.));
#6447 = VECTOR('',#6448,1.);
#6448 = DIRECTION('',(0.,0.,1.));
#6449 = ORIENTED_EDGE('',*,*,#6450,.F.);
#6450 = EDGE_CURVE('',#6427,#6443,#6451,.T.);
#6451 = LINE('',#6452,#6453);
#6452 = CARTESIAN_POINT('',(0.89,3.1,0.203));
#6453 = VECTOR('',#6454,1.);
#6454 = DIRECTION('',(-0.,1.,0.));
#6455 = PLANE('',#6456);
#6456 = AXIS2_PLACEMENT_3D('',#6457,#6458,#6459);
#6457 = CARTESIAN_POINT('',(0.89,3.1,0.));
#6458 = DIRECTION('',(1.,0.,-0.));
#6459 = DIRECTION('',(0.,0.,1.));
#6460 = ADVANCED_FACE('',(#6461),#6477,.F.);
#6461 = FACE_BOUND('',#6462,.F.);
#6462 = EDGE_LOOP('',(#6463,#6469,#6470,#6476));
#6463 = ORIENTED_EDGE('',*,*,#6464,.F.);
#6464 = EDGE_CURVE('',#6385,#6425,#6465,.T.);
#6465 = LINE('',#6466,#6467);
#6466 = CARTESIAN_POINT('',(0.71,3.1,0.));
#6467 = VECTOR('',#6468,1.);
#6468 = DIRECTION('',(1.,0.,-0.));
#6469 = ORIENTED_EDGE('',*,*,#6384,.T.);
#6470 = ORIENTED_EDGE('',*,*,#6471,.T.);
#6471 = EDGE_CURVE('',#6387,#6427,#6472,.T.);
#6472 = LINE('',#6473,#6474);
#6473 = CARTESIAN_POINT('',(0.71,3.1,0.203));
#6474 = VECTOR('',#6475,1.);
#6475 = DIRECTION('',(1.,0.,-0.));
#6476 = ORIENTED_EDGE('',*,*,#6424,.F.);
#6477 = PLANE('',#6478);
#6478 = AXIS2_PLACEMENT_3D('',#6479,#6480,#6481);
#6479 = CARTESIAN_POINT('',(0.71,3.1,0.));
#6480 = DIRECTION('',(-0.,1.,0.));
#6481 = DIRECTION('',(0.,0.,1.));
#6482 = ADVANCED_FACE('',(#6483),#6499,.T.);
#6483 = FACE_BOUND('',#6484,.T.);
#6484 = EDGE_LOOP('',(#6485,#6491,#6492,#6498));
#6485 = ORIENTED_EDGE('',*,*,#6486,.F.);
#6486 = EDGE_CURVE('',#6395,#6435,#6487,.T.);
#6487 = LINE('',#6488,#6489);
#6488 = CARTESIAN_POINT('',(0.71,3.5,0.));
#6489 = VECTOR('',#6490,1.);
#6490 = DIRECTION('',(1.,0.,-0.));
#6491 = ORIENTED_EDGE('',*,*,#6402,.T.);
#6492 = ORIENTED_EDGE('',*,*,#6493,.T.);
#6493 = EDGE_CURVE('',#6403,#6443,#6494,.T.);
#6494 = LINE('',#6495,#6496);
#6495 = CARTESIAN_POINT('',(0.71,3.5,0.203));
#6496 = VECTOR('',#6497,1.);
#6497 = DIRECTION('',(1.,0.,-0.));
#6498 = ORIENTED_EDGE('',*,*,#6442,.F.);
#6499 = PLANE('',#6500);
#6500 = AXIS2_PLACEMENT_3D('',#6501,#6502,#6503);
#6501 = CARTESIAN_POINT('',(0.71,3.5,0.));
#6502 = DIRECTION('',(-0.,1.,0.));
#6503 = DIRECTION('',(0.,0.,1.));
#6504 = ADVANCED_FACE('',(#6505),#6511,.F.);
#6505 = FACE_BOUND('',#6506,.F.);
#6506 = EDGE_LOOP('',(#6507,#6508,#6509,#6510));
#6507 = ORIENTED_EDGE('',*,*,#6394,.F.);
#6508 = ORIENTED_EDGE('',*,*,#6464,.T.);
#6509 = ORIENTED_EDGE('',*,*,#6434,.T.);
#6510 = ORIENTED_EDGE('',*,*,#6486,.F.);
#6511 = PLANE('',#6512);
#6512 = AXIS2_PLACEMENT_3D('',#6513,#6514,#6515);
#6513 = CARTESIAN_POINT('',(0.71,3.1,0.));
#6514 = DIRECTION('',(0.,0.,1.));
#6515 = DIRECTION('',(1.,0.,-0.));
#6516 = ADVANCED_FACE('',(#6517),#6523,.T.);
#6517 = FACE_BOUND('',#6518,.T.);
#6518 = EDGE_LOOP('',(#6519,#6520,#6521,#6522));
#6519 = ORIENTED_EDGE('',*,*,#6410,.F.);
#6520 = ORIENTED_EDGE('',*,*,#6471,.T.);
#6521 = ORIENTED_EDGE('',*,*,#6450,.T.);
#6522 = ORIENTED_EDGE('',*,*,#6493,.F.);
#6523 = PLANE('',#6524);
#6524 = AXIS2_PLACEMENT_3D('',#6525,#6526,#6527);
#6525 = CARTESIAN_POINT('',(0.71,3.1,0.203));
#6526 = DIRECTION('',(0.,0.,1.));
#6527 = DIRECTION('',(1.,0.,-0.));
#6528 = MANIFOLD_SOLID_BREP('',#6529);
#6529 = CLOSED_SHELL('',(#6530,#6570,#6610,#6632,#6654,#6666));
#6530 = ADVANCED_FACE('',(#6531),#6565,.F.);
#6531 = FACE_BOUND('',#6532,.F.);
#6532 = EDGE_LOOP('',(#6533,#6543,#6551,#6559));
#6533 = ORIENTED_EDGE('',*,*,#6534,.F.);
#6534 = EDGE_CURVE('',#6535,#6537,#6539,.T.);
#6535 = VERTEX_POINT('',#6536);
#6536 = CARTESIAN_POINT('',(-3.5,0.71,0.));
#6537 = VERTEX_POINT('',#6538);
#6538 = CARTESIAN_POINT('',(-3.5,0.71,0.203));
#6539 = LINE('',#6540,#6541);
#6540 = CARTESIAN_POINT('',(-3.5,0.71,0.));
#6541 = VECTOR('',#6542,1.);
#6542 = DIRECTION('',(0.,0.,1.));
#6543 = ORIENTED_EDGE('',*,*,#6544,.T.);
#6544 = EDGE_CURVE('',#6535,#6545,#6547,.T.);
#6545 = VERTEX_POINT('',#6546);
#6546 = CARTESIAN_POINT('',(-3.5,0.89,0.));
#6547 = LINE('',#6548,#6549);
#6548 = CARTESIAN_POINT('',(-3.5,0.71,0.));
#6549 = VECTOR('',#6550,1.);
#6550 = DIRECTION('',(-0.,1.,0.));
#6551 = ORIENTED_EDGE('',*,*,#6552,.T.);
#6552 = EDGE_CURVE('',#6545,#6553,#6555,.T.);
#6553 = VERTEX_POINT('',#6554);
#6554 = CARTESIAN_POINT('',(-3.5,0.89,0.203));
#6555 = LINE('',#6556,#6557);
#6556 = CARTESIAN_POINT('',(-3.5,0.89,0.));
#6557 = VECTOR('',#6558,1.);
#6558 = DIRECTION('',(0.,0.,1.));
#6559 = ORIENTED_EDGE('',*,*,#6560,.F.);
#6560 = EDGE_CURVE('',#6537,#6553,#6561,.T.);
#6561 = LINE('',#6562,#6563);
#6562 = CARTESIAN_POINT('',(-3.5,0.71,0.203));
#6563 = VECTOR('',#6564,1.);
#6564 = DIRECTION('',(-0.,1.,0.));
#6565 = PLANE('',#6566);
#6566 = AXIS2_PLACEMENT_3D('',#6567,#6568,#6569);
#6567 = CARTESIAN_POINT('',(-3.5,0.71,0.));
#6568 = DIRECTION('',(1.,0.,-0.));
#6569 = DIRECTION('',(0.,0.,1.));
#6570 = ADVANCED_FACE('',(#6571),#6605,.T.);
#6571 = FACE_BOUND('',#6572,.T.);
#6572 = EDGE_LOOP('',(#6573,#6583,#6591,#6599));
#6573 = ORIENTED_EDGE('',*,*,#6574,.F.);
#6574 = EDGE_CURVE('',#6575,#6577,#6579,.T.);
#6575 = VERTEX_POINT('',#6576);
#6576 = CARTESIAN_POINT('',(-3.1,0.71,0.));
#6577 = VERTEX_POINT('',#6578);
#6578 = CARTESIAN_POINT('',(-3.1,0.71,0.203));
#6579 = LINE('',#6580,#6581);
#6580 = CARTESIAN_POINT('',(-3.1,0.71,0.));
#6581 = VECTOR('',#6582,1.);
#6582 = DIRECTION('',(0.,0.,1.));
#6583 = ORIENTED_EDGE('',*,*,#6584,.T.);
#6584 = EDGE_CURVE('',#6575,#6585,#6587,.T.);
#6585 = VERTEX_POINT('',#6586);
#6586 = CARTESIAN_POINT('',(-3.1,0.89,0.));
#6587 = LINE('',#6588,#6589);
#6588 = CARTESIAN_POINT('',(-3.1,0.71,0.));
#6589 = VECTOR('',#6590,1.);
#6590 = DIRECTION('',(-0.,1.,0.));
#6591 = ORIENTED_EDGE('',*,*,#6592,.T.);
#6592 = EDGE_CURVE('',#6585,#6593,#6595,.T.);
#6593 = VERTEX_POINT('',#6594);
#6594 = CARTESIAN_POINT('',(-3.1,0.89,0.203));
#6595 = LINE('',#6596,#6597);
#6596 = CARTESIAN_POINT('',(-3.1,0.89,0.));
#6597 = VECTOR('',#6598,1.);
#6598 = DIRECTION('',(0.,0.,1.));
#6599 = ORIENTED_EDGE('',*,*,#6600,.F.);
#6600 = EDGE_CURVE('',#6577,#6593,#6601,.T.);
#6601 = LINE('',#6602,#6603);
#6602 = CARTESIAN_POINT('',(-3.1,0.71,0.203));
#6603 = VECTOR('',#6604,1.);
#6604 = DIRECTION('',(-0.,1.,0.));
#6605 = PLANE('',#6606);
#6606 = AXIS2_PLACEMENT_3D('',#6607,#6608,#6609);
#6607 = CARTESIAN_POINT('',(-3.1,0.71,0.));
#6608 = DIRECTION('',(1.,0.,-0.));
#6609 = DIRECTION('',(0.,0.,1.));
#6610 = ADVANCED_FACE('',(#6611),#6627,.F.);
#6611 = FACE_BOUND('',#6612,.F.);
#6612 = EDGE_LOOP('',(#6613,#6619,#6620,#6626));
#6613 = ORIENTED_EDGE('',*,*,#6614,.F.);
#6614 = EDGE_CURVE('',#6535,#6575,#6615,.T.);
#6615 = LINE('',#6616,#6617);
#6616 = CARTESIAN_POINT('',(-3.5,0.71,0.));
#6617 = VECTOR('',#6618,1.);
#6618 = DIRECTION('',(1.,0.,-0.));
#6619 = ORIENTED_EDGE('',*,*,#6534,.T.);
#6620 = ORIENTED_EDGE('',*,*,#6621,.T.);
#6621 = EDGE_CURVE('',#6537,#6577,#6622,.T.);
#6622 = LINE('',#6623,#6624);
#6623 = CARTESIAN_POINT('',(-3.5,0.71,0.203));
#6624 = VECTOR('',#6625,1.);
#6625 = DIRECTION('',(1.,0.,-0.));
#6626 = ORIENTED_EDGE('',*,*,#6574,.F.);
#6627 = PLANE('',#6628);
#6628 = AXIS2_PLACEMENT_3D('',#6629,#6630,#6631);
#6629 = CARTESIAN_POINT('',(-3.5,0.71,0.));
#6630 = DIRECTION('',(-0.,1.,0.));
#6631 = DIRECTION('',(0.,0.,1.));
#6632 = ADVANCED_FACE('',(#6633),#6649,.T.);
#6633 = FACE_BOUND('',#6634,.T.);
#6634 = EDGE_LOOP('',(#6635,#6641,#6642,#6648));
#6635 = ORIENTED_EDGE('',*,*,#6636,.F.);
#6636 = EDGE_CURVE('',#6545,#6585,#6637,.T.);
#6637 = LINE('',#6638,#6639);
#6638 = CARTESIAN_POINT('',(-3.5,0.89,0.));
#6639 = VECTOR('',#6640,1.);
#6640 = DIRECTION('',(1.,0.,-0.));
#6641 = ORIENTED_EDGE('',*,*,#6552,.T.);
#6642 = ORIENTED_EDGE('',*,*,#6643,.T.);
#6643 = EDGE_CURVE('',#6553,#6593,#6644,.T.);
#6644 = LINE('',#6645,#6646);
#6645 = CARTESIAN_POINT('',(-3.5,0.89,0.203));
#6646 = VECTOR('',#6647,1.);
#6647 = DIRECTION('',(1.,0.,-0.));
#6648 = ORIENTED_EDGE('',*,*,#6592,.F.);
#6649 = PLANE('',#6650);
#6650 = AXIS2_PLACEMENT_3D('',#6651,#6652,#6653);
#6651 = CARTESIAN_POINT('',(-3.5,0.89,0.));
#6652 = DIRECTION('',(-0.,1.,0.));
#6653 = DIRECTION('',(0.,0.,1.));
#6654 = ADVANCED_FACE('',(#6655),#6661,.F.);
#6655 = FACE_BOUND('',#6656,.F.);
#6656 = EDGE_LOOP('',(#6657,#6658,#6659,#6660));
#6657 = ORIENTED_EDGE('',*,*,#6544,.F.);
#6658 = ORIENTED_EDGE('',*,*,#6614,.T.);
#6659 = ORIENTED_EDGE('',*,*,#6584,.T.);
#6660 = ORIENTED_EDGE('',*,*,#6636,.F.);
#6661 = PLANE('',#6662);
#6662 = AXIS2_PLACEMENT_3D('',#6663,#6664,#6665);
#6663 = CARTESIAN_POINT('',(-3.5,0.71,0.));
#6664 = DIRECTION('',(0.,0.,1.));
#6665 = DIRECTION('',(1.,0.,-0.));
#6666 = ADVANCED_FACE('',(#6667),#6673,.T.);
#6667 = FACE_BOUND('',#6668,.T.);
#6668 = EDGE_LOOP('',(#6669,#6670,#6671,#6672));
#6669 = ORIENTED_EDGE('',*,*,#6560,.F.);
#6670 = ORIENTED_EDGE('',*,*,#6621,.T.);
#6671 = ORIENTED_EDGE('',*,*,#6600,.T.);
#6672 = ORIENTED_EDGE('',*,*,#6643,.F.);
#6673 = PLANE('',#6674);
#6674 = AXIS2_PLACEMENT_3D('',#6675,#6676,#6677);
#6675 = CARTESIAN_POINT('',(-3.5,0.71,0.203));
#6676 = DIRECTION('',(0.,0.,1.));
#6677 = DIRECTION('',(1.,0.,-0.));
#6678 = MANIFOLD_SOLID_BREP('',#6679);
#6679 = CLOSED_SHELL('',(#6680,#6720,#6760,#6782,#6804,#6816));
#6680 = ADVANCED_FACE('',(#6681),#6715,.F.);
#6681 = FACE_BOUND('',#6682,.F.);
#6682 = EDGE_LOOP('',(#6683,#6693,#6701,#6709));
#6683 = ORIENTED_EDGE('',*,*,#6684,.F.);
#6684 = EDGE_CURVE('',#6685,#6687,#6689,.T.);
#6685 = VERTEX_POINT('',#6686);
#6686 = CARTESIAN_POINT('',(3.1,0.71,0.));
#6687 = VERTEX_POINT('',#6688);
#6688 = CARTESIAN_POINT('',(3.1,0.71,0.203));
#6689 = LINE('',#6690,#6691);
#6690 = CARTESIAN_POINT('',(3.1,0.71,0.));
#6691 = VECTOR('',#6692,1.);
#6692 = DIRECTION('',(0.,0.,1.));
#6693 = ORIENTED_EDGE('',*,*,#6694,.T.);
#6694 = EDGE_CURVE('',#6685,#6695,#6697,.T.);
#6695 = VERTEX_POINT('',#6696);
#6696 = CARTESIAN_POINT('',(3.1,0.89,0.));
#6697 = LINE('',#6698,#6699);
#6698 = CARTESIAN_POINT('',(3.1,0.71,0.));
#6699 = VECTOR('',#6700,1.);
#6700 = DIRECTION('',(-0.,1.,0.));
#6701 = ORIENTED_EDGE('',*,*,#6702,.T.);
#6702 = EDGE_CURVE('',#6695,#6703,#6705,.T.);
#6703 = VERTEX_POINT('',#6704);
#6704 = CARTESIAN_POINT('',(3.1,0.89,0.203));
#6705 = LINE('',#6706,#6707);
#6706 = CARTESIAN_POINT('',(3.1,0.89,0.));
#6707 = VECTOR('',#6708,1.);
#6708 = DIRECTION('',(0.,0.,1.));
#6709 = ORIENTED_EDGE('',*,*,#6710,.F.);
#6710 = EDGE_CURVE('',#6687,#6703,#6711,.T.);
#6711 = LINE('',#6712,#6713);
#6712 = CARTESIAN_POINT('',(3.1,0.71,0.203));
#6713 = VECTOR('',#6714,1.);
#6714 = DIRECTION('',(-0.,1.,0.));
#6715 = PLANE('',#6716);
#6716 = AXIS2_PLACEMENT_3D('',#6717,#6718,#6719);
#6717 = CARTESIAN_POINT('',(3.1,0.71,0.));
#6718 = DIRECTION('',(1.,0.,-0.));
#6719 = DIRECTION('',(0.,0.,1.));
#6720 = ADVANCED_FACE('',(#6721),#6755,.T.);
#6721 = FACE_BOUND('',#6722,.T.);
#6722 = EDGE_LOOP('',(#6723,#6733,#6741,#6749));
#6723 = ORIENTED_EDGE('',*,*,#6724,.F.);
#6724 = EDGE_CURVE('',#6725,#6727,#6729,.T.);
#6725 = VERTEX_POINT('',#6726);
#6726 = CARTESIAN_POINT('',(3.5,0.71,0.));
#6727 = VERTEX_POINT('',#6728);
#6728 = CARTESIAN_POINT('',(3.5,0.71,0.203));
#6729 = LINE('',#6730,#6731);
#6730 = CARTESIAN_POINT('',(3.5,0.71,0.));
#6731 = VECTOR('',#6732,1.);
#6732 = DIRECTION('',(0.,0.,1.));
#6733 = ORIENTED_EDGE('',*,*,#6734,.T.);
#6734 = EDGE_CURVE('',#6725,#6735,#6737,.T.);
#6735 = VERTEX_POINT('',#6736);
#6736 = CARTESIAN_POINT('',(3.5,0.89,0.));
#6737 = LINE('',#6738,#6739);
#6738 = CARTESIAN_POINT('',(3.5,0.71,0.));
#6739 = VECTOR('',#6740,1.);
#6740 = DIRECTION('',(-0.,1.,0.));
#6741 = ORIENTED_EDGE('',*,*,#6742,.T.);
#6742 = EDGE_CURVE('',#6735,#6743,#6745,.T.);
#6743 = VERTEX_POINT('',#6744);
#6744 = CARTESIAN_POINT('',(3.5,0.89,0.203));
#6745 = LINE('',#6746,#6747);
#6746 = CARTESIAN_POINT('',(3.5,0.89,0.));
#6747 = VECTOR('',#6748,1.);
#6748 = DIRECTION('',(0.,0.,1.));
#6749 = ORIENTED_EDGE('',*,*,#6750,.F.);
#6750 = EDGE_CURVE('',#6727,#6743,#6751,.T.);
#6751 = LINE('',#6752,#6753);
#6752 = CARTESIAN_POINT('',(3.5,0.71,0.203));
#6753 = VECTOR('',#6754,1.);
#6754 = DIRECTION('',(-0.,1.,0.));
#6755 = PLANE('',#6756);
#6756 = AXIS2_PLACEMENT_3D('',#6757,#6758,#6759);
#6757 = CARTESIAN_POINT('',(3.5,0.71,0.));
#6758 = DIRECTION('',(1.,0.,-0.));
#6759 = DIRECTION('',(0.,0.,1.));
#6760 = ADVANCED_FACE('',(#6761),#6777,.F.);
#6761 = FACE_BOUND('',#6762,.F.);
#6762 = EDGE_LOOP('',(#6763,#6769,#6770,#6776));
#6763 = ORIENTED_EDGE('',*,*,#6764,.F.);
#6764 = EDGE_CURVE('',#6685,#6725,#6765,.T.);
#6765 = LINE('',#6766,#6767);
#6766 = CARTESIAN_POINT('',(3.1,0.71,0.));
#6767 = VECTOR('',#6768,1.);
#6768 = DIRECTION('',(1.,0.,-0.));
#6769 = ORIENTED_EDGE('',*,*,#6684,.T.);
#6770 = ORIENTED_EDGE('',*,*,#6771,.T.);
#6771 = EDGE_CURVE('',#6687,#6727,#6772,.T.);
#6772 = LINE('',#6773,#6774);
#6773 = CARTESIAN_POINT('',(3.1,0.71,0.203));
#6774 = VECTOR('',#6775,1.);
#6775 = DIRECTION('',(1.,0.,-0.));
#6776 = ORIENTED_EDGE('',*,*,#6724,.F.);
#6777 = PLANE('',#6778);
#6778 = AXIS2_PLACEMENT_3D('',#6779,#6780,#6781);
#6779 = CARTESIAN_POINT('',(3.1,0.71,0.));
#6780 = DIRECTION('',(-0.,1.,0.));
#6781 = DIRECTION('',(0.,0.,1.));
#6782 = ADVANCED_FACE('',(#6783),#6799,.T.);
#6783 = FACE_BOUND('',#6784,.T.);
#6784 = EDGE_LOOP('',(#6785,#6791,#6792,#6798));
#6785 = ORIENTED_EDGE('',*,*,#6786,.F.);
#6786 = EDGE_CURVE('',#6695,#6735,#6787,.T.);
#6787 = LINE('',#6788,#6789);
#6788 = CARTESIAN_POINT('',(3.1,0.89,0.));
#6789 = VECTOR('',#6790,1.);
#6790 = DIRECTION('',(1.,0.,-0.));
#6791 = ORIENTED_EDGE('',*,*,#6702,.T.);
#6792 = ORIENTED_EDGE('',*,*,#6793,.T.);
#6793 = EDGE_CURVE('',#6703,#6743,#6794,.T.);
#6794 = LINE('',#6795,#6796);
#6795 = CARTESIAN_POINT('',(3.1,0.89,0.203));
#6796 = VECTOR('',#6797,1.);
#6797 = DIRECTION('',(1.,0.,-0.));
#6798 = ORIENTED_EDGE('',*,*,#6742,.F.);
#6799 = PLANE('',#6800);
#6800 = AXIS2_PLACEMENT_3D('',#6801,#6802,#6803);
#6801 = CARTESIAN_POINT('',(3.1,0.89,0.));
#6802 = DIRECTION('',(-0.,1.,0.));
#6803 = DIRECTION('',(0.,0.,1.));
#6804 = ADVANCED_FACE('',(#6805),#6811,.F.);
#6805 = FACE_BOUND('',#6806,.F.);
#6806 = EDGE_LOOP('',(#6807,#6808,#6809,#6810));
#6807 = ORIENTED_EDGE('',*,*,#6694,.F.);
#6808 = ORIENTED_EDGE('',*,*,#6764,.T.);
#6809 = ORIENTED_EDGE('',*,*,#6734,.T.);
#6810 = ORIENTED_EDGE('',*,*,#6786,.F.);
#6811 = PLANE('',#6812);
#6812 = AXIS2_PLACEMENT_3D('',#6813,#6814,#6815);
#6813 = CARTESIAN_POINT('',(3.1,0.71,0.));
#6814 = DIRECTION('',(0.,0.,1.));
#6815 = DIRECTION('',(1.,0.,-0.));
#6816 = ADVANCED_FACE('',(#6817),#6823,.T.);
#6817 = FACE_BOUND('',#6818,.T.);
#6818 = EDGE_LOOP('',(#6819,#6820,#6821,#6822));
#6819 = ORIENTED_EDGE('',*,*,#6710,.F.);
#6820 = ORIENTED_EDGE('',*,*,#6771,.T.);
#6821 = ORIENTED_EDGE('',*,*,#6750,.T.);
#6822 = ORIENTED_EDGE('',*,*,#6793,.F.);
#6823 = PLANE('',#6824);
#6824 = AXIS2_PLACEMENT_3D('',#6825,#6826,#6827);
#6825 = CARTESIAN_POINT('',(3.1,0.71,0.203));
#6826 = DIRECTION('',(0.,0.,1.));
#6827 = DIRECTION('',(1.,0.,-0.));
#6828 = MANIFOLD_SOLID_BREP('',#6829);
#6829 = CLOSED_SHELL('',(#6830,#6870,#6910,#6932,#6954,#6966));
#6830 = ADVANCED_FACE('',(#6831),#6865,.F.);
#6831 = FACE_BOUND('',#6832,.F.);
#6832 = EDGE_LOOP('',(#6833,#6843,#6851,#6859));
#6833 = ORIENTED_EDGE('',*,*,#6834,.F.);
#6834 = EDGE_CURVE('',#6835,#6837,#6839,.T.);
#6835 = VERTEX_POINT('',#6836);
#6836 = CARTESIAN_POINT('',(1.11,-3.5,0.));
#6837 = VERTEX_POINT('',#6838);
#6838 = CARTESIAN_POINT('',(1.11,-3.5,0.203));
#6839 = LINE('',#6840,#6841);
#6840 = CARTESIAN_POINT('',(1.11,-3.5,0.));
#6841 = VECTOR('',#6842,1.);
#6842 = DIRECTION('',(0.,0.,1.));
#6843 = ORIENTED_EDGE('',*,*,#6844,.T.);
#6844 = EDGE_CURVE('',#6835,#6845,#6847,.T.);
#6845 = VERTEX_POINT('',#6846);
#6846 = CARTESIAN_POINT('',(1.11,-3.1,0.));
#6847 = LINE('',#6848,#6849);
#6848 = CARTESIAN_POINT('',(1.11,-3.5,0.));
#6849 = VECTOR('',#6850,1.);
#6850 = DIRECTION('',(-0.,1.,0.));
#6851 = ORIENTED_EDGE('',*,*,#6852,.T.);
#6852 = EDGE_CURVE('',#6845,#6853,#6855,.T.);
#6853 = VERTEX_POINT('',#6854);
#6854 = CARTESIAN_POINT('',(1.11,-3.1,0.203));
#6855 = LINE('',#6856,#6857);
#6856 = CARTESIAN_POINT('',(1.11,-3.1,0.));
#6857 = VECTOR('',#6858,1.);
#6858 = DIRECTION('',(0.,0.,1.));
#6859 = ORIENTED_EDGE('',*,*,#6860,.F.);
#6860 = EDGE_CURVE('',#6837,#6853,#6861,.T.);
#6861 = LINE('',#6862,#6863);
#6862 = CARTESIAN_POINT('',(1.11,-3.5,0.203));
#6863 = VECTOR('',#6864,1.);
#6864 = DIRECTION('',(-0.,1.,0.));
#6865 = PLANE('',#6866);
#6866 = AXIS2_PLACEMENT_3D('',#6867,#6868,#6869);
#6867 = CARTESIAN_POINT('',(1.11,-3.5,0.));
#6868 = DIRECTION('',(1.,0.,-0.));
#6869 = DIRECTION('',(0.,0.,1.));
#6870 = ADVANCED_FACE('',(#6871),#6905,.T.);
#6871 = FACE_BOUND('',#6872,.T.);
#6872 = EDGE_LOOP('',(#6873,#6883,#6891,#6899));
#6873 = ORIENTED_EDGE('',*,*,#6874,.F.);
#6874 = EDGE_CURVE('',#6875,#6877,#6879,.T.);
#6875 = VERTEX_POINT('',#6876);
#6876 = CARTESIAN_POINT('',(1.29,-3.5,0.));
#6877 = VERTEX_POINT('',#6878);
#6878 = CARTESIAN_POINT('',(1.29,-3.5,0.203));
#6879 = LINE('',#6880,#6881);
#6880 = CARTESIAN_POINT('',(1.29,-3.5,0.));
#6881 = VECTOR('',#6882,1.);
#6882 = DIRECTION('',(0.,0.,1.));
#6883 = ORIENTED_EDGE('',*,*,#6884,.T.);
#6884 = EDGE_CURVE('',#6875,#6885,#6887,.T.);
#6885 = VERTEX_POINT('',#6886);
#6886 = CARTESIAN_POINT('',(1.29,-3.1,0.));
#6887 = LINE('',#6888,#6889);
#6888 = CARTESIAN_POINT('',(1.29,-3.5,0.));
#6889 = VECTOR('',#6890,1.);
#6890 = DIRECTION('',(-0.,1.,0.));
#6891 = ORIENTED_EDGE('',*,*,#6892,.T.);
#6892 = EDGE_CURVE('',#6885,#6893,#6895,.T.);
#6893 = VERTEX_POINT('',#6894);
#6894 = CARTESIAN_POINT('',(1.29,-3.1,0.203));
#6895 = LINE('',#6896,#6897);
#6896 = CARTESIAN_POINT('',(1.29,-3.1,0.));
#6897 = VECTOR('',#6898,1.);
#6898 = DIRECTION('',(0.,0.,1.));
#6899 = ORIENTED_EDGE('',*,*,#6900,.F.);
#6900 = EDGE_CURVE('',#6877,#6893,#6901,.T.);
#6901 = LINE('',#6902,#6903);
#6902 = CARTESIAN_POINT('',(1.29,-3.5,0.203));
#6903 = VECTOR('',#6904,1.);
#6904 = DIRECTION('',(-0.,1.,0.));
#6905 = PLANE('',#6906);
#6906 = AXIS2_PLACEMENT_3D('',#6907,#6908,#6909);
#6907 = CARTESIAN_POINT('',(1.29,-3.5,0.));
#6908 = DIRECTION('',(1.,0.,-0.));
#6909 = DIRECTION('',(0.,0.,1.));
#6910 = ADVANCED_FACE('',(#6911),#6927,.F.);
#6911 = FACE_BOUND('',#6912,.F.);
#6912 = EDGE_LOOP('',(#6913,#6919,#6920,#6926));
#6913 = ORIENTED_EDGE('',*,*,#6914,.F.);
#6914 = EDGE_CURVE('',#6835,#6875,#6915,.T.);
#6915 = LINE('',#6916,#6917);
#6916 = CARTESIAN_POINT('',(1.11,-3.5,0.));
#6917 = VECTOR('',#6918,1.);
#6918 = DIRECTION('',(1.,0.,-0.));
#6919 = ORIENTED_EDGE('',*,*,#6834,.T.);
#6920 = ORIENTED_EDGE('',*,*,#6921,.T.);
#6921 = EDGE_CURVE('',#6837,#6877,#6922,.T.);
#6922 = LINE('',#6923,#6924);
#6923 = CARTESIAN_POINT('',(1.11,-3.5,0.203));
#6924 = VECTOR('',#6925,1.);
#6925 = DIRECTION('',(1.,0.,-0.));
#6926 = ORIENTED_EDGE('',*,*,#6874,.F.);
#6927 = PLANE('',#6928);
#6928 = AXIS2_PLACEMENT_3D('',#6929,#6930,#6931);
#6929 = CARTESIAN_POINT('',(1.11,-3.5,0.));
#6930 = DIRECTION('',(-0.,1.,0.));
#6931 = DIRECTION('',(0.,0.,1.));
#6932 = ADVANCED_FACE('',(#6933),#6949,.T.);
#6933 = FACE_BOUND('',#6934,.T.);
#6934 = EDGE_LOOP('',(#6935,#6941,#6942,#6948));
#6935 = ORIENTED_EDGE('',*,*,#6936,.F.);
#6936 = EDGE_CURVE('',#6845,#6885,#6937,.T.);
#6937 = LINE('',#6938,#6939);
#6938 = CARTESIAN_POINT('',(1.11,-3.1,0.));
#6939 = VECTOR('',#6940,1.);
#6940 = DIRECTION('',(1.,0.,-0.));
#6941 = ORIENTED_EDGE('',*,*,#6852,.T.);
#6942 = ORIENTED_EDGE('',*,*,#6943,.T.);
#6943 = EDGE_CURVE('',#6853,#6893,#6944,.T.);
#6944 = LINE('',#6945,#6946);
#6945 = CARTESIAN_POINT('',(1.11,-3.1,0.203));
#6946 = VECTOR('',#6947,1.);
#6947 = DIRECTION('',(1.,0.,-0.));
#6948 = ORIENTED_EDGE('',*,*,#6892,.F.);
#6949 = PLANE('',#6950);
#6950 = AXIS2_PLACEMENT_3D('',#6951,#6952,#6953);
#6951 = CARTESIAN_POINT('',(1.11,-3.1,0.));
#6952 = DIRECTION('',(-0.,1.,0.));
#6953 = DIRECTION('',(0.,0.,1.));
#6954 = ADVANCED_FACE('',(#6955),#6961,.F.);
#6955 = FACE_BOUND('',#6956,.F.);
#6956 = EDGE_LOOP('',(#6957,#6958,#6959,#6960));
#6957 = ORIENTED_EDGE('',*,*,#6844,.F.);
#6958 = ORIENTED_EDGE('',*,*,#6914,.T.);
#6959 = ORIENTED_EDGE('',*,*,#6884,.T.);
#6960 = ORIENTED_EDGE('',*,*,#6936,.F.);
#6961 = PLANE('',#6962);
#6962 = AXIS2_PLACEMENT_3D('',#6963,#6964,#6965);
#6963 = CARTESIAN_POINT('',(1.11,-3.5,0.));
#6964 = DIRECTION('',(0.,0.,1.));
#6965 = DIRECTION('',(1.,0.,-0.));
#6966 = ADVANCED_FACE('',(#6967),#6973,.T.);
#6967 = FACE_BOUND('',#6968,.T.);
#6968 = EDGE_LOOP('',(#6969,#6970,#6971,#6972));
#6969 = ORIENTED_EDGE('',*,*,#6860,.F.);
#6970 = ORIENTED_EDGE('',*,*,#6921,.T.);
#6971 = ORIENTED_EDGE('',*,*,#6900,.T.);
#6972 = ORIENTED_EDGE('',*,*,#6943,.F.);
#6973 = PLANE('',#6974);
#6974 = AXIS2_PLACEMENT_3D('',#6975,#6976,#6977);
#6975 = CARTESIAN_POINT('',(1.11,-3.5,0.203));
#6976 = DIRECTION('',(0.,0.,1.));
#6977 = DIRECTION('',(1.,0.,-0.));
#6978 = MANIFOLD_SOLID_BREP('',#6979);
#6979 = CLOSED_SHELL('',(#6980,#7020,#7060,#7082,#7104,#7116));
#6980 = ADVANCED_FACE('',(#6981),#7015,.F.);
#6981 = FACE_BOUND('',#6982,.F.);
#6982 = EDGE_LOOP('',(#6983,#6993,#7001,#7009));
#6983 = ORIENTED_EDGE('',*,*,#6984,.F.);
#6984 = EDGE_CURVE('',#6985,#6987,#6989,.T.);
#6985 = VERTEX_POINT('',#6986);
#6986 = CARTESIAN_POINT('',(1.11,3.1,0.));
#6987 = VERTEX_POINT('',#6988);
#6988 = CARTESIAN_POINT('',(1.11,3.1,0.203));
#6989 = LINE('',#6990,#6991);
#6990 = CARTESIAN_POINT('',(1.11,3.1,0.));
#6991 = VECTOR('',#6992,1.);
#6992 = DIRECTION('',(0.,0.,1.));
#6993 = ORIENTED_EDGE('',*,*,#6994,.T.);
#6994 = EDGE_CURVE('',#6985,#6995,#6997,.T.);
#6995 = VERTEX_POINT('',#6996);
#6996 = CARTESIAN_POINT('',(1.11,3.5,0.));
#6997 = LINE('',#6998,#6999);
#6998 = CARTESIAN_POINT('',(1.11,3.1,0.));
#6999 = VECTOR('',#7000,1.);
#7000 = DIRECTION('',(-0.,1.,0.));
#7001 = ORIENTED_EDGE('',*,*,#7002,.T.);
#7002 = EDGE_CURVE('',#6995,#7003,#7005,.T.);
#7003 = VERTEX_POINT('',#7004);
#7004 = CARTESIAN_POINT('',(1.11,3.5,0.203));
#7005 = LINE('',#7006,#7007);
#7006 = CARTESIAN_POINT('',(1.11,3.5,0.));
#7007 = VECTOR('',#7008,1.);
#7008 = DIRECTION('',(0.,0.,1.));
#7009 = ORIENTED_EDGE('',*,*,#7010,.F.);
#7010 = EDGE_CURVE('',#6987,#7003,#7011,.T.);
#7011 = LINE('',#7012,#7013);
#7012 = CARTESIAN_POINT('',(1.11,3.1,0.203));
#7013 = VECTOR('',#7014,1.);
#7014 = DIRECTION('',(-0.,1.,0.));
#7015 = PLANE('',#7016);
#7016 = AXIS2_PLACEMENT_3D('',#7017,#7018,#7019);
#7017 = CARTESIAN_POINT('',(1.11,3.1,0.));
#7018 = DIRECTION('',(1.,0.,-0.));
#7019 = DIRECTION('',(0.,0.,1.));
#7020 = ADVANCED_FACE('',(#7021),#7055,.T.);
#7021 = FACE_BOUND('',#7022,.T.);
#7022 = EDGE_LOOP('',(#7023,#7033,#7041,#7049));
#7023 = ORIENTED_EDGE('',*,*,#7024,.F.);
#7024 = EDGE_CURVE('',#7025,#7027,#7029,.T.);
#7025 = VERTEX_POINT('',#7026);
#7026 = CARTESIAN_POINT('',(1.29,3.1,0.));
#7027 = VERTEX_POINT('',#7028);
#7028 = CARTESIAN_POINT('',(1.29,3.1,0.203));
#7029 = LINE('',#7030,#7031);
#7030 = CARTESIAN_POINT('',(1.29,3.1,0.));
#7031 = VECTOR('',#7032,1.);
#7032 = DIRECTION('',(0.,0.,1.));
#7033 = ORIENTED_EDGE('',*,*,#7034,.T.);
#7034 = EDGE_CURVE('',#7025,#7035,#7037,.T.);
#7035 = VERTEX_POINT('',#7036);
#7036 = CARTESIAN_POINT('',(1.29,3.5,0.));
#7037 = LINE('',#7038,#7039);
#7038 = CARTESIAN_POINT('',(1.29,3.1,0.));
#7039 = VECTOR('',#7040,1.);
#7040 = DIRECTION('',(-0.,1.,0.));
#7041 = ORIENTED_EDGE('',*,*,#7042,.T.);
#7042 = EDGE_CURVE('',#7035,#7043,#7045,.T.);
#7043 = VERTEX_POINT('',#7044);
#7044 = CARTESIAN_POINT('',(1.29,3.5,0.203));
#7045 = LINE('',#7046,#7047);
#7046 = CARTESIAN_POINT('',(1.29,3.5,0.));
#7047 = VECTOR('',#7048,1.);
#7048 = DIRECTION('',(0.,0.,1.));
#7049 = ORIENTED_EDGE('',*,*,#7050,.F.);
#7050 = EDGE_CURVE('',#7027,#7043,#7051,.T.);
#7051 = LINE('',#7052,#7053);
#7052 = CARTESIAN_POINT('',(1.29,3.1,0.203));
#7053 = VECTOR('',#7054,1.);
#7054 = DIRECTION('',(-0.,1.,0.));
#7055 = PLANE('',#7056);
#7056 = AXIS2_PLACEMENT_3D('',#7057,#7058,#7059);
#7057 = CARTESIAN_POINT('',(1.29,3.1,0.));
#7058 = DIRECTION('',(1.,0.,-0.));
#7059 = DIRECTION('',(0.,0.,1.));
#7060 = ADVANCED_FACE('',(#7061),#7077,.F.);
#7061 = FACE_BOUND('',#7062,.F.);
#7062 = EDGE_LOOP('',(#7063,#7069,#7070,#7076));
#7063 = ORIENTED_EDGE('',*,*,#7064,.F.);
#7064 = EDGE_CURVE('',#6985,#7025,#7065,.T.);
#7065 = LINE('',#7066,#7067);
#7066 = CARTESIAN_POINT('',(1.11,3.1,0.));
#7067 = VECTOR('',#7068,1.);
#7068 = DIRECTION('',(1.,0.,-0.));
#7069 = ORIENTED_EDGE('',*,*,#6984,.T.);
#7070 = ORIENTED_EDGE('',*,*,#7071,.T.);
#7071 = EDGE_CURVE('',#6987,#7027,#7072,.T.);
#7072 = LINE('',#7073,#7074);
#7073 = CARTESIAN_POINT('',(1.11,3.1,0.203));
#7074 = VECTOR('',#7075,1.);
#7075 = DIRECTION('',(1.,0.,-0.));
#7076 = ORIENTED_EDGE('',*,*,#7024,.F.);
#7077 = PLANE('',#7078);
#7078 = AXIS2_PLACEMENT_3D('',#7079,#7080,#7081);
#7079 = CARTESIAN_POINT('',(1.11,3.1,0.));
#7080 = DIRECTION('',(-0.,1.,0.));
#7081 = DIRECTION('',(0.,0.,1.));
#7082 = ADVANCED_FACE('',(#7083),#7099,.T.);
#7083 = FACE_BOUND('',#7084,.T.);
#7084 = EDGE_LOOP('',(#7085,#7091,#7092,#7098));
#7085 = ORIENTED_EDGE('',*,*,#7086,.F.);
#7086 = EDGE_CURVE('',#6995,#7035,#7087,.T.);
#7087 = LINE('',#7088,#7089);
#7088 = CARTESIAN_POINT('',(1.11,3.5,0.));
#7089 = VECTOR('',#7090,1.);
#7090 = DIRECTION('',(1.,0.,-0.));
#7091 = ORIENTED_EDGE('',*,*,#7002,.T.);
#7092 = ORIENTED_EDGE('',*,*,#7093,.T.);
#7093 = EDGE_CURVE('',#7003,#7043,#7094,.T.);
#7094 = LINE('',#7095,#7096);
#7095 = CARTESIAN_POINT('',(1.11,3.5,0.203));
#7096 = VECTOR('',#7097,1.);
#7097 = DIRECTION('',(1.,0.,-0.));
#7098 = ORIENTED_EDGE('',*,*,#7042,.F.);
#7099 = PLANE('',#7100);
#7100 = AXIS2_PLACEMENT_3D('',#7101,#7102,#7103);
#7101 = CARTESIAN_POINT('',(1.11,3.5,0.));
#7102 = DIRECTION('',(-0.,1.,0.));
#7103 = DIRECTION('',(0.,0.,1.));
#7104 = ADVANCED_FACE('',(#7105),#7111,.F.);
#7105 = FACE_BOUND('',#7106,.F.);
#7106 = EDGE_LOOP('',(#7107,#7108,#7109,#7110));
#7107 = ORIENTED_EDGE('',*,*,#6994,.F.);
#7108 = ORIENTED_EDGE('',*,*,#7064,.T.);
#7109 = ORIENTED_EDGE('',*,*,#7034,.T.);
#7110 = ORIENTED_EDGE('',*,*,#7086,.F.);
#7111 = PLANE('',#7112);
#7112 = AXIS2_PLACEMENT_3D('',#7113,#7114,#7115);
#7113 = CARTESIAN_POINT('',(1.11,3.1,0.));
#7114 = DIRECTION('',(0.,0.,1.));
#7115 = DIRECTION('',(1.,0.,-0.));
#7116 = ADVANCED_FACE('',(#7117),#7123,.T.);
#7117 = FACE_BOUND('',#7118,.T.);
#7118 = EDGE_LOOP('',(#7119,#7120,#7121,#7122));
#7119 = ORIENTED_EDGE('',*,*,#7010,.F.);
#7120 = ORIENTED_EDGE('',*,*,#7071,.T.);
#7121 = ORIENTED_EDGE('',*,*,#7050,.T.);
#7122 = ORIENTED_EDGE('',*,*,#7093,.F.);
#7123 = PLANE('',#7124);
#7124 = AXIS2_PLACEMENT_3D('',#7125,#7126,#7127);
#7125 = CARTESIAN_POINT('',(1.11,3.1,0.203));
#7126 = DIRECTION('',(0.,0.,1.));
#7127 = DIRECTION('',(1.,0.,-0.));
#7128 = MANIFOLD_SOLID_BREP('',#7129);
#7129 = CLOSED_SHELL('',(#7130,#7170,#7210,#7232,#7254,#7266));
#7130 = ADVANCED_FACE('',(#7131),#7165,.F.);
#7131 = FACE_BOUND('',#7132,.F.);
#7132 = EDGE_LOOP('',(#7133,#7143,#7151,#7159));
#7133 = ORIENTED_EDGE('',*,*,#7134,.F.);
#7134 = EDGE_CURVE('',#7135,#7137,#7139,.T.);
#7135 = VERTEX_POINT('',#7136);
#7136 = CARTESIAN_POINT('',(-3.5,1.11,0.));
#7137 = VERTEX_POINT('',#7138);
#7138 = CARTESIAN_POINT('',(-3.5,1.11,0.203));
#7139 = LINE('',#7140,#7141);
#7140 = CARTESIAN_POINT('',(-3.5,1.11,0.));
#7141 = VECTOR('',#7142,1.);
#7142 = DIRECTION('',(0.,0.,1.));
#7143 = ORIENTED_EDGE('',*,*,#7144,.T.);
#7144 = EDGE_CURVE('',#7135,#7145,#7147,.T.);
#7145 = VERTEX_POINT('',#7146);
#7146 = CARTESIAN_POINT('',(-3.5,1.29,0.));
#7147 = LINE('',#7148,#7149);
#7148 = CARTESIAN_POINT('',(-3.5,1.11,0.));
#7149 = VECTOR('',#7150,1.);
#7150 = DIRECTION('',(-0.,1.,0.));
#7151 = ORIENTED_EDGE('',*,*,#7152,.T.);
#7152 = EDGE_CURVE('',#7145,#7153,#7155,.T.);
#7153 = VERTEX_POINT('',#7154);
#7154 = CARTESIAN_POINT('',(-3.5,1.29,0.203));
#7155 = LINE('',#7156,#7157);
#7156 = CARTESIAN_POINT('',(-3.5,1.29,0.));
#7157 = VECTOR('',#7158,1.);
#7158 = DIRECTION('',(0.,0.,1.));
#7159 = ORIENTED_EDGE('',*,*,#7160,.F.);
#7160 = EDGE_CURVE('',#7137,#7153,#7161,.T.);
#7161 = LINE('',#7162,#7163);
#7162 = CARTESIAN_POINT('',(-3.5,1.11,0.203));
#7163 = VECTOR('',#7164,1.);
#7164 = DIRECTION('',(-0.,1.,0.));
#7165 = PLANE('',#7166);
#7166 = AXIS2_PLACEMENT_3D('',#7167,#7168,#7169);
#7167 = CARTESIAN_POINT('',(-3.5,1.11,0.));
#7168 = DIRECTION('',(1.,0.,-0.));
#7169 = DIRECTION('',(0.,0.,1.));
#7170 = ADVANCED_FACE('',(#7171),#7205,.T.);
#7171 = FACE_BOUND('',#7172,.T.);
#7172 = EDGE_LOOP('',(#7173,#7183,#7191,#7199));
#7173 = ORIENTED_EDGE('',*,*,#7174,.F.);
#7174 = EDGE_CURVE('',#7175,#7177,#7179,.T.);
#7175 = VERTEX_POINT('',#7176);
#7176 = CARTESIAN_POINT('',(-3.1,1.11,0.));
#7177 = VERTEX_POINT('',#7178);
#7178 = CARTESIAN_POINT('',(-3.1,1.11,0.203));
#7179 = LINE('',#7180,#7181);
#7180 = CARTESIAN_POINT('',(-3.1,1.11,0.));
#7181 = VECTOR('',#7182,1.);
#7182 = DIRECTION('',(0.,0.,1.));
#7183 = ORIENTED_EDGE('',*,*,#7184,.T.);
#7184 = EDGE_CURVE('',#7175,#7185,#7187,.T.);
#7185 = VERTEX_POINT('',#7186);
#7186 = CARTESIAN_POINT('',(-3.1,1.29,0.));
#7187 = LINE('',#7188,#7189);
#7188 = CARTESIAN_POINT('',(-3.1,1.11,0.));
#7189 = VECTOR('',#7190,1.);
#7190 = DIRECTION('',(-0.,1.,0.));
#7191 = ORIENTED_EDGE('',*,*,#7192,.T.);
#7192 = EDGE_CURVE('',#7185,#7193,#7195,.T.);
#7193 = VERTEX_POINT('',#7194);
#7194 = CARTESIAN_POINT('',(-3.1,1.29,0.203));
#7195 = LINE('',#7196,#7197);
#7196 = CARTESIAN_POINT('',(-3.1,1.29,0.));
#7197 = VECTOR('',#7198,1.);
#7198 = DIRECTION('',(0.,0.,1.));
#7199 = ORIENTED_EDGE('',*,*,#7200,.F.);
#7200 = EDGE_CURVE('',#7177,#7193,#7201,.T.);
#7201 = LINE('',#7202,#7203);
#7202 = CARTESIAN_POINT('',(-3.1,1.11,0.203));
#7203 = VECTOR('',#7204,1.);
#7204 = DIRECTION('',(-0.,1.,0.));
#7205 = PLANE('',#7206);
#7206 = AXIS2_PLACEMENT_3D('',#7207,#7208,#7209);
#7207 = CARTESIAN_POINT('',(-3.1,1.11,0.));
#7208 = DIRECTION('',(1.,0.,-0.));
#7209 = DIRECTION('',(0.,0.,1.));
#7210 = ADVANCED_FACE('',(#7211),#7227,.F.);
#7211 = FACE_BOUND('',#7212,.F.);
#7212 = EDGE_LOOP('',(#7213,#7219,#7220,#7226));
#7213 = ORIENTED_EDGE('',*,*,#7214,.F.);
#7214 = EDGE_CURVE('',#7135,#7175,#7215,.T.);
#7215 = LINE('',#7216,#7217);
#7216 = CARTESIAN_POINT('',(-3.5,1.11,0.));
#7217 = VECTOR('',#7218,1.);
#7218 = DIRECTION('',(1.,0.,-0.));
#7219 = ORIENTED_EDGE('',*,*,#7134,.T.);
#7220 = ORIENTED_EDGE('',*,*,#7221,.T.);
#7221 = EDGE_CURVE('',#7137,#7177,#7222,.T.);
#7222 = LINE('',#7223,#7224);
#7223 = CARTESIAN_POINT('',(-3.5,1.11,0.203));
#7224 = VECTOR('',#7225,1.);
#7225 = DIRECTION('',(1.,0.,-0.));
#7226 = ORIENTED_EDGE('',*,*,#7174,.F.);
#7227 = PLANE('',#7228);
#7228 = AXIS2_PLACEMENT_3D('',#7229,#7230,#7231);
#7229 = CARTESIAN_POINT('',(-3.5,1.11,0.));
#7230 = DIRECTION('',(-0.,1.,0.));
#7231 = DIRECTION('',(0.,0.,1.));
#7232 = ADVANCED_FACE('',(#7233),#7249,.T.);
#7233 = FACE_BOUND('',#7234,.T.);
#7234 = EDGE_LOOP('',(#7235,#7241,#7242,#7248));
#7235 = ORIENTED_EDGE('',*,*,#7236,.F.);
#7236 = EDGE_CURVE('',#7145,#7185,#7237,.T.);
#7237 = LINE('',#7238,#7239);
#7238 = CARTESIAN_POINT('',(-3.5,1.29,0.));
#7239 = VECTOR('',#7240,1.);
#7240 = DIRECTION('',(1.,0.,-0.));
#7241 = ORIENTED_EDGE('',*,*,#7152,.T.);
#7242 = ORIENTED_EDGE('',*,*,#7243,.T.);
#7243 = EDGE_CURVE('',#7153,#7193,#7244,.T.);
#7244 = LINE('',#7245,#7246);
#7245 = CARTESIAN_POINT('',(-3.5,1.29,0.203));
#7246 = VECTOR('',#7247,1.);
#7247 = DIRECTION('',(1.,0.,-0.));
#7248 = ORIENTED_EDGE('',*,*,#7192,.F.);
#7249 = PLANE('',#7250);
#7250 = AXIS2_PLACEMENT_3D('',#7251,#7252,#7253);
#7251 = CARTESIAN_POINT('',(-3.5,1.29,0.));
#7252 = DIRECTION('',(-0.,1.,0.));
#7253 = DIRECTION('',(0.,0.,1.));
#7254 = ADVANCED_FACE('',(#7255),#7261,.F.);
#7255 = FACE_BOUND('',#7256,.F.);
#7256 = EDGE_LOOP('',(#7257,#7258,#7259,#7260));
#7257 = ORIENTED_EDGE('',*,*,#7144,.F.);
#7258 = ORIENTED_EDGE('',*,*,#7214,.T.);
#7259 = ORIENTED_EDGE('',*,*,#7184,.T.);
#7260 = ORIENTED_EDGE('',*,*,#7236,.F.);
#7261 = PLANE('',#7262);
#7262 = AXIS2_PLACEMENT_3D('',#7263,#7264,#7265);
#7263 = CARTESIAN_POINT('',(-3.5,1.11,0.));
#7264 = DIRECTION('',(0.,0.,1.));
#7265 = DIRECTION('',(1.,0.,-0.));
#7266 = ADVANCED_FACE('',(#7267),#7273,.T.);
#7267 = FACE_BOUND('',#7268,.T.);
#7268 = EDGE_LOOP('',(#7269,#7270,#7271,#7272));
#7269 = ORIENTED_EDGE('',*,*,#7160,.F.);
#7270 = ORIENTED_EDGE('',*,*,#7221,.T.);
#7271 = ORIENTED_EDGE('',*,*,#7200,.T.);
#7272 = ORIENTED_EDGE('',*,*,#7243,.F.);
#7273 = PLANE('',#7274);
#7274 = AXIS2_PLACEMENT_3D('',#7275,#7276,#7277);
#7275 = CARTESIAN_POINT('',(-3.5,1.11,0.203));
#7276 = DIRECTION('',(0.,0.,1.));
#7277 = DIRECTION('',(1.,0.,-0.));
#7278 = MANIFOLD_SOLID_BREP('',#7279);
#7279 = CLOSED_SHELL('',(#7280,#7320,#7360,#7382,#7404,#7416));
#7280 = ADVANCED_FACE('',(#7281),#7315,.F.);
#7281 = FACE_BOUND('',#7282,.F.);
#7282 = EDGE_LOOP('',(#7283,#7293,#7301,#7309));
#7283 = ORIENTED_EDGE('',*,*,#7284,.F.);
#7284 = EDGE_CURVE('',#7285,#7287,#7289,.T.);
#7285 = VERTEX_POINT('',#7286);
#7286 = CARTESIAN_POINT('',(3.1,1.11,0.));
#7287 = VERTEX_POINT('',#7288);
#7288 = CARTESIAN_POINT('',(3.1,1.11,0.203));
#7289 = LINE('',#7290,#7291);
#7290 = CARTESIAN_POINT('',(3.1,1.11,0.));
#7291 = VECTOR('',#7292,1.);
#7292 = DIRECTION('',(0.,0.,1.));
#7293 = ORIENTED_EDGE('',*,*,#7294,.T.);
#7294 = EDGE_CURVE('',#7285,#7295,#7297,.T.);
#7295 = VERTEX_POINT('',#7296);
#7296 = CARTESIAN_POINT('',(3.1,1.29,0.));
#7297 = LINE('',#7298,#7299);
#7298 = CARTESIAN_POINT('',(3.1,1.11,0.));
#7299 = VECTOR('',#7300,1.);
#7300 = DIRECTION('',(-0.,1.,0.));
#7301 = ORIENTED_EDGE('',*,*,#7302,.T.);
#7302 = EDGE_CURVE('',#7295,#7303,#7305,.T.);
#7303 = VERTEX_POINT('',#7304);
#7304 = CARTESIAN_POINT('',(3.1,1.29,0.203));
#7305 = LINE('',#7306,#7307);
#7306 = CARTESIAN_POINT('',(3.1,1.29,0.));
#7307 = VECTOR('',#7308,1.);
#7308 = DIRECTION('',(0.,0.,1.));
#7309 = ORIENTED_EDGE('',*,*,#7310,.F.);
#7310 = EDGE_CURVE('',#7287,#7303,#7311,.T.);
#7311 = LINE('',#7312,#7313);
#7312 = CARTESIAN_POINT('',(3.1,1.11,0.203));
#7313 = VECTOR('',#7314,1.);
#7314 = DIRECTION('',(-0.,1.,0.));
#7315 = PLANE('',#7316);
#7316 = AXIS2_PLACEMENT_3D('',#7317,#7318,#7319);
#7317 = CARTESIAN_POINT('',(3.1,1.11,0.));
#7318 = DIRECTION('',(1.,0.,-0.));
#7319 = DIRECTION('',(0.,0.,1.));
#7320 = ADVANCED_FACE('',(#7321),#7355,.T.);
#7321 = FACE_BOUND('',#7322,.T.);
#7322 = EDGE_LOOP('',(#7323,#7333,#7341,#7349));
#7323 = ORIENTED_EDGE('',*,*,#7324,.F.);
#7324 = EDGE_CURVE('',#7325,#7327,#7329,.T.);
#7325 = VERTEX_POINT('',#7326);
#7326 = CARTESIAN_POINT('',(3.5,1.11,0.));
#7327 = VERTEX_POINT('',#7328);
#7328 = CARTESIAN_POINT('',(3.5,1.11,0.203));
#7329 = LINE('',#7330,#7331);
#7330 = CARTESIAN_POINT('',(3.5,1.11,0.));
#7331 = VECTOR('',#7332,1.);
#7332 = DIRECTION('',(0.,0.,1.));
#7333 = ORIENTED_EDGE('',*,*,#7334,.T.);
#7334 = EDGE_CURVE('',#7325,#7335,#7337,.T.);
#7335 = VERTEX_POINT('',#7336);
#7336 = CARTESIAN_POINT('',(3.5,1.29,0.));
#7337 = LINE('',#7338,#7339);
#7338 = CARTESIAN_POINT('',(3.5,1.11,0.));
#7339 = VECTOR('',#7340,1.);
#7340 = DIRECTION('',(-0.,1.,0.));
#7341 = ORIENTED_EDGE('',*,*,#7342,.T.);
#7342 = EDGE_CURVE('',#7335,#7343,#7345,.T.);
#7343 = VERTEX_POINT('',#7344);
#7344 = CARTESIAN_POINT('',(3.5,1.29,0.203));
#7345 = LINE('',#7346,#7347);
#7346 = CARTESIAN_POINT('',(3.5,1.29,0.));
#7347 = VECTOR('',#7348,1.);
#7348 = DIRECTION('',(0.,0.,1.));
#7349 = ORIENTED_EDGE('',*,*,#7350,.F.);
#7350 = EDGE_CURVE('',#7327,#7343,#7351,.T.);
#7351 = LINE('',#7352,#7353);
#7352 = CARTESIAN_POINT('',(3.5,1.11,0.203));
#7353 = VECTOR('',#7354,1.);
#7354 = DIRECTION('',(-0.,1.,0.));
#7355 = PLANE('',#7356);
#7356 = AXIS2_PLACEMENT_3D('',#7357,#7358,#7359);
#7357 = CARTESIAN_POINT('',(3.5,1.11,0.));
#7358 = DIRECTION('',(1.,0.,-0.));
#7359 = DIRECTION('',(0.,0.,1.));
#7360 = ADVANCED_FACE('',(#7361),#7377,.F.);
#7361 = FACE_BOUND('',#7362,.F.);
#7362 = EDGE_LOOP('',(#7363,#7369,#7370,#7376));
#7363 = ORIENTED_EDGE('',*,*,#7364,.F.);
#7364 = EDGE_CURVE('',#7285,#7325,#7365,.T.);
#7365 = LINE('',#7366,#7367);
#7366 = CARTESIAN_POINT('',(3.1,1.11,0.));
#7367 = VECTOR('',#7368,1.);
#7368 = DIRECTION('',(1.,0.,-0.));
#7369 = ORIENTED_EDGE('',*,*,#7284,.T.);
#7370 = ORIENTED_EDGE('',*,*,#7371,.T.);
#7371 = EDGE_CURVE('',#7287,#7327,#7372,.T.);
#7372 = LINE('',#7373,#7374);
#7373 = CARTESIAN_POINT('',(3.1,1.11,0.203));
#7374 = VECTOR('',#7375,1.);
#7375 = DIRECTION('',(1.,0.,-0.));
#7376 = ORIENTED_EDGE('',*,*,#7324,.F.);
#7377 = PLANE('',#7378);
#7378 = AXIS2_PLACEMENT_3D('',#7379,#7380,#7381);
#7379 = CARTESIAN_POINT('',(3.1,1.11,0.));
#7380 = DIRECTION('',(-0.,1.,0.));
#7381 = DIRECTION('',(0.,0.,1.));
#7382 = ADVANCED_FACE('',(#7383),#7399,.T.);
#7383 = FACE_BOUND('',#7384,.T.);
#7384 = EDGE_LOOP('',(#7385,#7391,#7392,#7398));
#7385 = ORIENTED_EDGE('',*,*,#7386,.F.);
#7386 = EDGE_CURVE('',#7295,#7335,#7387,.T.);
#7387 = LINE('',#7388,#7389);
#7388 = CARTESIAN_POINT('',(3.1,1.29,0.));
#7389 = VECTOR('',#7390,1.);
#7390 = DIRECTION('',(1.,0.,-0.));
#7391 = ORIENTED_EDGE('',*,*,#7302,.T.);
#7392 = ORIENTED_EDGE('',*,*,#7393,.T.);
#7393 = EDGE_CURVE('',#7303,#7343,#7394,.T.);
#7394 = LINE('',#7395,#7396);
#7395 = CARTESIAN_POINT('',(3.1,1.29,0.203));
#7396 = VECTOR('',#7397,1.);
#7397 = DIRECTION('',(1.,0.,-0.));
#7398 = ORIENTED_EDGE('',*,*,#7342,.F.);
#7399 = PLANE('',#7400);
#7400 = AXIS2_PLACEMENT_3D('',#7401,#7402,#7403);
#7401 = CARTESIAN_POINT('',(3.1,1.29,0.));
#7402 = DIRECTION('',(-0.,1.,0.));
#7403 = DIRECTION('',(0.,0.,1.));
#7404 = ADVANCED_FACE('',(#7405),#7411,.F.);
#7405 = FACE_BOUND('',#7406,.F.);
#7406 = EDGE_LOOP('',(#7407,#7408,#7409,#7410));
#7407 = ORIENTED_EDGE('',*,*,#7294,.F.);
#7408 = ORIENTED_EDGE('',*,*,#7364,.T.);
#7409 = ORIENTED_EDGE('',*,*,#7334,.T.);
#7410 = ORIENTED_EDGE('',*,*,#7386,.F.);
#7411 = PLANE('',#7412);
#7412 = AXIS2_PLACEMENT_3D('',#7413,#7414,#7415);
#7413 = CARTESIAN_POINT('',(3.1,1.11,0.));
#7414 = DIRECTION('',(0.,0.,1.));
#7415 = DIRECTION('',(1.,0.,-0.));
#7416 = ADVANCED_FACE('',(#7417),#7423,.T.);
#7417 = FACE_BOUND('',#7418,.T.);
#7418 = EDGE_LOOP('',(#7419,#7420,#7421,#7422));
#7419 = ORIENTED_EDGE('',*,*,#7310,.F.);
#7420 = ORIENTED_EDGE('',*,*,#7371,.T.);
#7421 = ORIENTED_EDGE('',*,*,#7350,.T.);
#7422 = ORIENTED_EDGE('',*,*,#7393,.F.);
#7423 = PLANE('',#7424);
#7424 = AXIS2_PLACEMENT_3D('',#7425,#7426,#7427);
#7425 = CARTESIAN_POINT('',(3.1,1.11,0.203));
#7426 = DIRECTION('',(0.,0.,1.));
#7427 = DIRECTION('',(1.,0.,-0.));
#7428 = MANIFOLD_SOLID_BREP('',#7429);
#7429 = CLOSED_SHELL('',(#7430,#7470,#7510,#7532,#7554,#7566));
#7430 = ADVANCED_FACE('',(#7431),#7465,.F.);
#7431 = FACE_BOUND('',#7432,.F.);
#7432 = EDGE_LOOP('',(#7433,#7443,#7451,#7459));
#7433 = ORIENTED_EDGE('',*,*,#7434,.F.);
#7434 = EDGE_CURVE('',#7435,#7437,#7439,.T.);
#7435 = VERTEX_POINT('',#7436);
#7436 = CARTESIAN_POINT('',(1.51,-3.5,0.));
#7437 = VERTEX_POINT('',#7438);
#7438 = CARTESIAN_POINT('',(1.51,-3.5,0.203));
#7439 = LINE('',#7440,#7441);
#7440 = CARTESIAN_POINT('',(1.51,-3.5,0.));
#7441 = VECTOR('',#7442,1.);
#7442 = DIRECTION('',(0.,0.,1.));
#7443 = ORIENTED_EDGE('',*,*,#7444,.T.);
#7444 = EDGE_CURVE('',#7435,#7445,#7447,.T.);
#7445 = VERTEX_POINT('',#7446);
#7446 = CARTESIAN_POINT('',(1.51,-3.1,0.));
#7447 = LINE('',#7448,#7449);
#7448 = CARTESIAN_POINT('',(1.51,-3.5,0.));
#7449 = VECTOR('',#7450,1.);
#7450 = DIRECTION('',(-0.,1.,0.));
#7451 = ORIENTED_EDGE('',*,*,#7452,.T.);
#7452 = EDGE_CURVE('',#7445,#7453,#7455,.T.);
#7453 = VERTEX_POINT('',#7454);
#7454 = CARTESIAN_POINT('',(1.51,-3.1,0.203));
#7455 = LINE('',#7456,#7457);
#7456 = CARTESIAN_POINT('',(1.51,-3.1,0.));
#7457 = VECTOR('',#7458,1.);
#7458 = DIRECTION('',(0.,0.,1.));
#7459 = ORIENTED_EDGE('',*,*,#7460,.F.);
#7460 = EDGE_CURVE('',#7437,#7453,#7461,.T.);
#7461 = LINE('',#7462,#7463);
#7462 = CARTESIAN_POINT('',(1.51,-3.5,0.203));
#7463 = VECTOR('',#7464,1.);
#7464 = DIRECTION('',(-0.,1.,0.));
#7465 = PLANE('',#7466);
#7466 = AXIS2_PLACEMENT_3D('',#7467,#7468,#7469);
#7467 = CARTESIAN_POINT('',(1.51,-3.5,0.));
#7468 = DIRECTION('',(1.,0.,-0.));
#7469 = DIRECTION('',(0.,0.,1.));
#7470 = ADVANCED_FACE('',(#7471),#7505,.T.);
#7471 = FACE_BOUND('',#7472,.T.);
#7472 = EDGE_LOOP('',(#7473,#7483,#7491,#7499));
#7473 = ORIENTED_EDGE('',*,*,#7474,.F.);
#7474 = EDGE_CURVE('',#7475,#7477,#7479,.T.);
#7475 = VERTEX_POINT('',#7476);
#7476 = CARTESIAN_POINT('',(1.69,-3.5,0.));
#7477 = VERTEX_POINT('',#7478);
#7478 = CARTESIAN_POINT('',(1.69,-3.5,0.203));
#7479 = LINE('',#7480,#7481);
#7480 = CARTESIAN_POINT('',(1.69,-3.5,0.));
#7481 = VECTOR('',#7482,1.);
#7482 = DIRECTION('',(0.,0.,1.));
#7483 = ORIENTED_EDGE('',*,*,#7484,.T.);
#7484 = EDGE_CURVE('',#7475,#7485,#7487,.T.);
#7485 = VERTEX_POINT('',#7486);
#7486 = CARTESIAN_POINT('',(1.69,-3.1,0.));
#7487 = LINE('',#7488,#7489);
#7488 = CARTESIAN_POINT('',(1.69,-3.5,0.));
#7489 = VECTOR('',#7490,1.);
#7490 = DIRECTION('',(-0.,1.,0.));
#7491 = ORIENTED_EDGE('',*,*,#7492,.T.);
#7492 = EDGE_CURVE('',#7485,#7493,#7495,.T.);
#7493 = VERTEX_POINT('',#7494);
#7494 = CARTESIAN_POINT('',(1.69,-3.1,0.203));
#7495 = LINE('',#7496,#7497);
#7496 = CARTESIAN_POINT('',(1.69,-3.1,0.));
#7497 = VECTOR('',#7498,1.);
#7498 = DIRECTION('',(0.,0.,1.));
#7499 = ORIENTED_EDGE('',*,*,#7500,.F.);
#7500 = EDGE_CURVE('',#7477,#7493,#7501,.T.);
#7501 = LINE('',#7502,#7503);
#7502 = CARTESIAN_POINT('',(1.69,-3.5,0.203));
#7503 = VECTOR('',#7504,1.);
#7504 = DIRECTION('',(-0.,1.,0.));
#7505 = PLANE('',#7506);
#7506 = AXIS2_PLACEMENT_3D('',#7507,#7508,#7509);
#7507 = CARTESIAN_POINT('',(1.69,-3.5,0.));
#7508 = DIRECTION('',(1.,0.,-0.));
#7509 = DIRECTION('',(0.,0.,1.));
#7510 = ADVANCED_FACE('',(#7511),#7527,.F.);
#7511 = FACE_BOUND('',#7512,.F.);
#7512 = EDGE_LOOP('',(#7513,#7519,#7520,#7526));
#7513 = ORIENTED_EDGE('',*,*,#7514,.F.);
#7514 = EDGE_CURVE('',#7435,#7475,#7515,.T.);
#7515 = LINE('',#7516,#7517);
#7516 = CARTESIAN_POINT('',(1.51,-3.5,0.));
#7517 = VECTOR('',#7518,1.);
#7518 = DIRECTION('',(1.,0.,-0.));
#7519 = ORIENTED_EDGE('',*,*,#7434,.T.);
#7520 = ORIENTED_EDGE('',*,*,#7521,.T.);
#7521 = EDGE_CURVE('',#7437,#7477,#7522,.T.);
#7522 = LINE('',#7523,#7524);
#7523 = CARTESIAN_POINT('',(1.51,-3.5,0.203));
#7524 = VECTOR('',#7525,1.);
#7525 = DIRECTION('',(1.,0.,-0.));
#7526 = ORIENTED_EDGE('',*,*,#7474,.F.);
#7527 = PLANE('',#7528);
#7528 = AXIS2_PLACEMENT_3D('',#7529,#7530,#7531);
#7529 = CARTESIAN_POINT('',(1.51,-3.5,0.));
#7530 = DIRECTION('',(-0.,1.,0.));
#7531 = DIRECTION('',(0.,0.,1.));
#7532 = ADVANCED_FACE('',(#7533),#7549,.T.);
#7533 = FACE_BOUND('',#7534,.T.);
#7534 = EDGE_LOOP('',(#7535,#7541,#7542,#7548));
#7535 = ORIENTED_EDGE('',*,*,#7536,.F.);
#7536 = EDGE_CURVE('',#7445,#7485,#7537,.T.);
#7537 = LINE('',#7538,#7539);
#7538 = CARTESIAN_POINT('',(1.51,-3.1,0.));
#7539 = VECTOR('',#7540,1.);
#7540 = DIRECTION('',(1.,0.,-0.));
#7541 = ORIENTED_EDGE('',*,*,#7452,.T.);
#7542 = ORIENTED_EDGE('',*,*,#7543,.T.);
#7543 = EDGE_CURVE('',#7453,#7493,#7544,.T.);
#7544 = LINE('',#7545,#7546);
#7545 = CARTESIAN_POINT('',(1.51,-3.1,0.203));
#7546 = VECTOR('',#7547,1.);
#7547 = DIRECTION('',(1.,0.,-0.));
#7548 = ORIENTED_EDGE('',*,*,#7492,.F.);
#7549 = PLANE('',#7550);
#7550 = AXIS2_PLACEMENT_3D('',#7551,#7552,#7553);
#7551 = CARTESIAN_POINT('',(1.51,-3.1,0.));
#7552 = DIRECTION('',(-0.,1.,0.));
#7553 = DIRECTION('',(0.,0.,1.));
#7554 = ADVANCED_FACE('',(#7555),#7561,.F.);
#7555 = FACE_BOUND('',#7556,.F.);
#7556 = EDGE_LOOP('',(#7557,#7558,#7559,#7560));
#7557 = ORIENTED_EDGE('',*,*,#7444,.F.);
#7558 = ORIENTED_EDGE('',*,*,#7514,.T.);
#7559 = ORIENTED_EDGE('',*,*,#7484,.T.);
#7560 = ORIENTED_EDGE('',*,*,#7536,.F.);
#7561 = PLANE('',#7562);
#7562 = AXIS2_PLACEMENT_3D('',#7563,#7564,#7565);
#7563 = CARTESIAN_POINT('',(1.51,-3.5,0.));
#7564 = DIRECTION('',(0.,0.,1.));
#7565 = DIRECTION('',(1.,0.,-0.));
#7566 = ADVANCED_FACE('',(#7567),#7573,.T.);
#7567 = FACE_BOUND('',#7568,.T.);
#7568 = EDGE_LOOP('',(#7569,#7570,#7571,#7572));
#7569 = ORIENTED_EDGE('',*,*,#7460,.F.);
#7570 = ORIENTED_EDGE('',*,*,#7521,.T.);
#7571 = ORIENTED_EDGE('',*,*,#7500,.T.);
#7572 = ORIENTED_EDGE('',*,*,#7543,.F.);
#7573 = PLANE('',#7574);
#7574 = AXIS2_PLACEMENT_3D('',#7575,#7576,#7577);
#7575 = CARTESIAN_POINT('',(1.51,-3.5,0.203));
#7576 = DIRECTION('',(0.,0.,1.));
#7577 = DIRECTION('',(1.,0.,-0.));
#7578 = MANIFOLD_SOLID_BREP('',#7579);
#7579 = CLOSED_SHELL('',(#7580,#7620,#7660,#7682,#7704,#7716));
#7580 = ADVANCED_FACE('',(#7581),#7615,.F.);
#7581 = FACE_BOUND('',#7582,.F.);
#7582 = EDGE_LOOP('',(#7583,#7593,#7601,#7609));
#7583 = ORIENTED_EDGE('',*,*,#7584,.F.);
#7584 = EDGE_CURVE('',#7585,#7587,#7589,.T.);
#7585 = VERTEX_POINT('',#7586);
#7586 = CARTESIAN_POINT('',(1.51,3.1,0.));
#7587 = VERTEX_POINT('',#7588);
#7588 = CARTESIAN_POINT('',(1.51,3.1,0.203));
#7589 = LINE('',#7590,#7591);
#7590 = CARTESIAN_POINT('',(1.51,3.1,0.));
#7591 = VECTOR('',#7592,1.);
#7592 = DIRECTION('',(0.,0.,1.));
#7593 = ORIENTED_EDGE('',*,*,#7594,.T.);
#7594 = EDGE_CURVE('',#7585,#7595,#7597,.T.);
#7595 = VERTEX_POINT('',#7596);
#7596 = CARTESIAN_POINT('',(1.51,3.5,0.));
#7597 = LINE('',#7598,#7599);
#7598 = CARTESIAN_POINT('',(1.51,3.1,0.));
#7599 = VECTOR('',#7600,1.);
#7600 = DIRECTION('',(-0.,1.,0.));
#7601 = ORIENTED_EDGE('',*,*,#7602,.T.);
#7602 = EDGE_CURVE('',#7595,#7603,#7605,.T.);
#7603 = VERTEX_POINT('',#7604);
#7604 = CARTESIAN_POINT('',(1.51,3.5,0.203));
#7605 = LINE('',#7606,#7607);
#7606 = CARTESIAN_POINT('',(1.51,3.5,0.));
#7607 = VECTOR('',#7608,1.);
#7608 = DIRECTION('',(0.,0.,1.));
#7609 = ORIENTED_EDGE('',*,*,#7610,.F.);
#7610 = EDGE_CURVE('',#7587,#7603,#7611,.T.);
#7611 = LINE('',#7612,#7613);
#7612 = CARTESIAN_POINT('',(1.51,3.1,0.203));
#7613 = VECTOR('',#7614,1.);
#7614 = DIRECTION('',(-0.,1.,0.));
#7615 = PLANE('',#7616);
#7616 = AXIS2_PLACEMENT_3D('',#7617,#7618,#7619);
#7617 = CARTESIAN_POINT('',(1.51,3.1,0.));
#7618 = DIRECTION('',(1.,0.,-0.));
#7619 = DIRECTION('',(0.,0.,1.));
#7620 = ADVANCED_FACE('',(#7621),#7655,.T.);
#7621 = FACE_BOUND('',#7622,.T.);
#7622 = EDGE_LOOP('',(#7623,#7633,#7641,#7649));
#7623 = ORIENTED_EDGE('',*,*,#7624,.F.);
#7624 = EDGE_CURVE('',#7625,#7627,#7629,.T.);
#7625 = VERTEX_POINT('',#7626);
#7626 = CARTESIAN_POINT('',(1.69,3.1,0.));
#7627 = VERTEX_POINT('',#7628);
#7628 = CARTESIAN_POINT('',(1.69,3.1,0.203));
#7629 = LINE('',#7630,#7631);
#7630 = CARTESIAN_POINT('',(1.69,3.1,0.));
#7631 = VECTOR('',#7632,1.);
#7632 = DIRECTION('',(0.,0.,1.));
#7633 = ORIENTED_EDGE('',*,*,#7634,.T.);
#7634 = EDGE_CURVE('',#7625,#7635,#7637,.T.);
#7635 = VERTEX_POINT('',#7636);
#7636 = CARTESIAN_POINT('',(1.69,3.5,0.));
#7637 = LINE('',#7638,#7639);
#7638 = CARTESIAN_POINT('',(1.69,3.1,0.));
#7639 = VECTOR('',#7640,1.);
#7640 = DIRECTION('',(-0.,1.,0.));
#7641 = ORIENTED_EDGE('',*,*,#7642,.T.);
#7642 = EDGE_CURVE('',#7635,#7643,#7645,.T.);
#7643 = VERTEX_POINT('',#7644);
#7644 = CARTESIAN_POINT('',(1.69,3.5,0.203));
#7645 = LINE('',#7646,#7647);
#7646 = CARTESIAN_POINT('',(1.69,3.5,0.));
#7647 = VECTOR('',#7648,1.);
#7648 = DIRECTION('',(0.,0.,1.));
#7649 = ORIENTED_EDGE('',*,*,#7650,.F.);
#7650 = EDGE_CURVE('',#7627,#7643,#7651,.T.);
#7651 = LINE('',#7652,#7653);
#7652 = CARTESIAN_POINT('',(1.69,3.1,0.203));
#7653 = VECTOR('',#7654,1.);
#7654 = DIRECTION('',(-0.,1.,0.));
#7655 = PLANE('',#7656);
#7656 = AXIS2_PLACEMENT_3D('',#7657,#7658,#7659);
#7657 = CARTESIAN_POINT('',(1.69,3.1,0.));
#7658 = DIRECTION('',(1.,0.,-0.));
#7659 = DIRECTION('',(0.,0.,1.));
#7660 = ADVANCED_FACE('',(#7661),#7677,.F.);
#7661 = FACE_BOUND('',#7662,.F.);
#7662 = EDGE_LOOP('',(#7663,#7669,#7670,#7676));
#7663 = ORIENTED_EDGE('',*,*,#7664,.F.);
#7664 = EDGE_CURVE('',#7585,#7625,#7665,.T.);
#7665 = LINE('',#7666,#7667);
#7666 = CARTESIAN_POINT('',(1.51,3.1,0.));
#7667 = VECTOR('',#7668,1.);
#7668 = DIRECTION('',(1.,0.,-0.));
#7669 = ORIENTED_EDGE('',*,*,#7584,.T.);
#7670 = ORIENTED_EDGE('',*,*,#7671,.T.);
#7671 = EDGE_CURVE('',#7587,#7627,#7672,.T.);
#7672 = LINE('',#7673,#7674);
#7673 = CARTESIAN_POINT('',(1.51,3.1,0.203));
#7674 = VECTOR('',#7675,1.);
#7675 = DIRECTION('',(1.,0.,-0.));
#7676 = ORIENTED_EDGE('',*,*,#7624,.F.);
#7677 = PLANE('',#7678);
#7678 = AXIS2_PLACEMENT_3D('',#7679,#7680,#7681);
#7679 = CARTESIAN_POINT('',(1.51,3.1,0.));
#7680 = DIRECTION('',(-0.,1.,0.));
#7681 = DIRECTION('',(0.,0.,1.));
#7682 = ADVANCED_FACE('',(#7683),#7699,.T.);
#7683 = FACE_BOUND('',#7684,.T.);
#7684 = EDGE_LOOP('',(#7685,#7691,#7692,#7698));
#7685 = ORIENTED_EDGE('',*,*,#7686,.F.);
#7686 = EDGE_CURVE('',#7595,#7635,#7687,.T.);
#7687 = LINE('',#7688,#7689);
#7688 = CARTESIAN_POINT('',(1.51,3.5,0.));
#7689 = VECTOR('',#7690,1.);
#7690 = DIRECTION('',(1.,0.,-0.));
#7691 = ORIENTED_EDGE('',*,*,#7602,.T.);
#7692 = ORIENTED_EDGE('',*,*,#7693,.T.);
#7693 = EDGE_CURVE('',#7603,#7643,#7694,.T.);
#7694 = LINE('',#7695,#7696);
#7695 = CARTESIAN_POINT('',(1.51,3.5,0.203));
#7696 = VECTOR('',#7697,1.);
#7697 = DIRECTION('',(1.,0.,-0.));
#7698 = ORIENTED_EDGE('',*,*,#7642,.F.);
#7699 = PLANE('',#7700);
#7700 = AXIS2_PLACEMENT_3D('',#7701,#7702,#7703);
#7701 = CARTESIAN_POINT('',(1.51,3.5,0.));
#7702 = DIRECTION('',(-0.,1.,0.));
#7703 = DIRECTION('',(0.,0.,1.));
#7704 = ADVANCED_FACE('',(#7705),#7711,.F.);
#7705 = FACE_BOUND('',#7706,.F.);
#7706 = EDGE_LOOP('',(#7707,#7708,#7709,#7710));
#7707 = ORIENTED_EDGE('',*,*,#7594,.F.);
#7708 = ORIENTED_EDGE('',*,*,#7664,.T.);
#7709 = ORIENTED_EDGE('',*,*,#7634,.T.);
#7710 = ORIENTED_EDGE('',*,*,#7686,.F.);
#7711 = PLANE('',#7712);
#7712 = AXIS2_PLACEMENT_3D('',#7713,#7714,#7715);
#7713 = CARTESIAN_POINT('',(1.51,3.1,0.));
#7714 = DIRECTION('',(0.,0.,1.));
#7715 = DIRECTION('',(1.,0.,-0.));
#7716 = ADVANCED_FACE('',(#7717),#7723,.T.);
#7717 = FACE_BOUND('',#7718,.T.);
#7718 = EDGE_LOOP('',(#7719,#7720,#7721,#7722));
#7719 = ORIENTED_EDGE('',*,*,#7610,.F.);
#7720 = ORIENTED_EDGE('',*,*,#7671,.T.);
#7721 = ORIENTED_EDGE('',*,*,#7650,.T.);
#7722 = ORIENTED_EDGE('',*,*,#7693,.F.);
#7723 = PLANE('',#7724);
#7724 = AXIS2_PLACEMENT_3D('',#7725,#7726,#7727);
#7725 = CARTESIAN_POINT('',(1.51,3.1,0.203));
#7726 = DIRECTION('',(0.,0.,1.));
#7727 = DIRECTION('',(1.,0.,-0.));
#7728 = MANIFOLD_SOLID_BREP('',#7729);
#7729 = CLOSED_SHELL('',(#7730,#7770,#7810,#7832,#7854,#7866));
#7730 = ADVANCED_FACE('',(#7731),#7765,.F.);
#7731 = FACE_BOUND('',#7732,.F.);
#7732 = EDGE_LOOP('',(#7733,#7743,#7751,#7759));
#7733 = ORIENTED_EDGE('',*,*,#7734,.F.);
#7734 = EDGE_CURVE('',#7735,#7737,#7739,.T.);
#7735 = VERTEX_POINT('',#7736);
#7736 = CARTESIAN_POINT('',(-3.5,1.51,0.));
#7737 = VERTEX_POINT('',#7738);
#7738 = CARTESIAN_POINT('',(-3.5,1.51,0.203));
#7739 = LINE('',#7740,#7741);
#7740 = CARTESIAN_POINT('',(-3.5,1.51,0.));
#7741 = VECTOR('',#7742,1.);
#7742 = DIRECTION('',(0.,0.,1.));
#7743 = ORIENTED_EDGE('',*,*,#7744,.T.);
#7744 = EDGE_CURVE('',#7735,#7745,#7747,.T.);
#7745 = VERTEX_POINT('',#7746);
#7746 = CARTESIAN_POINT('',(-3.5,1.69,0.));
#7747 = LINE('',#7748,#7749);
#7748 = CARTESIAN_POINT('',(-3.5,1.51,0.));
#7749 = VECTOR('',#7750,1.);
#7750 = DIRECTION('',(-0.,1.,0.));
#7751 = ORIENTED_EDGE('',*,*,#7752,.T.);
#7752 = EDGE_CURVE('',#7745,#7753,#7755,.T.);
#7753 = VERTEX_POINT('',#7754);
#7754 = CARTESIAN_POINT('',(-3.5,1.69,0.203));
#7755 = LINE('',#7756,#7757);
#7756 = CARTESIAN_POINT('',(-3.5,1.69,0.));
#7757 = VECTOR('',#7758,1.);
#7758 = DIRECTION('',(0.,0.,1.));
#7759 = ORIENTED_EDGE('',*,*,#7760,.F.);
#7760 = EDGE_CURVE('',#7737,#7753,#7761,.T.);
#7761 = LINE('',#7762,#7763);
#7762 = CARTESIAN_POINT('',(-3.5,1.51,0.203));
#7763 = VECTOR('',#7764,1.);
#7764 = DIRECTION('',(-0.,1.,0.));
#7765 = PLANE('',#7766);
#7766 = AXIS2_PLACEMENT_3D('',#7767,#7768,#7769);
#7767 = CARTESIAN_POINT('',(-3.5,1.51,0.));
#7768 = DIRECTION('',(1.,0.,-0.));
#7769 = DIRECTION('',(0.,0.,1.));
#7770 = ADVANCED_FACE('',(#7771),#7805,.T.);
#7771 = FACE_BOUND('',#7772,.T.);
#7772 = EDGE_LOOP('',(#7773,#7783,#7791,#7799));
#7773 = ORIENTED_EDGE('',*,*,#7774,.F.);
#7774 = EDGE_CURVE('',#7775,#7777,#7779,.T.);
#7775 = VERTEX_POINT('',#7776);
#7776 = CARTESIAN_POINT('',(-3.1,1.51,0.));
#7777 = VERTEX_POINT('',#7778);
#7778 = CARTESIAN_POINT('',(-3.1,1.51,0.203));
#7779 = LINE('',#7780,#7781);
#7780 = CARTESIAN_POINT('',(-3.1,1.51,0.));
#7781 = VECTOR('',#7782,1.);
#7782 = DIRECTION('',(0.,0.,1.));
#7783 = ORIENTED_EDGE('',*,*,#7784,.T.);
#7784 = EDGE_CURVE('',#7775,#7785,#7787,.T.);
#7785 = VERTEX_POINT('',#7786);
#7786 = CARTESIAN_POINT('',(-3.1,1.69,0.));
#7787 = LINE('',#7788,#7789);
#7788 = CARTESIAN_POINT('',(-3.1,1.51,0.));
#7789 = VECTOR('',#7790,1.);
#7790 = DIRECTION('',(-0.,1.,0.));
#7791 = ORIENTED_EDGE('',*,*,#7792,.T.);
#7792 = EDGE_CURVE('',#7785,#7793,#7795,.T.);
#7793 = VERTEX_POINT('',#7794);
#7794 = CARTESIAN_POINT('',(-3.1,1.69,0.203));
#7795 = LINE('',#7796,#7797);
#7796 = CARTESIAN_POINT('',(-3.1,1.69,0.));
#7797 = VECTOR('',#7798,1.);
#7798 = DIRECTION('',(0.,0.,1.));
#7799 = ORIENTED_EDGE('',*,*,#7800,.F.);
#7800 = EDGE_CURVE('',#7777,#7793,#7801,.T.);
#7801 = LINE('',#7802,#7803);
#7802 = CARTESIAN_POINT('',(-3.1,1.51,0.203));
#7803 = VECTOR('',#7804,1.);
#7804 = DIRECTION('',(-0.,1.,0.));
#7805 = PLANE('',#7806);
#7806 = AXIS2_PLACEMENT_3D('',#7807,#7808,#7809);
#7807 = CARTESIAN_POINT('',(-3.1,1.51,0.));
#7808 = DIRECTION('',(1.,0.,-0.));
#7809 = DIRECTION('',(0.,0.,1.));
#7810 = ADVANCED_FACE('',(#7811),#7827,.F.);
#7811 = FACE_BOUND('',#7812,.F.);
#7812 = EDGE_LOOP('',(#7813,#7819,#7820,#7826));
#7813 = ORIENTED_EDGE('',*,*,#7814,.F.);
#7814 = EDGE_CURVE('',#7735,#7775,#7815,.T.);
#7815 = LINE('',#7816,#7817);
#7816 = CARTESIAN_POINT('',(-3.5,1.51,0.));
#7817 = VECTOR('',#7818,1.);
#7818 = DIRECTION('',(1.,0.,-0.));
#7819 = ORIENTED_EDGE('',*,*,#7734,.T.);
#7820 = ORIENTED_EDGE('',*,*,#7821,.T.);
#7821 = EDGE_CURVE('',#7737,#7777,#7822,.T.);
#7822 = LINE('',#7823,#7824);
#7823 = CARTESIAN_POINT('',(-3.5,1.51,0.203));
#7824 = VECTOR('',#7825,1.);
#7825 = DIRECTION('',(1.,0.,-0.));
#7826 = ORIENTED_EDGE('',*,*,#7774,.F.);
#7827 = PLANE('',#7828);
#7828 = AXIS2_PLACEMENT_3D('',#7829,#7830,#7831);
#7829 = CARTESIAN_POINT('',(-3.5,1.51,0.));
#7830 = DIRECTION('',(-0.,1.,0.));
#7831 = DIRECTION('',(0.,0.,1.));
#7832 = ADVANCED_FACE('',(#7833),#7849,.T.);
#7833 = FACE_BOUND('',#7834,.T.);
#7834 = EDGE_LOOP('',(#7835,#7841,#7842,#7848));
#7835 = ORIENTED_EDGE('',*,*,#7836,.F.);
#7836 = EDGE_CURVE('',#7745,#7785,#7837,.T.);
#7837 = LINE('',#7838,#7839);
#7838 = CARTESIAN_POINT('',(-3.5,1.69,0.));
#7839 = VECTOR('',#7840,1.);
#7840 = DIRECTION('',(1.,0.,-0.));
#7841 = ORIENTED_EDGE('',*,*,#7752,.T.);
#7842 = ORIENTED_EDGE('',*,*,#7843,.T.);
#7843 = EDGE_CURVE('',#7753,#7793,#7844,.T.);
#7844 = LINE('',#7845,#7846);
#7845 = CARTESIAN_POINT('',(-3.5,1.69,0.203));
#7846 = VECTOR('',#7847,1.);
#7847 = DIRECTION('',(1.,0.,-0.));
#7848 = ORIENTED_EDGE('',*,*,#7792,.F.);
#7849 = PLANE('',#7850);
#7850 = AXIS2_PLACEMENT_3D('',#7851,#7852,#7853);
#7851 = CARTESIAN_POINT('',(-3.5,1.69,0.));
#7852 = DIRECTION('',(-0.,1.,0.));
#7853 = DIRECTION('',(0.,0.,1.));
#7854 = ADVANCED_FACE('',(#7855),#7861,.F.);
#7855 = FACE_BOUND('',#7856,.F.);
#7856 = EDGE_LOOP('',(#7857,#7858,#7859,#7860));
#7857 = ORIENTED_EDGE('',*,*,#7744,.F.);
#7858 = ORIENTED_EDGE('',*,*,#7814,.T.);
#7859 = ORIENTED_EDGE('',*,*,#7784,.T.);
#7860 = ORIENTED_EDGE('',*,*,#7836,.F.);
#7861 = PLANE('',#7862);
#7862 = AXIS2_PLACEMENT_3D('',#7863,#7864,#7865);
#7863 = CARTESIAN_POINT('',(-3.5,1.51,0.));
#7864 = DIRECTION('',(0.,0.,1.));
#7865 = DIRECTION('',(1.,0.,-0.));
#7866 = ADVANCED_FACE('',(#7867),#7873,.T.);
#7867 = FACE_BOUND('',#7868,.T.);
#7868 = EDGE_LOOP('',(#7869,#7870,#7871,#7872));
#7869 = ORIENTED_EDGE('',*,*,#7760,.F.);
#7870 = ORIENTED_EDGE('',*,*,#7821,.T.);
#7871 = ORIENTED_EDGE('',*,*,#7800,.T.);
#7872 = ORIENTED_EDGE('',*,*,#7843,.F.);
#7873 = PLANE('',#7874);
#7874 = AXIS2_PLACEMENT_3D('',#7875,#7876,#7877);
#7875 = CARTESIAN_POINT('',(-3.5,1.51,0.203));
#7876 = DIRECTION('',(0.,0.,1.));
#7877 = DIRECTION('',(1.,0.,-0.));
#7878 = MANIFOLD_SOLID_BREP('',#7879);
#7879 = CLOSED_SHELL('',(#7880,#7920,#7960,#7982,#8004,#8016));
#7880 = ADVANCED_FACE('',(#7881),#7915,.F.);
#7881 = FACE_BOUND('',#7882,.F.);
#7882 = EDGE_LOOP('',(#7883,#7893,#7901,#7909));
#7883 = ORIENTED_EDGE('',*,*,#7884,.F.);
#7884 = EDGE_CURVE('',#7885,#7887,#7889,.T.);
#7885 = VERTEX_POINT('',#7886);
#7886 = CARTESIAN_POINT('',(3.1,1.51,0.));
#7887 = VERTEX_POINT('',#7888);
#7888 = CARTESIAN_POINT('',(3.1,1.51,0.203));
#7889 = LINE('',#7890,#7891);
#7890 = CARTESIAN_POINT('',(3.1,1.51,0.));
#7891 = VECTOR('',#7892,1.);
#7892 = DIRECTION('',(0.,0.,1.));
#7893 = ORIENTED_EDGE('',*,*,#7894,.T.);
#7894 = EDGE_CURVE('',#7885,#7895,#7897,.T.);
#7895 = VERTEX_POINT('',#7896);
#7896 = CARTESIAN_POINT('',(3.1,1.69,0.));
#7897 = LINE('',#7898,#7899);
#7898 = CARTESIAN_POINT('',(3.1,1.51,0.));
#7899 = VECTOR('',#7900,1.);
#7900 = DIRECTION('',(-0.,1.,0.));
#7901 = ORIENTED_EDGE('',*,*,#7902,.T.);
#7902 = EDGE_CURVE('',#7895,#7903,#7905,.T.);
#7903 = VERTEX_POINT('',#7904);
#7904 = CARTESIAN_POINT('',(3.1,1.69,0.203));
#7905 = LINE('',#7906,#7907);
#7906 = CARTESIAN_POINT('',(3.1,1.69,0.));
#7907 = VECTOR('',#7908,1.);
#7908 = DIRECTION('',(0.,0.,1.));
#7909 = ORIENTED_EDGE('',*,*,#7910,.F.);
#7910 = EDGE_CURVE('',#7887,#7903,#7911,.T.);
#7911 = LINE('',#7912,#7913);
#7912 = CARTESIAN_POINT('',(3.1,1.51,0.203));
#7913 = VECTOR('',#7914,1.);
#7914 = DIRECTION('',(-0.,1.,0.));
#7915 = PLANE('',#7916);
#7916 = AXIS2_PLACEMENT_3D('',#7917,#7918,#7919);
#7917 = CARTESIAN_POINT('',(3.1,1.51,0.));
#7918 = DIRECTION('',(1.,0.,-0.));
#7919 = DIRECTION('',(0.,0.,1.));
#7920 = ADVANCED_FACE('',(#7921),#7955,.T.);
#7921 = FACE_BOUND('',#7922,.T.);
#7922 = EDGE_LOOP('',(#7923,#7933,#7941,#7949));
#7923 = ORIENTED_EDGE('',*,*,#7924,.F.);
#7924 = EDGE_CURVE('',#7925,#7927,#7929,.T.);
#7925 = VERTEX_POINT('',#7926);
#7926 = CARTESIAN_POINT('',(3.5,1.51,0.));
#7927 = VERTEX_POINT('',#7928);
#7928 = CARTESIAN_POINT('',(3.5,1.51,0.203));
#7929 = LINE('',#7930,#7931);
#7930 = CARTESIAN_POINT('',(3.5,1.51,0.));
#7931 = VECTOR('',#7932,1.);
#7932 = DIRECTION('',(0.,0.,1.));
#7933 = ORIENTED_EDGE('',*,*,#7934,.T.);
#7934 = EDGE_CURVE('',#7925,#7935,#7937,.T.);
#7935 = VERTEX_POINT('',#7936);
#7936 = CARTESIAN_POINT('',(3.5,1.69,0.));
#7937 = LINE('',#7938,#7939);
#7938 = CARTESIAN_POINT('',(3.5,1.51,0.));
#7939 = VECTOR('',#7940,1.);
#7940 = DIRECTION('',(-0.,1.,0.));
#7941 = ORIENTED_EDGE('',*,*,#7942,.T.);
#7942 = EDGE_CURVE('',#7935,#7943,#7945,.T.);
#7943 = VERTEX_POINT('',#7944);
#7944 = CARTESIAN_POINT('',(3.5,1.69,0.203));
#7945 = LINE('',#7946,#7947);
#7946 = CARTESIAN_POINT('',(3.5,1.69,0.));
#7947 = VECTOR('',#7948,1.);
#7948 = DIRECTION('',(0.,0.,1.));
#7949 = ORIENTED_EDGE('',*,*,#7950,.F.);
#7950 = EDGE_CURVE('',#7927,#7943,#7951,.T.);
#7951 = LINE('',#7952,#7953);
#7952 = CARTESIAN_POINT('',(3.5,1.51,0.203));
#7953 = VECTOR('',#7954,1.);
#7954 = DIRECTION('',(-0.,1.,0.));
#7955 = PLANE('',#7956);
#7956 = AXIS2_PLACEMENT_3D('',#7957,#7958,#7959);
#7957 = CARTESIAN_POINT('',(3.5,1.51,0.));
#7958 = DIRECTION('',(1.,0.,-0.));
#7959 = DIRECTION('',(0.,0.,1.));
#7960 = ADVANCED_FACE('',(#7961),#7977,.F.);
#7961 = FACE_BOUND('',#7962,.F.);
#7962 = EDGE_LOOP('',(#7963,#7969,#7970,#7976));
#7963 = ORIENTED_EDGE('',*,*,#7964,.F.);
#7964 = EDGE_CURVE('',#7885,#7925,#7965,.T.);
#7965 = LINE('',#7966,#7967);
#7966 = CARTESIAN_POINT('',(3.1,1.51,0.));
#7967 = VECTOR('',#7968,1.);
#7968 = DIRECTION('',(1.,0.,-0.));
#7969 = ORIENTED_EDGE('',*,*,#7884,.T.);
#7970 = ORIENTED_EDGE('',*,*,#7971,.T.);
#7971 = EDGE_CURVE('',#7887,#7927,#7972,.T.);
#7972 = LINE('',#7973,#7974);
#7973 = CARTESIAN_POINT('',(3.1,1.51,0.203));
#7974 = VECTOR('',#7975,1.);
#7975 = DIRECTION('',(1.,0.,-0.));
#7976 = ORIENTED_EDGE('',*,*,#7924,.F.);
#7977 = PLANE('',#7978);
#7978 = AXIS2_PLACEMENT_3D('',#7979,#7980,#7981);
#7979 = CARTESIAN_POINT('',(3.1,1.51,0.));
#7980 = DIRECTION('',(-0.,1.,0.));
#7981 = DIRECTION('',(0.,0.,1.));
#7982 = ADVANCED_FACE('',(#7983),#7999,.T.);
#7983 = FACE_BOUND('',#7984,.T.);
#7984 = EDGE_LOOP('',(#7985,#7991,#7992,#7998));
#7985 = ORIENTED_EDGE('',*,*,#7986,.F.);
#7986 = EDGE_CURVE('',#7895,#7935,#7987,.T.);
#7987 = LINE('',#7988,#7989);
#7988 = CARTESIAN_POINT('',(3.1,1.69,0.));
#7989 = VECTOR('',#7990,1.);
#7990 = DIRECTION('',(1.,0.,-0.));
#7991 = ORIENTED_EDGE('',*,*,#7902,.T.);
#7992 = ORIENTED_EDGE('',*,*,#7993,.T.);
#7993 = EDGE_CURVE('',#7903,#7943,#7994,.T.);
#7994 = LINE('',#7995,#7996);
#7995 = CARTESIAN_POINT('',(3.1,1.69,0.203));
#7996 = VECTOR('',#7997,1.);
#7997 = DIRECTION('',(1.,0.,-0.));
#7998 = ORIENTED_EDGE('',*,*,#7942,.F.);
#7999 = PLANE('',#8000);
#8000 = AXIS2_PLACEMENT_3D('',#8001,#8002,#8003);
#8001 = CARTESIAN_POINT('',(3.1,1.69,0.));
#8002 = DIRECTION('',(-0.,1.,0.));
#8003 = DIRECTION('',(0.,0.,1.));
#8004 = ADVANCED_FACE('',(#8005),#8011,.F.);
#8005 = FACE_BOUND('',#8006,.F.);
#8006 = EDGE_LOOP('',(#8007,#8008,#8009,#8010));
#8007 = ORIENTED_EDGE('',*,*,#7894,.F.);
#8008 = ORIENTED_EDGE('',*,*,#7964,.T.);
#8009 = ORIENTED_EDGE('',*,*,#7934,.T.);
#8010 = ORIENTED_EDGE('',*,*,#7986,.F.);
#8011 = PLANE('',#8012);
#8012 = AXIS2_PLACEMENT_3D('',#8013,#8014,#8015);
#8013 = CARTESIAN_POINT('',(3.1,1.51,0.));
#8014 = DIRECTION('',(0.,0.,1.));
#8015 = DIRECTION('',(1.,0.,-0.));
#8016 = ADVANCED_FACE('',(#8017),#8023,.T.);
#8017 = FACE_BOUND('',#8018,.T.);
#8018 = EDGE_LOOP('',(#8019,#8020,#8021,#8022));
#8019 = ORIENTED_EDGE('',*,*,#7910,.F.);
#8020 = ORIENTED_EDGE('',*,*,#7971,.T.);
#8021 = ORIENTED_EDGE('',*,*,#7950,.T.);
#8022 = ORIENTED_EDGE('',*,*,#7993,.F.);
#8023 = PLANE('',#8024);
#8024 = AXIS2_PLACEMENT_3D('',#8025,#8026,#8027);
#8025 = CARTESIAN_POINT('',(3.1,1.51,0.203));
#8026 = DIRECTION('',(0.,0.,1.));
#8027 = DIRECTION('',(1.,0.,-0.));
#8028 = MANIFOLD_SOLID_BREP('',#8029);
#8029 = CLOSED_SHELL('',(#8030,#8070,#8110,#8132,#8154,#8166));
#8030 = ADVANCED_FACE('',(#8031),#8065,.F.);
#8031 = FACE_BOUND('',#8032,.F.);
#8032 = EDGE_LOOP('',(#8033,#8043,#8051,#8059));
#8033 = ORIENTED_EDGE('',*,*,#8034,.F.);
#8034 = EDGE_CURVE('',#8035,#8037,#8039,.T.);
#8035 = VERTEX_POINT('',#8036);
#8036 = CARTESIAN_POINT('',(1.91,-3.5,0.));
#8037 = VERTEX_POINT('',#8038);
#8038 = CARTESIAN_POINT('',(1.91,-3.5,0.203));
#8039 = LINE('',#8040,#8041);
#8040 = CARTESIAN_POINT('',(1.91,-3.5,0.));
#8041 = VECTOR('',#8042,1.);
#8042 = DIRECTION('',(0.,0.,1.));
#8043 = ORIENTED_EDGE('',*,*,#8044,.T.);
#8044 = EDGE_CURVE('',#8035,#8045,#8047,.T.);
#8045 = VERTEX_POINT('',#8046);
#8046 = CARTESIAN_POINT('',(1.91,-3.1,0.));
#8047 = LINE('',#8048,#8049);
#8048 = CARTESIAN_POINT('',(1.91,-3.5,0.));
#8049 = VECTOR('',#8050,1.);
#8050 = DIRECTION('',(-0.,1.,0.));
#8051 = ORIENTED_EDGE('',*,*,#8052,.T.);
#8052 = EDGE_CURVE('',#8045,#8053,#8055,.T.);
#8053 = VERTEX_POINT('',#8054);
#8054 = CARTESIAN_POINT('',(1.91,-3.1,0.203));
#8055 = LINE('',#8056,#8057);
#8056 = CARTESIAN_POINT('',(1.91,-3.1,0.));
#8057 = VECTOR('',#8058,1.);
#8058 = DIRECTION('',(0.,0.,1.));
#8059 = ORIENTED_EDGE('',*,*,#8060,.F.);
#8060 = EDGE_CURVE('',#8037,#8053,#8061,.T.);
#8061 = LINE('',#8062,#8063);
#8062 = CARTESIAN_POINT('',(1.91,-3.5,0.203));
#8063 = VECTOR('',#8064,1.);
#8064 = DIRECTION('',(-0.,1.,0.));
#8065 = PLANE('',#8066);
#8066 = AXIS2_PLACEMENT_3D('',#8067,#8068,#8069);
#8067 = CARTESIAN_POINT('',(1.91,-3.5,0.));
#8068 = DIRECTION('',(1.,0.,-0.));
#8069 = DIRECTION('',(0.,0.,1.));
#8070 = ADVANCED_FACE('',(#8071),#8105,.T.);
#8071 = FACE_BOUND('',#8072,.T.);
#8072 = EDGE_LOOP('',(#8073,#8083,#8091,#8099));
#8073 = ORIENTED_EDGE('',*,*,#8074,.F.);
#8074 = EDGE_CURVE('',#8075,#8077,#8079,.T.);
#8075 = VERTEX_POINT('',#8076);
#8076 = CARTESIAN_POINT('',(2.09,-3.5,0.));
#8077 = VERTEX_POINT('',#8078);
#8078 = CARTESIAN_POINT('',(2.09,-3.5,0.203));
#8079 = LINE('',#8080,#8081);
#8080 = CARTESIAN_POINT('',(2.09,-3.5,0.));
#8081 = VECTOR('',#8082,1.);
#8082 = DIRECTION('',(0.,0.,1.));
#8083 = ORIENTED_EDGE('',*,*,#8084,.T.);
#8084 = EDGE_CURVE('',#8075,#8085,#8087,.T.);
#8085 = VERTEX_POINT('',#8086);
#8086 = CARTESIAN_POINT('',(2.09,-3.1,0.));
#8087 = LINE('',#8088,#8089);
#8088 = CARTESIAN_POINT('',(2.09,-3.5,0.));
#8089 = VECTOR('',#8090,1.);
#8090 = DIRECTION('',(-0.,1.,0.));
#8091 = ORIENTED_EDGE('',*,*,#8092,.T.);
#8092 = EDGE_CURVE('',#8085,#8093,#8095,.T.);
#8093 = VERTEX_POINT('',#8094);
#8094 = CARTESIAN_POINT('',(2.09,-3.1,0.203));
#8095 = LINE('',#8096,#8097);
#8096 = CARTESIAN_POINT('',(2.09,-3.1,0.));
#8097 = VECTOR('',#8098,1.);
#8098 = DIRECTION('',(0.,0.,1.));
#8099 = ORIENTED_EDGE('',*,*,#8100,.F.);
#8100 = EDGE_CURVE('',#8077,#8093,#8101,.T.);
#8101 = LINE('',#8102,#8103);
#8102 = CARTESIAN_POINT('',(2.09,-3.5,0.203));
#8103 = VECTOR('',#8104,1.);
#8104 = DIRECTION('',(-0.,1.,0.));
#8105 = PLANE('',#8106);
#8106 = AXIS2_PLACEMENT_3D('',#8107,#8108,#8109);
#8107 = CARTESIAN_POINT('',(2.09,-3.5,0.));
#8108 = DIRECTION('',(1.,0.,-0.));
#8109 = DIRECTION('',(0.,0.,1.));
#8110 = ADVANCED_FACE('',(#8111),#8127,.F.);
#8111 = FACE_BOUND('',#8112,.F.);
#8112 = EDGE_LOOP('',(#8113,#8119,#8120,#8126));
#8113 = ORIENTED_EDGE('',*,*,#8114,.F.);
#8114 = EDGE_CURVE('',#8035,#8075,#8115,.T.);
#8115 = LINE('',#8116,#8117);
#8116 = CARTESIAN_POINT('',(1.91,-3.5,0.));
#8117 = VECTOR('',#8118,1.);
#8118 = DIRECTION('',(1.,0.,-0.));
#8119 = ORIENTED_EDGE('',*,*,#8034,.T.);
#8120 = ORIENTED_EDGE('',*,*,#8121,.T.);
#8121 = EDGE_CURVE('',#8037,#8077,#8122,.T.);
#8122 = LINE('',#8123,#8124);
#8123 = CARTESIAN_POINT('',(1.91,-3.5,0.203));
#8124 = VECTOR('',#8125,1.);
#8125 = DIRECTION('',(1.,0.,-0.));
#8126 = ORIENTED_EDGE('',*,*,#8074,.F.);
#8127 = PLANE('',#8128);
#8128 = AXIS2_PLACEMENT_3D('',#8129,#8130,#8131);
#8129 = CARTESIAN_POINT('',(1.91,-3.5,0.));
#8130 = DIRECTION('',(-0.,1.,0.));
#8131 = DIRECTION('',(0.,0.,1.));
#8132 = ADVANCED_FACE('',(#8133),#8149,.T.);
#8133 = FACE_BOUND('',#8134,.T.);
#8134 = EDGE_LOOP('',(#8135,#8141,#8142,#8148));
#8135 = ORIENTED_EDGE('',*,*,#8136,.F.);
#8136 = EDGE_CURVE('',#8045,#8085,#8137,.T.);
#8137 = LINE('',#8138,#8139);
#8138 = CARTESIAN_POINT('',(1.91,-3.1,0.));
#8139 = VECTOR('',#8140,1.);
#8140 = DIRECTION('',(1.,0.,-0.));
#8141 = ORIENTED_EDGE('',*,*,#8052,.T.);
#8142 = ORIENTED_EDGE('',*,*,#8143,.T.);
#8143 = EDGE_CURVE('',#8053,#8093,#8144,.T.);
#8144 = LINE('',#8145,#8146);
#8145 = CARTESIAN_POINT('',(1.91,-3.1,0.203));
#8146 = VECTOR('',#8147,1.);
#8147 = DIRECTION('',(1.,0.,-0.));
#8148 = ORIENTED_EDGE('',*,*,#8092,.F.);
#8149 = PLANE('',#8150);
#8150 = AXIS2_PLACEMENT_3D('',#8151,#8152,#8153);
#8151 = CARTESIAN_POINT('',(1.91,-3.1,0.));
#8152 = DIRECTION('',(-0.,1.,0.));
#8153 = DIRECTION('',(0.,0.,1.));
#8154 = ADVANCED_FACE('',(#8155),#8161,.F.);
#8155 = FACE_BOUND('',#8156,.F.);
#8156 = EDGE_LOOP('',(#8157,#8158,#8159,#8160));
#8157 = ORIENTED_EDGE('',*,*,#8044,.F.);
#8158 = ORIENTED_EDGE('',*,*,#8114,.T.);
#8159 = ORIENTED_EDGE('',*,*,#8084,.T.);
#8160 = ORIENTED_EDGE('',*,*,#8136,.F.);
#8161 = PLANE('',#8162);
#8162 = AXIS2_PLACEMENT_3D('',#8163,#8164,#8165);
#8163 = CARTESIAN_POINT('',(1.91,-3.5,0.));
#8164 = DIRECTION('',(0.,0.,1.));
#8165 = DIRECTION('',(1.,0.,-0.));
#8166 = ADVANCED_FACE('',(#8167),#8173,.T.);
#8167 = FACE_BOUND('',#8168,.T.);
#8168 = EDGE_LOOP('',(#8169,#8170,#8171,#8172));
#8169 = ORIENTED_EDGE('',*,*,#8060,.F.);
#8170 = ORIENTED_EDGE('',*,*,#8121,.T.);
#8171 = ORIENTED_EDGE('',*,*,#8100,.T.);
#8172 = ORIENTED_EDGE('',*,*,#8143,.F.);
#8173 = PLANE('',#8174);
#8174 = AXIS2_PLACEMENT_3D('',#8175,#8176,#8177);
#8175 = CARTESIAN_POINT('',(1.91,-3.5,0.203));
#8176 = DIRECTION('',(0.,0.,1.));
#8177 = DIRECTION('',(1.,0.,-0.));
#8178 = MANIFOLD_SOLID_BREP('',#8179);
#8179 = CLOSED_SHELL('',(#8180,#8220,#8260,#8282,#8304,#8316));
#8180 = ADVANCED_FACE('',(#8181),#8215,.F.);
#8181 = FACE_BOUND('',#8182,.F.);
#8182 = EDGE_LOOP('',(#8183,#8193,#8201,#8209));
#8183 = ORIENTED_EDGE('',*,*,#8184,.F.);
#8184 = EDGE_CURVE('',#8185,#8187,#8189,.T.);
#8185 = VERTEX_POINT('',#8186);
#8186 = CARTESIAN_POINT('',(1.91,3.1,0.));
#8187 = VERTEX_POINT('',#8188);
#8188 = CARTESIAN_POINT('',(1.91,3.1,0.203));
#8189 = LINE('',#8190,#8191);
#8190 = CARTESIAN_POINT('',(1.91,3.1,0.));
#8191 = VECTOR('',#8192,1.);
#8192 = DIRECTION('',(0.,0.,1.));
#8193 = ORIENTED_EDGE('',*,*,#8194,.T.);
#8194 = EDGE_CURVE('',#8185,#8195,#8197,.T.);
#8195 = VERTEX_POINT('',#8196);
#8196 = CARTESIAN_POINT('',(1.91,3.5,0.));
#8197 = LINE('',#8198,#8199);
#8198 = CARTESIAN_POINT('',(1.91,3.1,0.));
#8199 = VECTOR('',#8200,1.);
#8200 = DIRECTION('',(-0.,1.,0.));
#8201 = ORIENTED_EDGE('',*,*,#8202,.T.);
#8202 = EDGE_CURVE('',#8195,#8203,#8205,.T.);
#8203 = VERTEX_POINT('',#8204);
#8204 = CARTESIAN_POINT('',(1.91,3.5,0.203));
#8205 = LINE('',#8206,#8207);
#8206 = CARTESIAN_POINT('',(1.91,3.5,0.));
#8207 = VECTOR('',#8208,1.);
#8208 = DIRECTION('',(0.,0.,1.));
#8209 = ORIENTED_EDGE('',*,*,#8210,.F.);
#8210 = EDGE_CURVE('',#8187,#8203,#8211,.T.);
#8211 = LINE('',#8212,#8213);
#8212 = CARTESIAN_POINT('',(1.91,3.1,0.203));
#8213 = VECTOR('',#8214,1.);
#8214 = DIRECTION('',(-0.,1.,0.));
#8215 = PLANE('',#8216);
#8216 = AXIS2_PLACEMENT_3D('',#8217,#8218,#8219);
#8217 = CARTESIAN_POINT('',(1.91,3.1,0.));
#8218 = DIRECTION('',(1.,0.,-0.));
#8219 = DIRECTION('',(0.,0.,1.));
#8220 = ADVANCED_FACE('',(#8221),#8255,.T.);
#8221 = FACE_BOUND('',#8222,.T.);
#8222 = EDGE_LOOP('',(#8223,#8233,#8241,#8249));
#8223 = ORIENTED_EDGE('',*,*,#8224,.F.);
#8224 = EDGE_CURVE('',#8225,#8227,#8229,.T.);
#8225 = VERTEX_POINT('',#8226);
#8226 = CARTESIAN_POINT('',(2.09,3.1,0.));
#8227 = VERTEX_POINT('',#8228);
#8228 = CARTESIAN_POINT('',(2.09,3.1,0.203));
#8229 = LINE('',#8230,#8231);
#8230 = CARTESIAN_POINT('',(2.09,3.1,0.));
#8231 = VECTOR('',#8232,1.);
#8232 = DIRECTION('',(0.,0.,1.));
#8233 = ORIENTED_EDGE('',*,*,#8234,.T.);
#8234 = EDGE_CURVE('',#8225,#8235,#8237,.T.);
#8235 = VERTEX_POINT('',#8236);
#8236 = CARTESIAN_POINT('',(2.09,3.5,0.));
#8237 = LINE('',#8238,#8239);
#8238 = CARTESIAN_POINT('',(2.09,3.1,0.));
#8239 = VECTOR('',#8240,1.);
#8240 = DIRECTION('',(-0.,1.,0.));
#8241 = ORIENTED_EDGE('',*,*,#8242,.T.);
#8242 = EDGE_CURVE('',#8235,#8243,#8245,.T.);
#8243 = VERTEX_POINT('',#8244);
#8244 = CARTESIAN_POINT('',(2.09,3.5,0.203));
#8245 = LINE('',#8246,#8247);
#8246 = CARTESIAN_POINT('',(2.09,3.5,0.));
#8247 = VECTOR('',#8248,1.);
#8248 = DIRECTION('',(0.,0.,1.));
#8249 = ORIENTED_EDGE('',*,*,#8250,.F.);
#8250 = EDGE_CURVE('',#8227,#8243,#8251,.T.);
#8251 = LINE('',#8252,#8253);
#8252 = CARTESIAN_POINT('',(2.09,3.1,0.203));
#8253 = VECTOR('',#8254,1.);
#8254 = DIRECTION('',(-0.,1.,0.));
#8255 = PLANE('',#8256);
#8256 = AXIS2_PLACEMENT_3D('',#8257,#8258,#8259);
#8257 = CARTESIAN_POINT('',(2.09,3.1,0.));
#8258 = DIRECTION('',(1.,0.,-0.));
#8259 = DIRECTION('',(0.,0.,1.));
#8260 = ADVANCED_FACE('',(#8261),#8277,.F.);
#8261 = FACE_BOUND('',#8262,.F.);
#8262 = EDGE_LOOP('',(#8263,#8269,#8270,#8276));
#8263 = ORIENTED_EDGE('',*,*,#8264,.F.);
#8264 = EDGE_CURVE('',#8185,#8225,#8265,.T.);
#8265 = LINE('',#8266,#8267);
#8266 = CARTESIAN_POINT('',(1.91,3.1,0.));
#8267 = VECTOR('',#8268,1.);
#8268 = DIRECTION('',(1.,0.,-0.));
#8269 = ORIENTED_EDGE('',*,*,#8184,.T.);
#8270 = ORIENTED_EDGE('',*,*,#8271,.T.);
#8271 = EDGE_CURVE('',#8187,#8227,#8272,.T.);
#8272 = LINE('',#8273,#8274);
#8273 = CARTESIAN_POINT('',(1.91,3.1,0.203));
#8274 = VECTOR('',#8275,1.);
#8275 = DIRECTION('',(1.,0.,-0.));
#8276 = ORIENTED_EDGE('',*,*,#8224,.F.);
#8277 = PLANE('',#8278);
#8278 = AXIS2_PLACEMENT_3D('',#8279,#8280,#8281);
#8279 = CARTESIAN_POINT('',(1.91,3.1,0.));
#8280 = DIRECTION('',(-0.,1.,0.));
#8281 = DIRECTION('',(0.,0.,1.));
#8282 = ADVANCED_FACE('',(#8283),#8299,.T.);
#8283 = FACE_BOUND('',#8284,.T.);
#8284 = EDGE_LOOP('',(#8285,#8291,#8292,#8298));
#8285 = ORIENTED_EDGE('',*,*,#8286,.F.);
#8286 = EDGE_CURVE('',#8195,#8235,#8287,.T.);
#8287 = LINE('',#8288,#8289);
#8288 = CARTESIAN_POINT('',(1.91,3.5,0.));
#8289 = VECTOR('',#8290,1.);
#8290 = DIRECTION('',(1.,0.,-0.));
#8291 = ORIENTED_EDGE('',*,*,#8202,.T.);
#8292 = ORIENTED_EDGE('',*,*,#8293,.T.);
#8293 = EDGE_CURVE('',#8203,#8243,#8294,.T.);
#8294 = LINE('',#8295,#8296);
#8295 = CARTESIAN_POINT('',(1.91,3.5,0.203));
#8296 = VECTOR('',#8297,1.);
#8297 = DIRECTION('',(1.,0.,-0.));
#8298 = ORIENTED_EDGE('',*,*,#8242,.F.);
#8299 = PLANE('',#8300);
#8300 = AXIS2_PLACEMENT_3D('',#8301,#8302,#8303);
#8301 = CARTESIAN_POINT('',(1.91,3.5,0.));
#8302 = DIRECTION('',(-0.,1.,0.));
#8303 = DIRECTION('',(0.,0.,1.));
#8304 = ADVANCED_FACE('',(#8305),#8311,.F.);
#8305 = FACE_BOUND('',#8306,.F.);
#8306 = EDGE_LOOP('',(#8307,#8308,#8309,#8310));
#8307 = ORIENTED_EDGE('',*,*,#8194,.F.);
#8308 = ORIENTED_EDGE('',*,*,#8264,.T.);
#8309 = ORIENTED_EDGE('',*,*,#8234,.T.);
#8310 = ORIENTED_EDGE('',*,*,#8286,.F.);
#8311 = PLANE('',#8312);
#8312 = AXIS2_PLACEMENT_3D('',#8313,#8314,#8315);
#8313 = CARTESIAN_POINT('',(1.91,3.1,0.));
#8314 = DIRECTION('',(0.,0.,1.));
#8315 = DIRECTION('',(1.,0.,-0.));
#8316 = ADVANCED_FACE('',(#8317),#8323,.T.);
#8317 = FACE_BOUND('',#8318,.T.);
#8318 = EDGE_LOOP('',(#8319,#8320,#8321,#8322));
#8319 = ORIENTED_EDGE('',*,*,#8210,.F.);
#8320 = ORIENTED_EDGE('',*,*,#8271,.T.);
#8321 = ORIENTED_EDGE('',*,*,#8250,.T.);
#8322 = ORIENTED_EDGE('',*,*,#8293,.F.);
#8323 = PLANE('',#8324);
#8324 = AXIS2_PLACEMENT_3D('',#8325,#8326,#8327);
#8325 = CARTESIAN_POINT('',(1.91,3.1,0.203));
#8326 = DIRECTION('',(0.,0.,1.));
#8327 = DIRECTION('',(1.,0.,-0.));
#8328 = MANIFOLD_SOLID_BREP('',#8329);
#8329 = CLOSED_SHELL('',(#8330,#8370,#8410,#8432,#8454,#8466));
#8330 = ADVANCED_FACE('',(#8331),#8365,.F.);
#8331 = FACE_BOUND('',#8332,.F.);
#8332 = EDGE_LOOP('',(#8333,#8343,#8351,#8359));
#8333 = ORIENTED_EDGE('',*,*,#8334,.F.);
#8334 = EDGE_CURVE('',#8335,#8337,#8339,.T.);
#8335 = VERTEX_POINT('',#8336);
#8336 = CARTESIAN_POINT('',(-3.5,1.91,0.));
#8337 = VERTEX_POINT('',#8338);
#8338 = CARTESIAN_POINT('',(-3.5,1.91,0.203));
#8339 = LINE('',#8340,#8341);
#8340 = CARTESIAN_POINT('',(-3.5,1.91,0.));
#8341 = VECTOR('',#8342,1.);
#8342 = DIRECTION('',(0.,0.,1.));
#8343 = ORIENTED_EDGE('',*,*,#8344,.T.);
#8344 = EDGE_CURVE('',#8335,#8345,#8347,.T.);
#8345 = VERTEX_POINT('',#8346);
#8346 = CARTESIAN_POINT('',(-3.5,2.09,0.));
#8347 = LINE('',#8348,#8349);
#8348 = CARTESIAN_POINT('',(-3.5,1.91,0.));
#8349 = VECTOR('',#8350,1.);
#8350 = DIRECTION('',(-0.,1.,0.));
#8351 = ORIENTED_EDGE('',*,*,#8352,.T.);
#8352 = EDGE_CURVE('',#8345,#8353,#8355,.T.);
#8353 = VERTEX_POINT('',#8354);
#8354 = CARTESIAN_POINT('',(-3.5,2.09,0.203));
#8355 = LINE('',#8356,#8357);
#8356 = CARTESIAN_POINT('',(-3.5,2.09,0.));
#8357 = VECTOR('',#8358,1.);
#8358 = DIRECTION('',(0.,0.,1.));
#8359 = ORIENTED_EDGE('',*,*,#8360,.F.);
#8360 = EDGE_CURVE('',#8337,#8353,#8361,.T.);
#8361 = LINE('',#8362,#8363);
#8362 = CARTESIAN_POINT('',(-3.5,1.91,0.203));
#8363 = VECTOR('',#8364,1.);
#8364 = DIRECTION('',(-0.,1.,0.));
#8365 = PLANE('',#8366);
#8366 = AXIS2_PLACEMENT_3D('',#8367,#8368,#8369);
#8367 = CARTESIAN_POINT('',(-3.5,1.91,0.));
#8368 = DIRECTION('',(1.,0.,-0.));
#8369 = DIRECTION('',(0.,0.,1.));
#8370 = ADVANCED_FACE('',(#8371),#8405,.T.);
#8371 = FACE_BOUND('',#8372,.T.);
#8372 = EDGE_LOOP('',(#8373,#8383,#8391,#8399));
#8373 = ORIENTED_EDGE('',*,*,#8374,.F.);
#8374 = EDGE_CURVE('',#8375,#8377,#8379,.T.);
#8375 = VERTEX_POINT('',#8376);
#8376 = CARTESIAN_POINT('',(-3.1,1.91,0.));
#8377 = VERTEX_POINT('',#8378);
#8378 = CARTESIAN_POINT('',(-3.1,1.91,0.203));
#8379 = LINE('',#8380,#8381);
#8380 = CARTESIAN_POINT('',(-3.1,1.91,0.));
#8381 = VECTOR('',#8382,1.);
#8382 = DIRECTION('',(0.,0.,1.));
#8383 = ORIENTED_EDGE('',*,*,#8384,.T.);
#8384 = EDGE_CURVE('',#8375,#8385,#8387,.T.);
#8385 = VERTEX_POINT('',#8386);
#8386 = CARTESIAN_POINT('',(-3.1,2.09,0.));
#8387 = LINE('',#8388,#8389);
#8388 = CARTESIAN_POINT('',(-3.1,1.91,0.));
#8389 = VECTOR('',#8390,1.);
#8390 = DIRECTION('',(-0.,1.,0.));
#8391 = ORIENTED_EDGE('',*,*,#8392,.T.);
#8392 = EDGE_CURVE('',#8385,#8393,#8395,.T.);
#8393 = VERTEX_POINT('',#8394);
#8394 = CARTESIAN_POINT('',(-3.1,2.09,0.203));
#8395 = LINE('',#8396,#8397);
#8396 = CARTESIAN_POINT('',(-3.1,2.09,0.));
#8397 = VECTOR('',#8398,1.);
#8398 = DIRECTION('',(0.,0.,1.));
#8399 = ORIENTED_EDGE('',*,*,#8400,.F.);
#8400 = EDGE_CURVE('',#8377,#8393,#8401,.T.);
#8401 = LINE('',#8402,#8403);
#8402 = CARTESIAN_POINT('',(-3.1,1.91,0.203));
#8403 = VECTOR('',#8404,1.);
#8404 = DIRECTION('',(-0.,1.,0.));
#8405 = PLANE('',#8406);
#8406 = AXIS2_PLACEMENT_3D('',#8407,#8408,#8409);
#8407 = CARTESIAN_POINT('',(-3.1,1.91,0.));
#8408 = DIRECTION('',(1.,0.,-0.));
#8409 = DIRECTION('',(0.,0.,1.));
#8410 = ADVANCED_FACE('',(#8411),#8427,.F.);
#8411 = FACE_BOUND('',#8412,.F.);
#8412 = EDGE_LOOP('',(#8413,#8419,#8420,#8426));
#8413 = ORIENTED_EDGE('',*,*,#8414,.F.);
#8414 = EDGE_CURVE('',#8335,#8375,#8415,.T.);
#8415 = LINE('',#8416,#8417);
#8416 = CARTESIAN_POINT('',(-3.5,1.91,0.));
#8417 = VECTOR('',#8418,1.);
#8418 = DIRECTION('',(1.,0.,-0.));
#8419 = ORIENTED_EDGE('',*,*,#8334,.T.);
#8420 = ORIENTED_EDGE('',*,*,#8421,.T.);
#8421 = EDGE_CURVE('',#8337,#8377,#8422,.T.);
#8422 = LINE('',#8423,#8424);
#8423 = CARTESIAN_POINT('',(-3.5,1.91,0.203));
#8424 = VECTOR('',#8425,1.);
#8425 = DIRECTION('',(1.,0.,-0.));
#8426 = ORIENTED_EDGE('',*,*,#8374,.F.);
#8427 = PLANE('',#8428);
#8428 = AXIS2_PLACEMENT_3D('',#8429,#8430,#8431);
#8429 = CARTESIAN_POINT('',(-3.5,1.91,0.));
#8430 = DIRECTION('',(-0.,1.,0.));
#8431 = DIRECTION('',(0.,0.,1.));
#8432 = ADVANCED_FACE('',(#8433),#8449,.T.);
#8433 = FACE_BOUND('',#8434,.T.);
#8434 = EDGE_LOOP('',(#8435,#8441,#8442,#8448));
#8435 = ORIENTED_EDGE('',*,*,#8436,.F.);
#8436 = EDGE_CURVE('',#8345,#8385,#8437,.T.);
#8437 = LINE('',#8438,#8439);
#8438 = CARTESIAN_POINT('',(-3.5,2.09,0.));
#8439 = VECTOR('',#8440,1.);
#8440 = DIRECTION('',(1.,0.,-0.));
#8441 = ORIENTED_EDGE('',*,*,#8352,.T.);
#8442 = ORIENTED_EDGE('',*,*,#8443,.T.);
#8443 = EDGE_CURVE('',#8353,#8393,#8444,.T.);
#8444 = LINE('',#8445,#8446);
#8445 = CARTESIAN_POINT('',(-3.5,2.09,0.203));
#8446 = VECTOR('',#8447,1.);
#8447 = DIRECTION('',(1.,0.,-0.));
#8448 = ORIENTED_EDGE('',*,*,#8392,.F.);
#8449 = PLANE('',#8450);
#8450 = AXIS2_PLACEMENT_3D('',#8451,#8452,#8453);
#8451 = CARTESIAN_POINT('',(-3.5,2.09,0.));
#8452 = DIRECTION('',(-0.,1.,0.));
#8453 = DIRECTION('',(0.,0.,1.));
#8454 = ADVANCED_FACE('',(#8455),#8461,.F.);
#8455 = FACE_BOUND('',#8456,.F.);
#8456 = EDGE_LOOP('',(#8457,#8458,#8459,#8460));
#8457 = ORIENTED_EDGE('',*,*,#8344,.F.);
#8458 = ORIENTED_EDGE('',*,*,#8414,.T.);
#8459 = ORIENTED_EDGE('',*,*,#8384,.T.);
#8460 = ORIENTED_EDGE('',*,*,#8436,.F.);
#8461 = PLANE('',#8462);
#8462 = AXIS2_PLACEMENT_3D('',#8463,#8464,#8465);
#8463 = CARTESIAN_POINT('',(-3.5,1.91,0.));
#8464 = DIRECTION('',(0.,0.,1.));
#8465 = DIRECTION('',(1.,0.,-0.));
#8466 = ADVANCED_FACE('',(#8467),#8473,.T.);
#8467 = FACE_BOUND('',#8468,.T.);
#8468 = EDGE_LOOP('',(#8469,#8470,#8471,#8472));
#8469 = ORIENTED_EDGE('',*,*,#8360,.F.);
#8470 = ORIENTED_EDGE('',*,*,#8421,.T.);
#8471 = ORIENTED_EDGE('',*,*,#8400,.T.);
#8472 = ORIENTED_EDGE('',*,*,#8443,.F.);
#8473 = PLANE('',#8474);
#8474 = AXIS2_PLACEMENT_3D('',#8475,#8476,#8477);
#8475 = CARTESIAN_POINT('',(-3.5,1.91,0.203));
#8476 = DIRECTION('',(0.,0.,1.));
#8477 = DIRECTION('',(1.,0.,-0.));
#8478 = MANIFOLD_SOLID_BREP('',#8479);
#8479 = CLOSED_SHELL('',(#8480,#8520,#8560,#8582,#8604,#8616));
#8480 = ADVANCED_FACE('',(#8481),#8515,.F.);
#8481 = FACE_BOUND('',#8482,.F.);
#8482 = EDGE_LOOP('',(#8483,#8493,#8501,#8509));
#8483 = ORIENTED_EDGE('',*,*,#8484,.F.);
#8484 = EDGE_CURVE('',#8485,#8487,#8489,.T.);
#8485 = VERTEX_POINT('',#8486);
#8486 = CARTESIAN_POINT('',(3.1,1.91,0.));
#8487 = VERTEX_POINT('',#8488);
#8488 = CARTESIAN_POINT('',(3.1,1.91,0.203));
#8489 = LINE('',#8490,#8491);
#8490 = CARTESIAN_POINT('',(3.1,1.91,0.));
#8491 = VECTOR('',#8492,1.);
#8492 = DIRECTION('',(0.,0.,1.));
#8493 = ORIENTED_EDGE('',*,*,#8494,.T.);
#8494 = EDGE_CURVE('',#8485,#8495,#8497,.T.);
#8495 = VERTEX_POINT('',#8496);
#8496 = CARTESIAN_POINT('',(3.1,2.09,0.));
#8497 = LINE('',#8498,#8499);
#8498 = CARTESIAN_POINT('',(3.1,1.91,0.));
#8499 = VECTOR('',#8500,1.);
#8500 = DIRECTION('',(-0.,1.,0.));
#8501 = ORIENTED_EDGE('',*,*,#8502,.T.);
#8502 = EDGE_CURVE('',#8495,#8503,#8505,.T.);
#8503 = VERTEX_POINT('',#8504);
#8504 = CARTESIAN_POINT('',(3.1,2.09,0.203));
#8505 = LINE('',#8506,#8507);
#8506 = CARTESIAN_POINT('',(3.1,2.09,0.));
#8507 = VECTOR('',#8508,1.);
#8508 = DIRECTION('',(0.,0.,1.));
#8509 = ORIENTED_EDGE('',*,*,#8510,.F.);
#8510 = EDGE_CURVE('',#8487,#8503,#8511,.T.);
#8511 = LINE('',#8512,#8513);
#8512 = CARTESIAN_POINT('',(3.1,1.91,0.203));
#8513 = VECTOR('',#8514,1.);
#8514 = DIRECTION('',(-0.,1.,0.));
#8515 = PLANE('',#8516);
#8516 = AXIS2_PLACEMENT_3D('',#8517,#8518,#8519);
#8517 = CARTESIAN_POINT('',(3.1,1.91,0.));
#8518 = DIRECTION('',(1.,0.,-0.));
#8519 = DIRECTION('',(0.,0.,1.));
#8520 = ADVANCED_FACE('',(#8521),#8555,.T.);
#8521 = FACE_BOUND('',#8522,.T.);
#8522 = EDGE_LOOP('',(#8523,#8533,#8541,#8549));
#8523 = ORIENTED_EDGE('',*,*,#8524,.F.);
#8524 = EDGE_CURVE('',#8525,#8527,#8529,.T.);
#8525 = VERTEX_POINT('',#8526);
#8526 = CARTESIAN_POINT('',(3.5,1.91,0.));
#8527 = VERTEX_POINT('',#8528);
#8528 = CARTESIAN_POINT('',(3.5,1.91,0.203));
#8529 = LINE('',#8530,#8531);
#8530 = CARTESIAN_POINT('',(3.5,1.91,0.));
#8531 = VECTOR('',#8532,1.);
#8532 = DIRECTION('',(0.,0.,1.));
#8533 = ORIENTED_EDGE('',*,*,#8534,.T.);
#8534 = EDGE_CURVE('',#8525,#8535,#8537,.T.);
#8535 = VERTEX_POINT('',#8536);
#8536 = CARTESIAN_POINT('',(3.5,2.09,0.));
#8537 = LINE('',#8538,#8539);
#8538 = CARTESIAN_POINT('',(3.5,1.91,0.));
#8539 = VECTOR('',#8540,1.);
#8540 = DIRECTION('',(-0.,1.,0.));
#8541 = ORIENTED_EDGE('',*,*,#8542,.T.);
#8542 = EDGE_CURVE('',#8535,#8543,#8545,.T.);
#8543 = VERTEX_POINT('',#8544);
#8544 = CARTESIAN_POINT('',(3.5,2.09,0.203));
#8545 = LINE('',#8546,#8547);
#8546 = CARTESIAN_POINT('',(3.5,2.09,0.));
#8547 = VECTOR('',#8548,1.);
#8548 = DIRECTION('',(0.,0.,1.));
#8549 = ORIENTED_EDGE('',*,*,#8550,.F.);
#8550 = EDGE_CURVE('',#8527,#8543,#8551,.T.);
#8551 = LINE('',#8552,#8553);
#8552 = CARTESIAN_POINT('',(3.5,1.91,0.203));
#8553 = VECTOR('',#8554,1.);
#8554 = DIRECTION('',(-0.,1.,0.));
#8555 = PLANE('',#8556);
#8556 = AXIS2_PLACEMENT_3D('',#8557,#8558,#8559);
#8557 = CARTESIAN_POINT('',(3.5,1.91,0.));
#8558 = DIRECTION('',(1.,0.,-0.));
#8559 = DIRECTION('',(0.,0.,1.));
#8560 = ADVANCED_FACE('',(#8561),#8577,.F.);
#8561 = FACE_BOUND('',#8562,.F.);
#8562 = EDGE_LOOP('',(#8563,#8569,#8570,#8576));
#8563 = ORIENTED_EDGE('',*,*,#8564,.F.);
#8564 = EDGE_CURVE('',#8485,#8525,#8565,.T.);
#8565 = LINE('',#8566,#8567);
#8566 = CARTESIAN_POINT('',(3.1,1.91,0.));
#8567 = VECTOR('',#8568,1.);
#8568 = DIRECTION('',(1.,0.,-0.));
#8569 = ORIENTED_EDGE('',*,*,#8484,.T.);
#8570 = ORIENTED_EDGE('',*,*,#8571,.T.);
#8571 = EDGE_CURVE('',#8487,#8527,#8572,.T.);
#8572 = LINE('',#8573,#8574);
#8573 = CARTESIAN_POINT('',(3.1,1.91,0.203));
#8574 = VECTOR('',#8575,1.);
#8575 = DIRECTION('',(1.,0.,-0.));
#8576 = ORIENTED_EDGE('',*,*,#8524,.F.);
#8577 = PLANE('',#8578);
#8578 = AXIS2_PLACEMENT_3D('',#8579,#8580,#8581);
#8579 = CARTESIAN_POINT('',(3.1,1.91,0.));
#8580 = DIRECTION('',(-0.,1.,0.));
#8581 = DIRECTION('',(0.,0.,1.));
#8582 = ADVANCED_FACE('',(#8583),#8599,.T.);
#8583 = FACE_BOUND('',#8584,.T.);
#8584 = EDGE_LOOP('',(#8585,#8591,#8592,#8598));
#8585 = ORIENTED_EDGE('',*,*,#8586,.F.);
#8586 = EDGE_CURVE('',#8495,#8535,#8587,.T.);
#8587 = LINE('',#8588,#8589);
#8588 = CARTESIAN_POINT('',(3.1,2.09,0.));
#8589 = VECTOR('',#8590,1.);
#8590 = DIRECTION('',(1.,0.,-0.));
#8591 = ORIENTED_EDGE('',*,*,#8502,.T.);
#8592 = ORIENTED_EDGE('',*,*,#8593,.T.);
#8593 = EDGE_CURVE('',#8503,#8543,#8594,.T.);
#8594 = LINE('',#8595,#8596);
#8595 = CARTESIAN_POINT('',(3.1,2.09,0.203));
#8596 = VECTOR('',#8597,1.);
#8597 = DIRECTION('',(1.,0.,-0.));
#8598 = ORIENTED_EDGE('',*,*,#8542,.F.);
#8599 = PLANE('',#8600);
#8600 = AXIS2_PLACEMENT_3D('',#8601,#8602,#8603);
#8601 = CARTESIAN_POINT('',(3.1,2.09,0.));
#8602 = DIRECTION('',(-0.,1.,0.));
#8603 = DIRECTION('',(0.,0.,1.));
#8604 = ADVANCED_FACE('',(#8605),#8611,.F.);
#8605 = FACE_BOUND('',#8606,.F.);
#8606 = EDGE_LOOP('',(#8607,#8608,#8609,#8610));
#8607 = ORIENTED_EDGE('',*,*,#8494,.F.);
#8608 = ORIENTED_EDGE('',*,*,#8564,.T.);
#8609 = ORIENTED_EDGE('',*,*,#8534,.T.);
#8610 = ORIENTED_EDGE('',*,*,#8586,.F.);
#8611 = PLANE('',#8612);
#8612 = AXIS2_PLACEMENT_3D('',#8613,#8614,#8615);
#8613 = CARTESIAN_POINT('',(3.1,1.91,0.));
#8614 = DIRECTION('',(0.,0.,1.));
#8615 = DIRECTION('',(1.,0.,-0.));
#8616 = ADVANCED_FACE('',(#8617),#8623,.T.);
#8617 = FACE_BOUND('',#8618,.T.);
#8618 = EDGE_LOOP('',(#8619,#8620,#8621,#8622));
#8619 = ORIENTED_EDGE('',*,*,#8510,.F.);
#8620 = ORIENTED_EDGE('',*,*,#8571,.T.);
#8621 = ORIENTED_EDGE('',*,*,#8550,.T.);
#8622 = ORIENTED_EDGE('',*,*,#8593,.F.);
#8623 = PLANE('',#8624);
#8624 = AXIS2_PLACEMENT_3D('',#8625,#8626,#8627);
#8625 = CARTESIAN_POINT('',(3.1,1.91,0.203));
#8626 = DIRECTION('',(0.,0.,1.));
#8627 = DIRECTION('',(1.,0.,-0.));
#8628 = MANIFOLD_SOLID_BREP('',#8629);
#8629 = CLOSED_SHELL('',(#8630,#8670,#8710,#8732,#8754,#8766));
#8630 = ADVANCED_FACE('',(#8631),#8665,.F.);
#8631 = FACE_BOUND('',#8632,.F.);
#8632 = EDGE_LOOP('',(#8633,#8643,#8651,#8659));
#8633 = ORIENTED_EDGE('',*,*,#8634,.F.);
#8634 = EDGE_CURVE('',#8635,#8637,#8639,.T.);
#8635 = VERTEX_POINT('',#8636);
#8636 = CARTESIAN_POINT('',(2.31,-3.5,0.));
#8637 = VERTEX_POINT('',#8638);
#8638 = CARTESIAN_POINT('',(2.31,-3.5,0.203));
#8639 = LINE('',#8640,#8641);
#8640 = CARTESIAN_POINT('',(2.31,-3.5,0.));
#8641 = VECTOR('',#8642,1.);
#8642 = DIRECTION('',(0.,0.,1.));
#8643 = ORIENTED_EDGE('',*,*,#8644,.T.);
#8644 = EDGE_CURVE('',#8635,#8645,#8647,.T.);
#8645 = VERTEX_POINT('',#8646);
#8646 = CARTESIAN_POINT('',(2.31,-3.1,0.));
#8647 = LINE('',#8648,#8649);
#8648 = CARTESIAN_POINT('',(2.31,-3.5,0.));
#8649 = VECTOR('',#8650,1.);
#8650 = DIRECTION('',(-0.,1.,0.));
#8651 = ORIENTED_EDGE('',*,*,#8652,.T.);
#8652 = EDGE_CURVE('',#8645,#8653,#8655,.T.);
#8653 = VERTEX_POINT('',#8654);
#8654 = CARTESIAN_POINT('',(2.31,-3.1,0.203));
#8655 = LINE('',#8656,#8657);
#8656 = CARTESIAN_POINT('',(2.31,-3.1,0.));
#8657 = VECTOR('',#8658,1.);
#8658 = DIRECTION('',(0.,0.,1.));
#8659 = ORIENTED_EDGE('',*,*,#8660,.F.);
#8660 = EDGE_CURVE('',#8637,#8653,#8661,.T.);
#8661 = LINE('',#8662,#8663);
#8662 = CARTESIAN_POINT('',(2.31,-3.5,0.203));
#8663 = VECTOR('',#8664,1.);
#8664 = DIRECTION('',(-0.,1.,0.));
#8665 = PLANE('',#8666);
#8666 = AXIS2_PLACEMENT_3D('',#8667,#8668,#8669);
#8667 = CARTESIAN_POINT('',(2.31,-3.5,0.));
#8668 = DIRECTION('',(1.,0.,-0.));
#8669 = DIRECTION('',(0.,0.,1.));
#8670 = ADVANCED_FACE('',(#8671),#8705,.T.);
#8671 = FACE_BOUND('',#8672,.T.);
#8672 = EDGE_LOOP('',(#8673,#8683,#8691,#8699));
#8673 = ORIENTED_EDGE('',*,*,#8674,.F.);
#8674 = EDGE_CURVE('',#8675,#8677,#8679,.T.);
#8675 = VERTEX_POINT('',#8676);
#8676 = CARTESIAN_POINT('',(2.49,-3.5,0.));
#8677 = VERTEX_POINT('',#8678);
#8678 = CARTESIAN_POINT('',(2.49,-3.5,0.203));
#8679 = LINE('',#8680,#8681);
#8680 = CARTESIAN_POINT('',(2.49,-3.5,0.));
#8681 = VECTOR('',#8682,1.);
#8682 = DIRECTION('',(0.,0.,1.));
#8683 = ORIENTED_EDGE('',*,*,#8684,.T.);
#8684 = EDGE_CURVE('',#8675,#8685,#8687,.T.);
#8685 = VERTEX_POINT('',#8686);
#8686 = CARTESIAN_POINT('',(2.49,-3.1,0.));
#8687 = LINE('',#8688,#8689);
#8688 = CARTESIAN_POINT('',(2.49,-3.5,0.));
#8689 = VECTOR('',#8690,1.);
#8690 = DIRECTION('',(-0.,1.,0.));
#8691 = ORIENTED_EDGE('',*,*,#8692,.T.);
#8692 = EDGE_CURVE('',#8685,#8693,#8695,.T.);
#8693 = VERTEX_POINT('',#8694);
#8694 = CARTESIAN_POINT('',(2.49,-3.1,0.203));
#8695 = LINE('',#8696,#8697);
#8696 = CARTESIAN_POINT('',(2.49,-3.1,0.));
#8697 = VECTOR('',#8698,1.);
#8698 = DIRECTION('',(0.,0.,1.));
#8699 = ORIENTED_EDGE('',*,*,#8700,.F.);
#8700 = EDGE_CURVE('',#8677,#8693,#8701,.T.);
#8701 = LINE('',#8702,#8703);
#8702 = CARTESIAN_POINT('',(2.49,-3.5,0.203));
#8703 = VECTOR('',#8704,1.);
#8704 = DIRECTION('',(-0.,1.,0.));
#8705 = PLANE('',#8706);
#8706 = AXIS2_PLACEMENT_3D('',#8707,#8708,#8709);
#8707 = CARTESIAN_POINT('',(2.49,-3.5,0.));
#8708 = DIRECTION('',(1.,0.,-0.));
#8709 = DIRECTION('',(0.,0.,1.));
#8710 = ADVANCED_FACE('',(#8711),#8727,.F.);
#8711 = FACE_BOUND('',#8712,.F.);
#8712 = EDGE_LOOP('',(#8713,#8719,#8720,#8726));
#8713 = ORIENTED_EDGE('',*,*,#8714,.F.);
#8714 = EDGE_CURVE('',#8635,#8675,#8715,.T.);
#8715 = LINE('',#8716,#8717);
#8716 = CARTESIAN_POINT('',(2.31,-3.5,0.));
#8717 = VECTOR('',#8718,1.);
#8718 = DIRECTION('',(1.,0.,-0.));
#8719 = ORIENTED_EDGE('',*,*,#8634,.T.);
#8720 = ORIENTED_EDGE('',*,*,#8721,.T.);
#8721 = EDGE_CURVE('',#8637,#8677,#8722,.T.);
#8722 = LINE('',#8723,#8724);
#8723 = CARTESIAN_POINT('',(2.31,-3.5,0.203));
#8724 = VECTOR('',#8725,1.);
#8725 = DIRECTION('',(1.,0.,-0.));
#8726 = ORIENTED_EDGE('',*,*,#8674,.F.);
#8727 = PLANE('',#8728);
#8728 = AXIS2_PLACEMENT_3D('',#8729,#8730,#8731);
#8729 = CARTESIAN_POINT('',(2.31,-3.5,0.));
#8730 = DIRECTION('',(-0.,1.,0.));
#8731 = DIRECTION('',(0.,0.,1.));
#8732 = ADVANCED_FACE('',(#8733),#8749,.T.);
#8733 = FACE_BOUND('',#8734,.T.);
#8734 = EDGE_LOOP('',(#8735,#8741,#8742,#8748));
#8735 = ORIENTED_EDGE('',*,*,#8736,.F.);
#8736 = EDGE_CURVE('',#8645,#8685,#8737,.T.);
#8737 = LINE('',#8738,#8739);
#8738 = CARTESIAN_POINT('',(2.31,-3.1,0.));
#8739 = VECTOR('',#8740,1.);
#8740 = DIRECTION('',(1.,0.,-0.));
#8741 = ORIENTED_EDGE('',*,*,#8652,.T.);
#8742 = ORIENTED_EDGE('',*,*,#8743,.T.);
#8743 = EDGE_CURVE('',#8653,#8693,#8744,.T.);
#8744 = LINE('',#8745,#8746);
#8745 = CARTESIAN_POINT('',(2.31,-3.1,0.203));
#8746 = VECTOR('',#8747,1.);
#8747 = DIRECTION('',(1.,0.,-0.));
#8748 = ORIENTED_EDGE('',*,*,#8692,.F.);
#8749 = PLANE('',#8750);
#8750 = AXIS2_PLACEMENT_3D('',#8751,#8752,#8753);
#8751 = CARTESIAN_POINT('',(2.31,-3.1,0.));
#8752 = DIRECTION('',(-0.,1.,0.));
#8753 = DIRECTION('',(0.,0.,1.));
#8754 = ADVANCED_FACE('',(#8755),#8761,.F.);
#8755 = FACE_BOUND('',#8756,.F.);
#8756 = EDGE_LOOP('',(#8757,#8758,#8759,#8760));
#8757 = ORIENTED_EDGE('',*,*,#8644,.F.);
#8758 = ORIENTED_EDGE('',*,*,#8714,.T.);
#8759 = ORIENTED_EDGE('',*,*,#8684,.T.);
#8760 = ORIENTED_EDGE('',*,*,#8736,.F.);
#8761 = PLANE('',#8762);
#8762 = AXIS2_PLACEMENT_3D('',#8763,#8764,#8765);
#8763 = CARTESIAN_POINT('',(2.31,-3.5,0.));
#8764 = DIRECTION('',(0.,0.,1.));
#8765 = DIRECTION('',(1.,0.,-0.));
#8766 = ADVANCED_FACE('',(#8767),#8773,.T.);
#8767 = FACE_BOUND('',#8768,.T.);
#8768 = EDGE_LOOP('',(#8769,#8770,#8771,#8772));
#8769 = ORIENTED_EDGE('',*,*,#8660,.F.);
#8770 = ORIENTED_EDGE('',*,*,#8721,.T.);
#8771 = ORIENTED_EDGE('',*,*,#8700,.T.);
#8772 = ORIENTED_EDGE('',*,*,#8743,.F.);
#8773 = PLANE('',#8774);
#8774 = AXIS2_PLACEMENT_3D('',#8775,#8776,#8777);
#8775 = CARTESIAN_POINT('',(2.31,-3.5,0.203));
#8776 = DIRECTION('',(0.,0.,1.));
#8777 = DIRECTION('',(1.,0.,-0.));
#8778 = MANIFOLD_SOLID_BREP('',#8779);
#8779 = CLOSED_SHELL('',(#8780,#8820,#8860,#8882,#8904,#8916));
#8780 = ADVANCED_FACE('',(#8781),#8815,.F.);
#8781 = FACE_BOUND('',#8782,.F.);
#8782 = EDGE_LOOP('',(#8783,#8793,#8801,#8809));
#8783 = ORIENTED_EDGE('',*,*,#8784,.F.);
#8784 = EDGE_CURVE('',#8785,#8787,#8789,.T.);
#8785 = VERTEX_POINT('',#8786);
#8786 = CARTESIAN_POINT('',(2.31,3.1,0.));
#8787 = VERTEX_POINT('',#8788);
#8788 = CARTESIAN_POINT('',(2.31,3.1,0.203));
#8789 = LINE('',#8790,#8791);
#8790 = CARTESIAN_POINT('',(2.31,3.1,0.));
#8791 = VECTOR('',#8792,1.);
#8792 = DIRECTION('',(0.,0.,1.));
#8793 = ORIENTED_EDGE('',*,*,#8794,.T.);
#8794 = EDGE_CURVE('',#8785,#8795,#8797,.T.);
#8795 = VERTEX_POINT('',#8796);
#8796 = CARTESIAN_POINT('',(2.31,3.5,0.));
#8797 = LINE('',#8798,#8799);
#8798 = CARTESIAN_POINT('',(2.31,3.1,0.));
#8799 = VECTOR('',#8800,1.);
#8800 = DIRECTION('',(-0.,1.,0.));
#8801 = ORIENTED_EDGE('',*,*,#8802,.T.);
#8802 = EDGE_CURVE('',#8795,#8803,#8805,.T.);
#8803 = VERTEX_POINT('',#8804);
#8804 = CARTESIAN_POINT('',(2.31,3.5,0.203));
#8805 = LINE('',#8806,#8807);
#8806 = CARTESIAN_POINT('',(2.31,3.5,0.));
#8807 = VECTOR('',#8808,1.);
#8808 = DIRECTION('',(0.,0.,1.));
#8809 = ORIENTED_EDGE('',*,*,#8810,.F.);
#8810 = EDGE_CURVE('',#8787,#8803,#8811,.T.);
#8811 = LINE('',#8812,#8813);
#8812 = CARTESIAN_POINT('',(2.31,3.1,0.203));
#8813 = VECTOR('',#8814,1.);
#8814 = DIRECTION('',(-0.,1.,0.));
#8815 = PLANE('',#8816);
#8816 = AXIS2_PLACEMENT_3D('',#8817,#8818,#8819);
#8817 = CARTESIAN_POINT('',(2.31,3.1,0.));
#8818 = DIRECTION('',(1.,0.,-0.));
#8819 = DIRECTION('',(0.,0.,1.));
#8820 = ADVANCED_FACE('',(#8821),#8855,.T.);
#8821 = FACE_BOUND('',#8822,.T.);
#8822 = EDGE_LOOP('',(#8823,#8833,#8841,#8849));
#8823 = ORIENTED_EDGE('',*,*,#8824,.F.);
#8824 = EDGE_CURVE('',#8825,#8827,#8829,.T.);
#8825 = VERTEX_POINT('',#8826);
#8826 = CARTESIAN_POINT('',(2.49,3.1,0.));
#8827 = VERTEX_POINT('',#8828);
#8828 = CARTESIAN_POINT('',(2.49,3.1,0.203));
#8829 = LINE('',#8830,#8831);
#8830 = CARTESIAN_POINT('',(2.49,3.1,0.));
#8831 = VECTOR('',#8832,1.);
#8832 = DIRECTION('',(0.,0.,1.));
#8833 = ORIENTED_EDGE('',*,*,#8834,.T.);
#8834 = EDGE_CURVE('',#8825,#8835,#8837,.T.);
#8835 = VERTEX_POINT('',#8836);
#8836 = CARTESIAN_POINT('',(2.49,3.5,0.));
#8837 = LINE('',#8838,#8839);
#8838 = CARTESIAN_POINT('',(2.49,3.1,0.));
#8839 = VECTOR('',#8840,1.);
#8840 = DIRECTION('',(-0.,1.,0.));
#8841 = ORIENTED_EDGE('',*,*,#8842,.T.);
#8842 = EDGE_CURVE('',#8835,#8843,#8845,.T.);
#8843 = VERTEX_POINT('',#8844);
#8844 = CARTESIAN_POINT('',(2.49,3.5,0.203));
#8845 = LINE('',#8846,#8847);
#8846 = CARTESIAN_POINT('',(2.49,3.5,0.));
#8847 = VECTOR('',#8848,1.);
#8848 = DIRECTION('',(0.,0.,1.));
#8849 = ORIENTED_EDGE('',*,*,#8850,.F.);
#8850 = EDGE_CURVE('',#8827,#8843,#8851,.T.);
#8851 = LINE('',#8852,#8853);
#8852 = CARTESIAN_POINT('',(2.49,3.1,0.203));
#8853 = VECTOR('',#8854,1.);
#8854 = DIRECTION('',(-0.,1.,0.));
#8855 = PLANE('',#8856);
#8856 = AXIS2_PLACEMENT_3D('',#8857,#8858,#8859);
#8857 = CARTESIAN_POINT('',(2.49,3.1,0.));
#8858 = DIRECTION('',(1.,0.,-0.));
#8859 = DIRECTION('',(0.,0.,1.));
#8860 = ADVANCED_FACE('',(#8861),#8877,.F.);
#8861 = FACE_BOUND('',#8862,.F.);
#8862 = EDGE_LOOP('',(#8863,#8869,#8870,#8876));
#8863 = ORIENTED_EDGE('',*,*,#8864,.F.);
#8864 = EDGE_CURVE('',#8785,#8825,#8865,.T.);
#8865 = LINE('',#8866,#8867);
#8866 = CARTESIAN_POINT('',(2.31,3.1,0.));
#8867 = VECTOR('',#8868,1.);
#8868 = DIRECTION('',(1.,0.,-0.));
#8869 = ORIENTED_EDGE('',*,*,#8784,.T.);
#8870 = ORIENTED_EDGE('',*,*,#8871,.T.);
#8871 = EDGE_CURVE('',#8787,#8827,#8872,.T.);
#8872 = LINE('',#8873,#8874);
#8873 = CARTESIAN_POINT('',(2.31,3.1,0.203));
#8874 = VECTOR('',#8875,1.);
#8875 = DIRECTION('',(1.,0.,-0.));
#8876 = ORIENTED_EDGE('',*,*,#8824,.F.);
#8877 = PLANE('',#8878);
#8878 = AXIS2_PLACEMENT_3D('',#8879,#8880,#8881);
#8879 = CARTESIAN_POINT('',(2.31,3.1,0.));
#8880 = DIRECTION('',(-0.,1.,0.));
#8881 = DIRECTION('',(0.,0.,1.));
#8882 = ADVANCED_FACE('',(#8883),#8899,.T.);
#8883 = FACE_BOUND('',#8884,.T.);
#8884 = EDGE_LOOP('',(#8885,#8891,#8892,#8898));
#8885 = ORIENTED_EDGE('',*,*,#8886,.F.);
#8886 = EDGE_CURVE('',#8795,#8835,#8887,.T.);
#8887 = LINE('',#8888,#8889);
#8888 = CARTESIAN_POINT('',(2.31,3.5,0.));
#8889 = VECTOR('',#8890,1.);
#8890 = DIRECTION('',(1.,0.,-0.));
#8891 = ORIENTED_EDGE('',*,*,#8802,.T.);
#8892 = ORIENTED_EDGE('',*,*,#8893,.T.);
#8893 = EDGE_CURVE('',#8803,#8843,#8894,.T.);
#8894 = LINE('',#8895,#8896);
#8895 = CARTESIAN_POINT('',(2.31,3.5,0.203));
#8896 = VECTOR('',#8897,1.);
#8897 = DIRECTION('',(1.,0.,-0.));
#8898 = ORIENTED_EDGE('',*,*,#8842,.F.);
#8899 = PLANE('',#8900);
#8900 = AXIS2_PLACEMENT_3D('',#8901,#8902,#8903);
#8901 = CARTESIAN_POINT('',(2.31,3.5,0.));
#8902 = DIRECTION('',(-0.,1.,0.));
#8903 = DIRECTION('',(0.,0.,1.));
#8904 = ADVANCED_FACE('',(#8905),#8911,.F.);
#8905 = FACE_BOUND('',#8906,.F.);
#8906 = EDGE_LOOP('',(#8907,#8908,#8909,#8910));
#8907 = ORIENTED_EDGE('',*,*,#8794,.F.);
#8908 = ORIENTED_EDGE('',*,*,#8864,.T.);
#8909 = ORIENTED_EDGE('',*,*,#8834,.T.);
#8910 = ORIENTED_EDGE('',*,*,#8886,.F.);
#8911 = PLANE('',#8912);
#8912 = AXIS2_PLACEMENT_3D('',#8913,#8914,#8915);
#8913 = CARTESIAN_POINT('',(2.31,3.1,0.));
#8914 = DIRECTION('',(0.,0.,1.));
#8915 = DIRECTION('',(1.,0.,-0.));
#8916 = ADVANCED_FACE('',(#8917),#8923,.T.);
#8917 = FACE_BOUND('',#8918,.T.);
#8918 = EDGE_LOOP('',(#8919,#8920,#8921,#8922));
#8919 = ORIENTED_EDGE('',*,*,#8810,.F.);
#8920 = ORIENTED_EDGE('',*,*,#8871,.T.);
#8921 = ORIENTED_EDGE('',*,*,#8850,.T.);
#8922 = ORIENTED_EDGE('',*,*,#8893,.F.);
#8923 = PLANE('',#8924);
#8924 = AXIS2_PLACEMENT_3D('',#8925,#8926,#8927);
#8925 = CARTESIAN_POINT('',(2.31,3.1,0.203));
#8926 = DIRECTION('',(0.,0.,1.));
#8927 = DIRECTION('',(1.,0.,-0.));
#8928 = MANIFOLD_SOLID_BREP('',#8929);
#8929 = CLOSED_SHELL('',(#8930,#8970,#9010,#9032,#9054,#9066));
#8930 = ADVANCED_FACE('',(#8931),#8965,.F.);
#8931 = FACE_BOUND('',#8932,.F.);
#8932 = EDGE_LOOP('',(#8933,#8943,#8951,#8959));
#8933 = ORIENTED_EDGE('',*,*,#8934,.F.);
#8934 = EDGE_CURVE('',#8935,#8937,#8939,.T.);
#8935 = VERTEX_POINT('',#8936);
#8936 = CARTESIAN_POINT('',(-3.5,2.31,0.));
#8937 = VERTEX_POINT('',#8938);
#8938 = CARTESIAN_POINT('',(-3.5,2.31,0.203));
#8939 = LINE('',#8940,#8941);
#8940 = CARTESIAN_POINT('',(-3.5,2.31,0.));
#8941 = VECTOR('',#8942,1.);
#8942 = DIRECTION('',(0.,0.,1.));
#8943 = ORIENTED_EDGE('',*,*,#8944,.T.);
#8944 = EDGE_CURVE('',#8935,#8945,#8947,.T.);
#8945 = VERTEX_POINT('',#8946);
#8946 = CARTESIAN_POINT('',(-3.5,2.49,0.));
#8947 = LINE('',#8948,#8949);
#8948 = CARTESIAN_POINT('',(-3.5,2.31,0.));
#8949 = VECTOR('',#8950,1.);
#8950 = DIRECTION('',(-0.,1.,0.));
#8951 = ORIENTED_EDGE('',*,*,#8952,.T.);
#8952 = EDGE_CURVE('',#8945,#8953,#8955,.T.);
#8953 = VERTEX_POINT('',#8954);
#8954 = CARTESIAN_POINT('',(-3.5,2.49,0.203));
#8955 = LINE('',#8956,#8957);
#8956 = CARTESIAN_POINT('',(-3.5,2.49,0.));
#8957 = VECTOR('',#8958,1.);
#8958 = DIRECTION('',(0.,0.,1.));
#8959 = ORIENTED_EDGE('',*,*,#8960,.F.);
#8960 = EDGE_CURVE('',#8937,#8953,#8961,.T.);
#8961 = LINE('',#8962,#8963);
#8962 = CARTESIAN_POINT('',(-3.5,2.31,0.203));
#8963 = VECTOR('',#8964,1.);
#8964 = DIRECTION('',(-0.,1.,0.));
#8965 = PLANE('',#8966);
#8966 = AXIS2_PLACEMENT_3D('',#8967,#8968,#8969);
#8967 = CARTESIAN_POINT('',(-3.5,2.31,0.));
#8968 = DIRECTION('',(1.,0.,-0.));
#8969 = DIRECTION('',(0.,0.,1.));
#8970 = ADVANCED_FACE('',(#8971),#9005,.T.);
#8971 = FACE_BOUND('',#8972,.T.);
#8972 = EDGE_LOOP('',(#8973,#8983,#8991,#8999));
#8973 = ORIENTED_EDGE('',*,*,#8974,.F.);
#8974 = EDGE_CURVE('',#8975,#8977,#8979,.T.);
#8975 = VERTEX_POINT('',#8976);
#8976 = CARTESIAN_POINT('',(-3.1,2.31,0.));
#8977 = VERTEX_POINT('',#8978);
#8978 = CARTESIAN_POINT('',(-3.1,2.31,0.203));
#8979 = LINE('',#8980,#8981);
#8980 = CARTESIAN_POINT('',(-3.1,2.31,0.));
#8981 = VECTOR('',#8982,1.);
#8982 = DIRECTION('',(0.,0.,1.));
#8983 = ORIENTED_EDGE('',*,*,#8984,.T.);
#8984 = EDGE_CURVE('',#8975,#8985,#8987,.T.);
#8985 = VERTEX_POINT('',#8986);
#8986 = CARTESIAN_POINT('',(-3.1,2.49,0.));
#8987 = LINE('',#8988,#8989);
#8988 = CARTESIAN_POINT('',(-3.1,2.31,0.));
#8989 = VECTOR('',#8990,1.);
#8990 = DIRECTION('',(-0.,1.,0.));
#8991 = ORIENTED_EDGE('',*,*,#8992,.T.);
#8992 = EDGE_CURVE('',#8985,#8993,#8995,.T.);
#8993 = VERTEX_POINT('',#8994);
#8994 = CARTESIAN_POINT('',(-3.1,2.49,0.203));
#8995 = LINE('',#8996,#8997);
#8996 = CARTESIAN_POINT('',(-3.1,2.49,0.));
#8997 = VECTOR('',#8998,1.);
#8998 = DIRECTION('',(0.,0.,1.));
#8999 = ORIENTED_EDGE('',*,*,#9000,.F.);
#9000 = EDGE_CURVE('',#8977,#8993,#9001,.T.);
#9001 = LINE('',#9002,#9003);
#9002 = CARTESIAN_POINT('',(-3.1,2.31,0.203));
#9003 = VECTOR('',#9004,1.);
#9004 = DIRECTION('',(-0.,1.,0.));
#9005 = PLANE('',#9006);
#9006 = AXIS2_PLACEMENT_3D('',#9007,#9008,#9009);
#9007 = CARTESIAN_POINT('',(-3.1,2.31,0.));
#9008 = DIRECTION('',(1.,0.,-0.));
#9009 = DIRECTION('',(0.,0.,1.));
#9010 = ADVANCED_FACE('',(#9011),#9027,.F.);
#9011 = FACE_BOUND('',#9012,.F.);
#9012 = EDGE_LOOP('',(#9013,#9019,#9020,#9026));
#9013 = ORIENTED_EDGE('',*,*,#9014,.F.);
#9014 = EDGE_CURVE('',#8935,#8975,#9015,.T.);
#9015 = LINE('',#9016,#9017);
#9016 = CARTESIAN_POINT('',(-3.5,2.31,0.));
#9017 = VECTOR('',#9018,1.);
#9018 = DIRECTION('',(1.,0.,-0.));
#9019 = ORIENTED_EDGE('',*,*,#8934,.T.);
#9020 = ORIENTED_EDGE('',*,*,#9021,.T.);
#9021 = EDGE_CURVE('',#8937,#8977,#9022,.T.);
#9022 = LINE('',#9023,#9024);
#9023 = CARTESIAN_POINT('',(-3.5,2.31,0.203));
#9024 = VECTOR('',#9025,1.);
#9025 = DIRECTION('',(1.,0.,-0.));
#9026 = ORIENTED_EDGE('',*,*,#8974,.F.);
#9027 = PLANE('',#9028);
#9028 = AXIS2_PLACEMENT_3D('',#9029,#9030,#9031);
#9029 = CARTESIAN_POINT('',(-3.5,2.31,0.));
#9030 = DIRECTION('',(-0.,1.,0.));
#9031 = DIRECTION('',(0.,0.,1.));
#9032 = ADVANCED_FACE('',(#9033),#9049,.T.);
#9033 = FACE_BOUND('',#9034,.T.);
#9034 = EDGE_LOOP('',(#9035,#9041,#9042,#9048));
#9035 = ORIENTED_EDGE('',*,*,#9036,.F.);
#9036 = EDGE_CURVE('',#8945,#8985,#9037,.T.);
#9037 = LINE('',#9038,#9039);
#9038 = CARTESIAN_POINT('',(-3.5,2.49,0.));
#9039 = VECTOR('',#9040,1.);
#9040 = DIRECTION('',(1.,0.,-0.));
#9041 = ORIENTED_EDGE('',*,*,#8952,.T.);
#9042 = ORIENTED_EDGE('',*,*,#9043,.T.);
#9043 = EDGE_CURVE('',#8953,#8993,#9044,.T.);
#9044 = LINE('',#9045,#9046);
#9045 = CARTESIAN_POINT('',(-3.5,2.49,0.203));
#9046 = VECTOR('',#9047,1.);
#9047 = DIRECTION('',(1.,0.,-0.));
#9048 = ORIENTED_EDGE('',*,*,#8992,.F.);
#9049 = PLANE('',#9050);
#9050 = AXIS2_PLACEMENT_3D('',#9051,#9052,#9053);
#9051 = CARTESIAN_POINT('',(-3.5,2.49,0.));
#9052 = DIRECTION('',(-0.,1.,0.));
#9053 = DIRECTION('',(0.,0.,1.));
#9054 = ADVANCED_FACE('',(#9055),#9061,.F.);
#9055 = FACE_BOUND('',#9056,.F.);
#9056 = EDGE_LOOP('',(#9057,#9058,#9059,#9060));
#9057 = ORIENTED_EDGE('',*,*,#8944,.F.);
#9058 = ORIENTED_EDGE('',*,*,#9014,.T.);
#9059 = ORIENTED_EDGE('',*,*,#8984,.T.);
#9060 = ORIENTED_EDGE('',*,*,#9036,.F.);
#9061 = PLANE('',#9062);
#9062 = AXIS2_PLACEMENT_3D('',#9063,#9064,#9065);
#9063 = CARTESIAN_POINT('',(-3.5,2.31,0.));
#9064 = DIRECTION('',(0.,0.,1.));
#9065 = DIRECTION('',(1.,0.,-0.));
#9066 = ADVANCED_FACE('',(#9067),#9073,.T.);
#9067 = FACE_BOUND('',#9068,.T.);
#9068 = EDGE_LOOP('',(#9069,#9070,#9071,#9072));
#9069 = ORIENTED_EDGE('',*,*,#8960,.F.);
#9070 = ORIENTED_EDGE('',*,*,#9021,.T.);
#9071 = ORIENTED_EDGE('',*,*,#9000,.T.);
#9072 = ORIENTED_EDGE('',*,*,#9043,.F.);
#9073 = PLANE('',#9074);
#9074 = AXIS2_PLACEMENT_3D('',#9075,#9076,#9077);
#9075 = CARTESIAN_POINT('',(-3.5,2.31,0.203));
#9076 = DIRECTION('',(0.,0.,1.));
#9077 = DIRECTION('',(1.,0.,-0.));
#9078 = MANIFOLD_SOLID_BREP('',#9079);
#9079 = CLOSED_SHELL('',(#9080,#9120,#9160,#9182,#9204,#9216));
#9080 = ADVANCED_FACE('',(#9081),#9115,.F.);
#9081 = FACE_BOUND('',#9082,.F.);
#9082 = EDGE_LOOP('',(#9083,#9093,#9101,#9109));
#9083 = ORIENTED_EDGE('',*,*,#9084,.F.);
#9084 = EDGE_CURVE('',#9085,#9087,#9089,.T.);
#9085 = VERTEX_POINT('',#9086);
#9086 = CARTESIAN_POINT('',(3.1,2.31,0.));
#9087 = VERTEX_POINT('',#9088);
#9088 = CARTESIAN_POINT('',(3.1,2.31,0.203));
#9089 = LINE('',#9090,#9091);
#9090 = CARTESIAN_POINT('',(3.1,2.31,0.));
#9091 = VECTOR('',#9092,1.);
#9092 = DIRECTION('',(0.,0.,1.));
#9093 = ORIENTED_EDGE('',*,*,#9094,.T.);
#9094 = EDGE_CURVE('',#9085,#9095,#9097,.T.);
#9095 = VERTEX_POINT('',#9096);
#9096 = CARTESIAN_POINT('',(3.1,2.49,0.));
#9097 = LINE('',#9098,#9099);
#9098 = CARTESIAN_POINT('',(3.1,2.31,0.));
#9099 = VECTOR('',#9100,1.);
#9100 = DIRECTION('',(-0.,1.,0.));
#9101 = ORIENTED_EDGE('',*,*,#9102,.T.);
#9102 = EDGE_CURVE('',#9095,#9103,#9105,.T.);
#9103 = VERTEX_POINT('',#9104);
#9104 = CARTESIAN_POINT('',(3.1,2.49,0.203));
#9105 = LINE('',#9106,#9107);
#9106 = CARTESIAN_POINT('',(3.1,2.49,0.));
#9107 = VECTOR('',#9108,1.);
#9108 = DIRECTION('',(0.,0.,1.));
#9109 = ORIENTED_EDGE('',*,*,#9110,.F.);
#9110 = EDGE_CURVE('',#9087,#9103,#9111,.T.);
#9111 = LINE('',#9112,#9113);
#9112 = CARTESIAN_POINT('',(3.1,2.31,0.203));
#9113 = VECTOR('',#9114,1.);
#9114 = DIRECTION('',(-0.,1.,0.));
#9115 = PLANE('',#9116);
#9116 = AXIS2_PLACEMENT_3D('',#9117,#9118,#9119);
#9117 = CARTESIAN_POINT('',(3.1,2.31,0.));
#9118 = DIRECTION('',(1.,0.,-0.));
#9119 = DIRECTION('',(0.,0.,1.));
#9120 = ADVANCED_FACE('',(#9121),#9155,.T.);
#9121 = FACE_BOUND('',#9122,.T.);
#9122 = EDGE_LOOP('',(#9123,#9133,#9141,#9149));
#9123 = ORIENTED_EDGE('',*,*,#9124,.F.);
#9124 = EDGE_CURVE('',#9125,#9127,#9129,.T.);
#9125 = VERTEX_POINT('',#9126);
#9126 = CARTESIAN_POINT('',(3.5,2.31,0.));
#9127 = VERTEX_POINT('',#9128);
#9128 = CARTESIAN_POINT('',(3.5,2.31,0.203));
#9129 = LINE('',#9130,#9131);
#9130 = CARTESIAN_POINT('',(3.5,2.31,0.));
#9131 = VECTOR('',#9132,1.);
#9132 = DIRECTION('',(0.,0.,1.));
#9133 = ORIENTED_EDGE('',*,*,#9134,.T.);
#9134 = EDGE_CURVE('',#9125,#9135,#9137,.T.);
#9135 = VERTEX_POINT('',#9136);
#9136 = CARTESIAN_POINT('',(3.5,2.49,0.));
#9137 = LINE('',#9138,#9139);
#9138 = CARTESIAN_POINT('',(3.5,2.31,0.));
#9139 = VECTOR('',#9140,1.);
#9140 = DIRECTION('',(-0.,1.,0.));
#9141 = ORIENTED_EDGE('',*,*,#9142,.T.);
#9142 = EDGE_CURVE('',#9135,#9143,#9145,.T.);
#9143 = VERTEX_POINT('',#9144);
#9144 = CARTESIAN_POINT('',(3.5,2.49,0.203));
#9145 = LINE('',#9146,#9147);
#9146 = CARTESIAN_POINT('',(3.5,2.49,0.));
#9147 = VECTOR('',#9148,1.);
#9148 = DIRECTION('',(0.,0.,1.));
#9149 = ORIENTED_EDGE('',*,*,#9150,.F.);
#9150 = EDGE_CURVE('',#9127,#9143,#9151,.T.);
#9151 = LINE('',#9152,#9153);
#9152 = CARTESIAN_POINT('',(3.5,2.31,0.203));
#9153 = VECTOR('',#9154,1.);
#9154 = DIRECTION('',(-0.,1.,0.));
#9155 = PLANE('',#9156);
#9156 = AXIS2_PLACEMENT_3D('',#9157,#9158,#9159);
#9157 = CARTESIAN_POINT('',(3.5,2.31,0.));
#9158 = DIRECTION('',(1.,0.,-0.));
#9159 = DIRECTION('',(0.,0.,1.));
#9160 = ADVANCED_FACE('',(#9161),#9177,.F.);
#9161 = FACE_BOUND('',#9162,.F.);
#9162 = EDGE_LOOP('',(#9163,#9169,#9170,#9176));
#9163 = ORIENTED_EDGE('',*,*,#9164,.F.);
#9164 = EDGE_CURVE('',#9085,#9125,#9165,.T.);
#9165 = LINE('',#9166,#9167);
#9166 = CARTESIAN_POINT('',(3.1,2.31,0.));
#9167 = VECTOR('',#9168,1.);
#9168 = DIRECTION('',(1.,0.,-0.));
#9169 = ORIENTED_EDGE('',*,*,#9084,.T.);
#9170 = ORIENTED_EDGE('',*,*,#9171,.T.);
#9171 = EDGE_CURVE('',#9087,#9127,#9172,.T.);
#9172 = LINE('',#9173,#9174);
#9173 = CARTESIAN_POINT('',(3.1,2.31,0.203));
#9174 = VECTOR('',#9175,1.);
#9175 = DIRECTION('',(1.,0.,-0.));
#9176 = ORIENTED_EDGE('',*,*,#9124,.F.);
#9177 = PLANE('',#9178);
#9178 = AXIS2_PLACEMENT_3D('',#9179,#9180,#9181);
#9179 = CARTESIAN_POINT('',(3.1,2.31,0.));
#9180 = DIRECTION('',(-0.,1.,0.));
#9181 = DIRECTION('',(0.,0.,1.));
#9182 = ADVANCED_FACE('',(#9183),#9199,.T.);
#9183 = FACE_BOUND('',#9184,.T.);
#9184 = EDGE_LOOP('',(#9185,#9191,#9192,#9198));
#9185 = ORIENTED_EDGE('',*,*,#9186,.F.);
#9186 = EDGE_CURVE('',#9095,#9135,#9187,.T.);
#9187 = LINE('',#9188,#9189);
#9188 = CARTESIAN_POINT('',(3.1,2.49,0.));
#9189 = VECTOR('',#9190,1.);
#9190 = DIRECTION('',(1.,0.,-0.));
#9191 = ORIENTED_EDGE('',*,*,#9102,.T.);
#9192 = ORIENTED_EDGE('',*,*,#9193,.T.);
#9193 = EDGE_CURVE('',#9103,#9143,#9194,.T.);
#9194 = LINE('',#9195,#9196);
#9195 = CARTESIAN_POINT('',(3.1,2.49,0.203));
#9196 = VECTOR('',#9197,1.);
#9197 = DIRECTION('',(1.,0.,-0.));
#9198 = ORIENTED_EDGE('',*,*,#9142,.F.);
#9199 = PLANE('',#9200);
#9200 = AXIS2_PLACEMENT_3D('',#9201,#9202,#9203);
#9201 = CARTESIAN_POINT('',(3.1,2.49,0.));
#9202 = DIRECTION('',(-0.,1.,0.));
#9203 = DIRECTION('',(0.,0.,1.));
#9204 = ADVANCED_FACE('',(#9205),#9211,.F.);
#9205 = FACE_BOUND('',#9206,.F.);
#9206 = EDGE_LOOP('',(#9207,#9208,#9209,#9210));
#9207 = ORIENTED_EDGE('',*,*,#9094,.F.);
#9208 = ORIENTED_EDGE('',*,*,#9164,.T.);
#9209 = ORIENTED_EDGE('',*,*,#9134,.T.);
#9210 = ORIENTED_EDGE('',*,*,#9186,.F.);
#9211 = PLANE('',#9212);
#9212 = AXIS2_PLACEMENT_3D('',#9213,#9214,#9215);
#9213 = CARTESIAN_POINT('',(3.1,2.31,0.));
#9214 = DIRECTION('',(0.,0.,1.));
#9215 = DIRECTION('',(1.,0.,-0.));
#9216 = ADVANCED_FACE('',(#9217),#9223,.T.);
#9217 = FACE_BOUND('',#9218,.T.);
#9218 = EDGE_LOOP('',(#9219,#9220,#9221,#9222));
#9219 = ORIENTED_EDGE('',*,*,#9110,.F.);
#9220 = ORIENTED_EDGE('',*,*,#9171,.T.);
#9221 = ORIENTED_EDGE('',*,*,#9150,.T.);
#9222 = ORIENTED_EDGE('',*,*,#9193,.F.);
#9223 = PLANE('',#9224);
#9224 = AXIS2_PLACEMENT_3D('',#9225,#9226,#9227);
#9225 = CARTESIAN_POINT('',(3.1,2.31,0.203));
#9226 = DIRECTION('',(0.,0.,1.));
#9227 = DIRECTION('',(1.,0.,-0.));
#9228 = MANIFOLD_SOLID_BREP('',#9229);
#9229 = CLOSED_SHELL('',(#9230,#9270,#9310,#9332,#9354,#9366));
#9230 = ADVANCED_FACE('',(#9231),#9265,.F.);
#9231 = FACE_BOUND('',#9232,.F.);
#9232 = EDGE_LOOP('',(#9233,#9243,#9251,#9259));
#9233 = ORIENTED_EDGE('',*,*,#9234,.F.);
#9234 = EDGE_CURVE('',#9235,#9237,#9239,.T.);
#9235 = VERTEX_POINT('',#9236);
#9236 = CARTESIAN_POINT('',(2.71,-3.5,0.));
#9237 = VERTEX_POINT('',#9238);
#9238 = CARTESIAN_POINT('',(2.71,-3.5,0.203));
#9239 = LINE('',#9240,#9241);
#9240 = CARTESIAN_POINT('',(2.71,-3.5,0.));
#9241 = VECTOR('',#9242,1.);
#9242 = DIRECTION('',(0.,0.,1.));
#9243 = ORIENTED_EDGE('',*,*,#9244,.T.);
#9244 = EDGE_CURVE('',#9235,#9245,#9247,.T.);
#9245 = VERTEX_POINT('',#9246);
#9246 = CARTESIAN_POINT('',(2.71,-3.1,0.));
#9247 = LINE('',#9248,#9249);
#9248 = CARTESIAN_POINT('',(2.71,-3.5,0.));
#9249 = VECTOR('',#9250,1.);
#9250 = DIRECTION('',(-0.,1.,0.));
#9251 = ORIENTED_EDGE('',*,*,#9252,.T.);
#9252 = EDGE_CURVE('',#9245,#9253,#9255,.T.);
#9253 = VERTEX_POINT('',#9254);
#9254 = CARTESIAN_POINT('',(2.71,-3.1,0.203));
#9255 = LINE('',#9256,#9257);
#9256 = CARTESIAN_POINT('',(2.71,-3.1,0.));
#9257 = VECTOR('',#9258,1.);
#9258 = DIRECTION('',(0.,0.,1.));
#9259 = ORIENTED_EDGE('',*,*,#9260,.F.);
#9260 = EDGE_CURVE('',#9237,#9253,#9261,.T.);
#9261 = LINE('',#9262,#9263);
#9262 = CARTESIAN_POINT('',(2.71,-3.5,0.203));
#9263 = VECTOR('',#9264,1.);
#9264 = DIRECTION('',(-0.,1.,0.));
#9265 = PLANE('',#9266);
#9266 = AXIS2_PLACEMENT_3D('',#9267,#9268,#9269);
#9267 = CARTESIAN_POINT('',(2.71,-3.5,0.));
#9268 = DIRECTION('',(1.,0.,-0.));
#9269 = DIRECTION('',(0.,0.,1.));
#9270 = ADVANCED_FACE('',(#9271),#9305,.T.);
#9271 = FACE_BOUND('',#9272,.T.);
#9272 = EDGE_LOOP('',(#9273,#9283,#9291,#9299));
#9273 = ORIENTED_EDGE('',*,*,#9274,.F.);
#9274 = EDGE_CURVE('',#9275,#9277,#9279,.T.);
#9275 = VERTEX_POINT('',#9276);
#9276 = CARTESIAN_POINT('',(2.89,-3.5,0.));
#9277 = VERTEX_POINT('',#9278);
#9278 = CARTESIAN_POINT('',(2.89,-3.5,0.203));
#9279 = LINE('',#9280,#9281);
#9280 = CARTESIAN_POINT('',(2.89,-3.5,0.));
#9281 = VECTOR('',#9282,1.);
#9282 = DIRECTION('',(0.,0.,1.));
#9283 = ORIENTED_EDGE('',*,*,#9284,.T.);
#9284 = EDGE_CURVE('',#9275,#9285,#9287,.T.);
#9285 = VERTEX_POINT('',#9286);
#9286 = CARTESIAN_POINT('',(2.89,-3.1,0.));
#9287 = LINE('',#9288,#9289);
#9288 = CARTESIAN_POINT('',(2.89,-3.5,0.));
#9289 = VECTOR('',#9290,1.);
#9290 = DIRECTION('',(-0.,1.,0.));
#9291 = ORIENTED_EDGE('',*,*,#9292,.T.);
#9292 = EDGE_CURVE('',#9285,#9293,#9295,.T.);
#9293 = VERTEX_POINT('',#9294);
#9294 = CARTESIAN_POINT('',(2.89,-3.1,0.203));
#9295 = LINE('',#9296,#9297);
#9296 = CARTESIAN_POINT('',(2.89,-3.1,0.));
#9297 = VECTOR('',#9298,1.);
#9298 = DIRECTION('',(0.,0.,1.));
#9299 = ORIENTED_EDGE('',*,*,#9300,.F.);
#9300 = EDGE_CURVE('',#9277,#9293,#9301,.T.);
#9301 = LINE('',#9302,#9303);
#9302 = CARTESIAN_POINT('',(2.89,-3.5,0.203));
#9303 = VECTOR('',#9304,1.);
#9304 = DIRECTION('',(-0.,1.,0.));
#9305 = PLANE('',#9306);
#9306 = AXIS2_PLACEMENT_3D('',#9307,#9308,#9309);
#9307 = CARTESIAN_POINT('',(2.89,-3.5,0.));
#9308 = DIRECTION('',(1.,0.,-0.));
#9309 = DIRECTION('',(0.,0.,1.));
#9310 = ADVANCED_FACE('',(#9311),#9327,.F.);
#9311 = FACE_BOUND('',#9312,.F.);
#9312 = EDGE_LOOP('',(#9313,#9319,#9320,#9326));
#9313 = ORIENTED_EDGE('',*,*,#9314,.F.);
#9314 = EDGE_CURVE('',#9235,#9275,#9315,.T.);
#9315 = LINE('',#9316,#9317);
#9316 = CARTESIAN_POINT('',(2.71,-3.5,0.));
#9317 = VECTOR('',#9318,1.);
#9318 = DIRECTION('',(1.,0.,-0.));
#9319 = ORIENTED_EDGE('',*,*,#9234,.T.);
#9320 = ORIENTED_EDGE('',*,*,#9321,.T.);
#9321 = EDGE_CURVE('',#9237,#9277,#9322,.T.);
#9322 = LINE('',#9323,#9324);
#9323 = CARTESIAN_POINT('',(2.71,-3.5,0.203));
#9324 = VECTOR('',#9325,1.);
#9325 = DIRECTION('',(1.,0.,-0.));
#9326 = ORIENTED_EDGE('',*,*,#9274,.F.);
#9327 = PLANE('',#9328);
#9328 = AXIS2_PLACEMENT_3D('',#9329,#9330,#9331);
#9329 = CARTESIAN_POINT('',(2.71,-3.5,0.));
#9330 = DIRECTION('',(-0.,1.,0.));
#9331 = DIRECTION('',(0.,0.,1.));
#9332 = ADVANCED_FACE('',(#9333),#9349,.T.);
#9333 = FACE_BOUND('',#9334,.T.);
#9334 = EDGE_LOOP('',(#9335,#9341,#9342,#9348));
#9335 = ORIENTED_EDGE('',*,*,#9336,.F.);
#9336 = EDGE_CURVE('',#9245,#9285,#9337,.T.);
#9337 = LINE('',#9338,#9339);
#9338 = CARTESIAN_POINT('',(2.71,-3.1,0.));
#9339 = VECTOR('',#9340,1.);
#9340 = DIRECTION('',(1.,0.,-0.));
#9341 = ORIENTED_EDGE('',*,*,#9252,.T.);
#9342 = ORIENTED_EDGE('',*,*,#9343,.T.);
#9343 = EDGE_CURVE('',#9253,#9293,#9344,.T.);
#9344 = LINE('',#9345,#9346);
#9345 = CARTESIAN_POINT('',(2.71,-3.1,0.203));
#9346 = VECTOR('',#9347,1.);
#9347 = DIRECTION('',(1.,0.,-0.));
#9348 = ORIENTED_EDGE('',*,*,#9292,.F.);
#9349 = PLANE('',#9350);
#9350 = AXIS2_PLACEMENT_3D('',#9351,#9352,#9353);
#9351 = CARTESIAN_POINT('',(2.71,-3.1,0.));
#9352 = DIRECTION('',(-0.,1.,0.));
#9353 = DIRECTION('',(0.,0.,1.));
#9354 = ADVANCED_FACE('',(#9355),#9361,.F.);
#9355 = FACE_BOUND('',#9356,.F.);
#9356 = EDGE_LOOP('',(#9357,#9358,#9359,#9360));
#9357 = ORIENTED_EDGE('',*,*,#9244,.F.);
#9358 = ORIENTED_EDGE('',*,*,#9314,.T.);
#9359 = ORIENTED_EDGE('',*,*,#9284,.T.);
#9360 = ORIENTED_EDGE('',*,*,#9336,.F.);
#9361 = PLANE('',#9362);
#9362 = AXIS2_PLACEMENT_3D('',#9363,#9364,#9365);
#9363 = CARTESIAN_POINT('',(2.71,-3.5,0.));
#9364 = DIRECTION('',(0.,0.,1.));
#9365 = DIRECTION('',(1.,0.,-0.));
#9366 = ADVANCED_FACE('',(#9367),#9373,.T.);
#9367 = FACE_BOUND('',#9368,.T.);
#9368 = EDGE_LOOP('',(#9369,#9370,#9371,#9372));
#9369 = ORIENTED_EDGE('',*,*,#9260,.F.);
#9370 = ORIENTED_EDGE('',*,*,#9321,.T.);
#9371 = ORIENTED_EDGE('',*,*,#9300,.T.);
#9372 = ORIENTED_EDGE('',*,*,#9343,.F.);
#9373 = PLANE('',#9374);
#9374 = AXIS2_PLACEMENT_3D('',#9375,#9376,#9377);
#9375 = CARTESIAN_POINT('',(2.71,-3.5,0.203));
#9376 = DIRECTION('',(0.,0.,1.));
#9377 = DIRECTION('',(1.,0.,-0.));
#9378 = MANIFOLD_SOLID_BREP('',#9379);
#9379 = CLOSED_SHELL('',(#9380,#9420,#9460,#9482,#9504,#9516));
#9380 = ADVANCED_FACE('',(#9381),#9415,.F.);
#9381 = FACE_BOUND('',#9382,.F.);
#9382 = EDGE_LOOP('',(#9383,#9393,#9401,#9409));
#9383 = ORIENTED_EDGE('',*,*,#9384,.F.);
#9384 = EDGE_CURVE('',#9385,#9387,#9389,.T.);
#9385 = VERTEX_POINT('',#9386);
#9386 = CARTESIAN_POINT('',(2.71,3.1,0.));
#9387 = VERTEX_POINT('',#9388);
#9388 = CARTESIAN_POINT('',(2.71,3.1,0.203));
#9389 = LINE('',#9390,#9391);
#9390 = CARTESIAN_POINT('',(2.71,3.1,0.));
#9391 = VECTOR('',#9392,1.);
#9392 = DIRECTION('',(0.,0.,1.));
#9393 = ORIENTED_EDGE('',*,*,#9394,.T.);
#9394 = EDGE_CURVE('',#9385,#9395,#9397,.T.);
#9395 = VERTEX_POINT('',#9396);
#9396 = CARTESIAN_POINT('',(2.71,3.5,0.));
#9397 = LINE('',#9398,#9399);
#9398 = CARTESIAN_POINT('',(2.71,3.1,0.));
#9399 = VECTOR('',#9400,1.);
#9400 = DIRECTION('',(-0.,1.,0.));
#9401 = ORIENTED_EDGE('',*,*,#9402,.T.);
#9402 = EDGE_CURVE('',#9395,#9403,#9405,.T.);
#9403 = VERTEX_POINT('',#9404);
#9404 = CARTESIAN_POINT('',(2.71,3.5,0.203));
#9405 = LINE('',#9406,#9407);
#9406 = CARTESIAN_POINT('',(2.71,3.5,0.));
#9407 = VECTOR('',#9408,1.);
#9408 = DIRECTION('',(0.,0.,1.));
#9409 = ORIENTED_EDGE('',*,*,#9410,.F.);
#9410 = EDGE_CURVE('',#9387,#9403,#9411,.T.);
#9411 = LINE('',#9412,#9413);
#9412 = CARTESIAN_POINT('',(2.71,3.1,0.203));
#9413 = VECTOR('',#9414,1.);
#9414 = DIRECTION('',(-0.,1.,0.));
#9415 = PLANE('',#9416);
#9416 = AXIS2_PLACEMENT_3D('',#9417,#9418,#9419);
#9417 = CARTESIAN_POINT('',(2.71,3.1,0.));
#9418 = DIRECTION('',(1.,0.,-0.));
#9419 = DIRECTION('',(0.,0.,1.));
#9420 = ADVANCED_FACE('',(#9421),#9455,.T.);
#9421 = FACE_BOUND('',#9422,.T.);
#9422 = EDGE_LOOP('',(#9423,#9433,#9441,#9449));
#9423 = ORIENTED_EDGE('',*,*,#9424,.F.);
#9424 = EDGE_CURVE('',#9425,#9427,#9429,.T.);
#9425 = VERTEX_POINT('',#9426);
#9426 = CARTESIAN_POINT('',(2.89,3.1,0.));
#9427 = VERTEX_POINT('',#9428);
#9428 = CARTESIAN_POINT('',(2.89,3.1,0.203));
#9429 = LINE('',#9430,#9431);
#9430 = CARTESIAN_POINT('',(2.89,3.1,0.));
#9431 = VECTOR('',#9432,1.);
#9432 = DIRECTION('',(0.,0.,1.));
#9433 = ORIENTED_EDGE('',*,*,#9434,.T.);
#9434 = EDGE_CURVE('',#9425,#9435,#9437,.T.);
#9435 = VERTEX_POINT('',#9436);
#9436 = CARTESIAN_POINT('',(2.89,3.5,0.));
#9437 = LINE('',#9438,#9439);
#9438 = CARTESIAN_POINT('',(2.89,3.1,0.));
#9439 = VECTOR('',#9440,1.);
#9440 = DIRECTION('',(-0.,1.,0.));
#9441 = ORIENTED_EDGE('',*,*,#9442,.T.);
#9442 = EDGE_CURVE('',#9435,#9443,#9445,.T.);
#9443 = VERTEX_POINT('',#9444);
#9444 = CARTESIAN_POINT('',(2.89,3.5,0.203));
#9445 = LINE('',#9446,#9447);
#9446 = CARTESIAN_POINT('',(2.89,3.5,0.));
#9447 = VECTOR('',#9448,1.);
#9448 = DIRECTION('',(0.,0.,1.));
#9449 = ORIENTED_EDGE('',*,*,#9450,.F.);
#9450 = EDGE_CURVE('',#9427,#9443,#9451,.T.);
#9451 = LINE('',#9452,#9453);
#9452 = CARTESIAN_POINT('',(2.89,3.1,0.203));
#9453 = VECTOR('',#9454,1.);
#9454 = DIRECTION('',(-0.,1.,0.));
#9455 = PLANE('',#9456);
#9456 = AXIS2_PLACEMENT_3D('',#9457,#9458,#9459);
#9457 = CARTESIAN_POINT('',(2.89,3.1,0.));
#9458 = DIRECTION('',(1.,0.,-0.));
#9459 = DIRECTION('',(0.,0.,1.));
#9460 = ADVANCED_FACE('',(#9461),#9477,.F.);
#9461 = FACE_BOUND('',#9462,.F.);
#9462 = EDGE_LOOP('',(#9463,#9469,#9470,#9476));
#9463 = ORIENTED_EDGE('',*,*,#9464,.F.);
#9464 = EDGE_CURVE('',#9385,#9425,#9465,.T.);
#9465 = LINE('',#9466,#9467);
#9466 = CARTESIAN_POINT('',(2.71,3.1,0.));
#9467 = VECTOR('',#9468,1.);
#9468 = DIRECTION('',(1.,0.,-0.));
#9469 = ORIENTED_EDGE('',*,*,#9384,.T.);
#9470 = ORIENTED_EDGE('',*,*,#9471,.T.);
#9471 = EDGE_CURVE('',#9387,#9427,#9472,.T.);
#9472 = LINE('',#9473,#9474);
#9473 = CARTESIAN_POINT('',(2.71,3.1,0.203));
#9474 = VECTOR('',#9475,1.);
#9475 = DIRECTION('',(1.,0.,-0.));
#9476 = ORIENTED_EDGE('',*,*,#9424,.F.);
#9477 = PLANE('',#9478);
#9478 = AXIS2_PLACEMENT_3D('',#9479,#9480,#9481);
#9479 = CARTESIAN_POINT('',(2.71,3.1,0.));
#9480 = DIRECTION('',(-0.,1.,0.));
#9481 = DIRECTION('',(0.,0.,1.));
#9482 = ADVANCED_FACE('',(#9483),#9499,.T.);
#9483 = FACE_BOUND('',#9484,.T.);
#9484 = EDGE_LOOP('',(#9485,#9491,#9492,#9498));
#9485 = ORIENTED_EDGE('',*,*,#9486,.F.);
#9486 = EDGE_CURVE('',#9395,#9435,#9487,.T.);
#9487 = LINE('',#9488,#9489);
#9488 = CARTESIAN_POINT('',(2.71,3.5,0.));
#9489 = VECTOR('',#9490,1.);
#9490 = DIRECTION('',(1.,0.,-0.));
#9491 = ORIENTED_EDGE('',*,*,#9402,.T.);
#9492 = ORIENTED_EDGE('',*,*,#9493,.T.);
#9493 = EDGE_CURVE('',#9403,#9443,#9494,.T.);
#9494 = LINE('',#9495,#9496);
#9495 = CARTESIAN_POINT('',(2.71,3.5,0.203));
#9496 = VECTOR('',#9497,1.);
#9497 = DIRECTION('',(1.,0.,-0.));
#9498 = ORIENTED_EDGE('',*,*,#9442,.F.);
#9499 = PLANE('',#9500);
#9500 = AXIS2_PLACEMENT_3D('',#9501,#9502,#9503);
#9501 = CARTESIAN_POINT('',(2.71,3.5,0.));
#9502 = DIRECTION('',(-0.,1.,0.));
#9503 = DIRECTION('',(0.,0.,1.));
#9504 = ADVANCED_FACE('',(#9505),#9511,.F.);
#9505 = FACE_BOUND('',#9506,.F.);
#9506 = EDGE_LOOP('',(#9507,#9508,#9509,#9510));
#9507 = ORIENTED_EDGE('',*,*,#9394,.F.);
#9508 = ORIENTED_EDGE('',*,*,#9464,.T.);
#9509 = ORIENTED_EDGE('',*,*,#9434,.T.);
#9510 = ORIENTED_EDGE('',*,*,#9486,.F.);
#9511 = PLANE('',#9512);
#9512 = AXIS2_PLACEMENT_3D('',#9513,#9514,#9515);
#9513 = CARTESIAN_POINT('',(2.71,3.1,0.));
#9514 = DIRECTION('',(0.,0.,1.));
#9515 = DIRECTION('',(1.,0.,-0.));
#9516 = ADVANCED_FACE('',(#9517),#9523,.T.);
#9517 = FACE_BOUND('',#9518,.T.);
#9518 = EDGE_LOOP('',(#9519,#9520,#9521,#9522));
#9519 = ORIENTED_EDGE('',*,*,#9410,.F.);
#9520 = ORIENTED_EDGE('',*,*,#9471,.T.);
#9521 = ORIENTED_EDGE('',*,*,#9450,.T.);
#9522 = ORIENTED_EDGE('',*,*,#9493,.F.);
#9523 = PLANE('',#9524);
#9524 = AXIS2_PLACEMENT_3D('',#9525,#9526,#9527);
#9525 = CARTESIAN_POINT('',(2.71,3.1,0.203));
#9526 = DIRECTION('',(0.,0.,1.));
#9527 = DIRECTION('',(1.,0.,-0.));
#9528 = MANIFOLD_SOLID_BREP('',#9529);
#9529 = CLOSED_SHELL('',(#9530,#9570,#9610,#9632,#9654,#9666));
#9530 = ADVANCED_FACE('',(#9531),#9565,.F.);
#9531 = FACE_BOUND('',#9532,.F.);
#9532 = EDGE_LOOP('',(#9533,#9543,#9551,#9559));
#9533 = ORIENTED_EDGE('',*,*,#9534,.F.);
#9534 = EDGE_CURVE('',#9535,#9537,#9539,.T.);
#9535 = VERTEX_POINT('',#9536);
#9536 = CARTESIAN_POINT('',(-3.5,2.71,0.));
#9537 = VERTEX_POINT('',#9538);
#9538 = CARTESIAN_POINT('',(-3.5,2.71,0.203));
#9539 = LINE('',#9540,#9541);
#9540 = CARTESIAN_POINT('',(-3.5,2.71,0.));
#9541 = VECTOR('',#9542,1.);
#9542 = DIRECTION('',(0.,0.,1.));
#9543 = ORIENTED_EDGE('',*,*,#9544,.T.);
#9544 = EDGE_CURVE('',#9535,#9545,#9547,.T.);
#9545 = VERTEX_POINT('',#9546);
#9546 = CARTESIAN_POINT('',(-3.5,2.89,0.));
#9547 = LINE('',#9548,#9549);
#9548 = CARTESIAN_POINT('',(-3.5,2.71,0.));
#9549 = VECTOR('',#9550,1.);
#9550 = DIRECTION('',(-0.,1.,0.));
#9551 = ORIENTED_EDGE('',*,*,#9552,.T.);
#9552 = EDGE_CURVE('',#9545,#9553,#9555,.T.);
#9553 = VERTEX_POINT('',#9554);
#9554 = CARTESIAN_POINT('',(-3.5,2.89,0.203));
#9555 = LINE('',#9556,#9557);
#9556 = CARTESIAN_POINT('',(-3.5,2.89,0.));
#9557 = VECTOR('',#9558,1.);
#9558 = DIRECTION('',(0.,0.,1.));
#9559 = ORIENTED_EDGE('',*,*,#9560,.F.);
#9560 = EDGE_CURVE('',#9537,#9553,#9561,.T.);
#9561 = LINE('',#9562,#9563);
#9562 = CARTESIAN_POINT('',(-3.5,2.71,0.203));
#9563 = VECTOR('',#9564,1.);
#9564 = DIRECTION('',(-0.,1.,0.));
#9565 = PLANE('',#9566);
#9566 = AXIS2_PLACEMENT_3D('',#9567,#9568,#9569);
#9567 = CARTESIAN_POINT('',(-3.5,2.71,0.));
#9568 = DIRECTION('',(1.,0.,-0.));
#9569 = DIRECTION('',(0.,0.,1.));
#9570 = ADVANCED_FACE('',(#9571),#9605,.T.);
#9571 = FACE_BOUND('',#9572,.T.);
#9572 = EDGE_LOOP('',(#9573,#9583,#9591,#9599));
#9573 = ORIENTED_EDGE('',*,*,#9574,.F.);
#9574 = EDGE_CURVE('',#9575,#9577,#9579,.T.);
#9575 = VERTEX_POINT('',#9576);
#9576 = CARTESIAN_POINT('',(-3.1,2.71,0.));
#9577 = VERTEX_POINT('',#9578);
#9578 = CARTESIAN_POINT('',(-3.1,2.71,0.203));
#9579 = LINE('',#9580,#9581);
#9580 = CARTESIAN_POINT('',(-3.1,2.71,0.));
#9581 = VECTOR('',#9582,1.);
#9582 = DIRECTION('',(0.,0.,1.));
#9583 = ORIENTED_EDGE('',*,*,#9584,.T.);
#9584 = EDGE_CURVE('',#9575,#9585,#9587,.T.);
#9585 = VERTEX_POINT('',#9586);
#9586 = CARTESIAN_POINT('',(-3.1,2.89,0.));
#9587 = LINE('',#9588,#9589);
#9588 = CARTESIAN_POINT('',(-3.1,2.71,0.));
#9589 = VECTOR('',#9590,1.);
#9590 = DIRECTION('',(-0.,1.,0.));
#9591 = ORIENTED_EDGE('',*,*,#9592,.T.);
#9592 = EDGE_CURVE('',#9585,#9593,#9595,.T.);
#9593 = VERTEX_POINT('',#9594);
#9594 = CARTESIAN_POINT('',(-3.1,2.89,0.203));
#9595 = LINE('',#9596,#9597);
#9596 = CARTESIAN_POINT('',(-3.1,2.89,0.));
#9597 = VECTOR('',#9598,1.);
#9598 = DIRECTION('',(0.,0.,1.));
#9599 = ORIENTED_EDGE('',*,*,#9600,.F.);
#9600 = EDGE_CURVE('',#9577,#9593,#9601,.T.);
#9601 = LINE('',#9602,#9603);
#9602 = CARTESIAN_POINT('',(-3.1,2.71,0.203));
#9603 = VECTOR('',#9604,1.);
#9604 = DIRECTION('',(-0.,1.,0.));
#9605 = PLANE('',#9606);
#9606 = AXIS2_PLACEMENT_3D('',#9607,#9608,#9609);
#9607 = CARTESIAN_POINT('',(-3.1,2.71,0.));
#9608 = DIRECTION('',(1.,0.,-0.));
#9609 = DIRECTION('',(0.,0.,1.));
#9610 = ADVANCED_FACE('',(#9611),#9627,.F.);
#9611 = FACE_BOUND('',#9612,.F.);
#9612 = EDGE_LOOP('',(#9613,#9619,#9620,#9626));
#9613 = ORIENTED_EDGE('',*,*,#9614,.F.);
#9614 = EDGE_CURVE('',#9535,#9575,#9615,.T.);
#9615 = LINE('',#9616,#9617);
#9616 = CARTESIAN_POINT('',(-3.5,2.71,0.));
#9617 = VECTOR('',#9618,1.);
#9618 = DIRECTION('',(1.,0.,-0.));
#9619 = ORIENTED_EDGE('',*,*,#9534,.T.);
#9620 = ORIENTED_EDGE('',*,*,#9621,.T.);
#9621 = EDGE_CURVE('',#9537,#9577,#9622,.T.);
#9622 = LINE('',#9623,#9624);
#9623 = CARTESIAN_POINT('',(-3.5,2.71,0.203));
#9624 = VECTOR('',#9625,1.);
#9625 = DIRECTION('',(1.,0.,-0.));
#9626 = ORIENTED_EDGE('',*,*,#9574,.F.);
#9627 = PLANE('',#9628);
#9628 = AXIS2_PLACEMENT_3D('',#9629,#9630,#9631);
#9629 = CARTESIAN_POINT('',(-3.5,2.71,0.));
#9630 = DIRECTION('',(-0.,1.,0.));
#9631 = DIRECTION('',(0.,0.,1.));
#9632 = ADVANCED_FACE('',(#9633),#9649,.T.);
#9633 = FACE_BOUND('',#9634,.T.);
#9634 = EDGE_LOOP('',(#9635,#9641,#9642,#9648));
#9635 = ORIENTED_EDGE('',*,*,#9636,.F.);
#9636 = EDGE_CURVE('',#9545,#9585,#9637,.T.);
#9637 = LINE('',#9638,#9639);
#9638 = CARTESIAN_POINT('',(-3.5,2.89,0.));
#9639 = VECTOR('',#9640,1.);
#9640 = DIRECTION('',(1.,0.,-0.));
#9641 = ORIENTED_EDGE('',*,*,#9552,.T.);
#9642 = ORIENTED_EDGE('',*,*,#9643,.T.);
#9643 = EDGE_CURVE('',#9553,#9593,#9644,.T.);
#9644 = LINE('',#9645,#9646);
#9645 = CARTESIAN_POINT('',(-3.5,2.89,0.203));
#9646 = VECTOR('',#9647,1.);
#9647 = DIRECTION('',(1.,0.,-0.));
#9648 = ORIENTED_EDGE('',*,*,#9592,.F.);
#9649 = PLANE('',#9650);
#9650 = AXIS2_PLACEMENT_3D('',#9651,#9652,#9653);
#9651 = CARTESIAN_POINT('',(-3.5,2.89,0.));
#9652 = DIRECTION('',(-0.,1.,0.));
#9653 = DIRECTION('',(0.,0.,1.));
#9654 = ADVANCED_FACE('',(#9655),#9661,.F.);
#9655 = FACE_BOUND('',#9656,.F.);
#9656 = EDGE_LOOP('',(#9657,#9658,#9659,#9660));
#9657 = ORIENTED_EDGE('',*,*,#9544,.F.);
#9658 = ORIENTED_EDGE('',*,*,#9614,.T.);
#9659 = ORIENTED_EDGE('',*,*,#9584,.T.);
#9660 = ORIENTED_EDGE('',*,*,#9636,.F.);
#9661 = PLANE('',#9662);
#9662 = AXIS2_PLACEMENT_3D('',#9663,#9664,#9665);
#9663 = CARTESIAN_POINT('',(-3.5,2.71,0.));
#9664 = DIRECTION('',(0.,0.,1.));
#9665 = DIRECTION('',(1.,0.,-0.));
#9666 = ADVANCED_FACE('',(#9667),#9673,.T.);
#9667 = FACE_BOUND('',#9668,.T.);
#9668 = EDGE_LOOP('',(#9669,#9670,#9671,#9672));
#9669 = ORIENTED_EDGE('',*,*,#9560,.F.);
#9670 = ORIENTED_EDGE('',*,*,#9621,.T.);
#9671 = ORIENTED_EDGE('',*,*,#9600,.T.);
#9672 = ORIENTED_EDGE('',*,*,#9643,.F.);
#9673 = PLANE('',#9674);
#9674 = AXIS2_PLACEMENT_3D('',#9675,#9676,#9677);
#9675 = CARTESIAN_POINT('',(-3.5,2.71,0.203));
#9676 = DIRECTION('',(0.,0.,1.));
#9677 = DIRECTION('',(1.,0.,-0.));
#9678 = MANIFOLD_SOLID_BREP('',#9679);
#9679 = CLOSED_SHELL('',(#9680,#9720,#9760,#9782,#9804,#9816));
#9680 = ADVANCED_FACE('',(#9681),#9715,.F.);
#9681 = FACE_BOUND('',#9682,.F.);
#9682 = EDGE_LOOP('',(#9683,#9693,#9701,#9709));
#9683 = ORIENTED_EDGE('',*,*,#9684,.F.);
#9684 = EDGE_CURVE('',#9685,#9687,#9689,.T.);
#9685 = VERTEX_POINT('',#9686);
#9686 = CARTESIAN_POINT('',(3.1,2.71,0.));
#9687 = VERTEX_POINT('',#9688);
#9688 = CARTESIAN_POINT('',(3.1,2.71,0.203));
#9689 = LINE('',#9690,#9691);
#9690 = CARTESIAN_POINT('',(3.1,2.71,0.));
#9691 = VECTOR('',#9692,1.);
#9692 = DIRECTION('',(0.,0.,1.));
#9693 = ORIENTED_EDGE('',*,*,#9694,.T.);
#9694 = EDGE_CURVE('',#9685,#9695,#9697,.T.);
#9695 = VERTEX_POINT('',#9696);
#9696 = CARTESIAN_POINT('',(3.1,2.89,0.));
#9697 = LINE('',#9698,#9699);
#9698 = CARTESIAN_POINT('',(3.1,2.71,0.));
#9699 = VECTOR('',#9700,1.);
#9700 = DIRECTION('',(-0.,1.,0.));
#9701 = ORIENTED_EDGE('',*,*,#9702,.T.);
#9702 = EDGE_CURVE('',#9695,#9703,#9705,.T.);
#9703 = VERTEX_POINT('',#9704);
#9704 = CARTESIAN_POINT('',(3.1,2.89,0.203));
#9705 = LINE('',#9706,#9707);
#9706 = CARTESIAN_POINT('',(3.1,2.89,0.));
#9707 = VECTOR('',#9708,1.);
#9708 = DIRECTION('',(0.,0.,1.));
#9709 = ORIENTED_EDGE('',*,*,#9710,.F.);
#9710 = EDGE_CURVE('',#9687,#9703,#9711,.T.);
#9711 = LINE('',#9712,#9713);
#9712 = CARTESIAN_POINT('',(3.1,2.71,0.203));
#9713 = VECTOR('',#9714,1.);
#9714 = DIRECTION('',(-0.,1.,0.));
#9715 = PLANE('',#9716);
#9716 = AXIS2_PLACEMENT_3D('',#9717,#9718,#9719);
#9717 = CARTESIAN_POINT('',(3.1,2.71,0.));
#9718 = DIRECTION('',(1.,0.,-0.));
#9719 = DIRECTION('',(0.,0.,1.));
#9720 = ADVANCED_FACE('',(#9721),#9755,.T.);
#9721 = FACE_BOUND('',#9722,.T.);
#9722 = EDGE_LOOP('',(#9723,#9733,#9741,#9749));
#9723 = ORIENTED_EDGE('',*,*,#9724,.F.);
#9724 = EDGE_CURVE('',#9725,#9727,#9729,.T.);
#9725 = VERTEX_POINT('',#9726);
#9726 = CARTESIAN_POINT('',(3.5,2.71,0.));
#9727 = VERTEX_POINT('',#9728);
#9728 = CARTESIAN_POINT('',(3.5,2.71,0.203));
#9729 = LINE('',#9730,#9731);
#9730 = CARTESIAN_POINT('',(3.5,2.71,0.));
#9731 = VECTOR('',#9732,1.);
#9732 = DIRECTION('',(0.,0.,1.));
#9733 = ORIENTED_EDGE('',*,*,#9734,.T.);
#9734 = EDGE_CURVE('',#9725,#9735,#9737,.T.);
#9735 = VERTEX_POINT('',#9736);
#9736 = CARTESIAN_POINT('',(3.5,2.89,0.));
#9737 = LINE('',#9738,#9739);
#9738 = CARTESIAN_POINT('',(3.5,2.71,0.));
#9739 = VECTOR('',#9740,1.);
#9740 = DIRECTION('',(-0.,1.,0.));
#9741 = ORIENTED_EDGE('',*,*,#9742,.T.);
#9742 = EDGE_CURVE('',#9735,#9743,#9745,.T.);
#9743 = VERTEX_POINT('',#9744);
#9744 = CARTESIAN_POINT('',(3.5,2.89,0.203));
#9745 = LINE('',#9746,#9747);
#9746 = CARTESIAN_POINT('',(3.5,2.89,0.));
#9747 = VECTOR('',#9748,1.);
#9748 = DIRECTION('',(0.,0.,1.));
#9749 = ORIENTED_EDGE('',*,*,#9750,.F.);
#9750 = EDGE_CURVE('',#9727,#9743,#9751,.T.);
#9751 = LINE('',#9752,#9753);
#9752 = CARTESIAN_POINT('',(3.5,2.71,0.203));
#9753 = VECTOR('',#9754,1.);
#9754 = DIRECTION('',(-0.,1.,0.));
#9755 = PLANE('',#9756);
#9756 = AXIS2_PLACEMENT_3D('',#9757,#9758,#9759);
#9757 = CARTESIAN_POINT('',(3.5,2.71,0.));
#9758 = DIRECTION('',(1.,0.,-0.));
#9759 = DIRECTION('',(0.,0.,1.));
#9760 = ADVANCED_FACE('',(#9761),#9777,.F.);
#9761 = FACE_BOUND('',#9762,.F.);
#9762 = EDGE_LOOP('',(#9763,#9769,#9770,#9776));
#9763 = ORIENTED_EDGE('',*,*,#9764,.F.);
#9764 = EDGE_CURVE('',#9685,#9725,#9765,.T.);
#9765 = LINE('',#9766,#9767);
#9766 = CARTESIAN_POINT('',(3.1,2.71,0.));
#9767 = VECTOR('',#9768,1.);
#9768 = DIRECTION('',(1.,0.,-0.));
#9769 = ORIENTED_EDGE('',*,*,#9684,.T.);
#9770 = ORIENTED_EDGE('',*,*,#9771,.T.);
#9771 = EDGE_CURVE('',#9687,#9727,#9772,.T.);
#9772 = LINE('',#9773,#9774);
#9773 = CARTESIAN_POINT('',(3.1,2.71,0.203));
#9774 = VECTOR('',#9775,1.);
#9775 = DIRECTION('',(1.,0.,-0.));
#9776 = ORIENTED_EDGE('',*,*,#9724,.F.);
#9777 = PLANE('',#9778);
#9778 = AXIS2_PLACEMENT_3D('',#9779,#9780,#9781);
#9779 = CARTESIAN_POINT('',(3.1,2.71,0.));
#9780 = DIRECTION('',(-0.,1.,0.));
#9781 = DIRECTION('',(0.,0.,1.));
#9782 = ADVANCED_FACE('',(#9783),#9799,.T.);
#9783 = FACE_BOUND('',#9784,.T.);
#9784 = EDGE_LOOP('',(#9785,#9791,#9792,#9798));
#9785 = ORIENTED_EDGE('',*,*,#9786,.F.);
#9786 = EDGE_CURVE('',#9695,#9735,#9787,.T.);
#9787 = LINE('',#9788,#9789);
#9788 = CARTESIAN_POINT('',(3.1,2.89,0.));
#9789 = VECTOR('',#9790,1.);
#9790 = DIRECTION('',(1.,0.,-0.));
#9791 = ORIENTED_EDGE('',*,*,#9702,.T.);
#9792 = ORIENTED_EDGE('',*,*,#9793,.T.);
#9793 = EDGE_CURVE('',#9703,#9743,#9794,.T.);
#9794 = LINE('',#9795,#9796);
#9795 = CARTESIAN_POINT('',(3.1,2.89,0.203));
#9796 = VECTOR('',#9797,1.);
#9797 = DIRECTION('',(1.,0.,-0.));
#9798 = ORIENTED_EDGE('',*,*,#9742,.F.);
#9799 = PLANE('',#9800);
#9800 = AXIS2_PLACEMENT_3D('',#9801,#9802,#9803);
#9801 = CARTESIAN_POINT('',(3.1,2.89,0.));
#9802 = DIRECTION('',(-0.,1.,0.));
#9803 = DIRECTION('',(0.,0.,1.));
#9804 = ADVANCED_FACE('',(#9805),#9811,.F.);
#9805 = FACE_BOUND('',#9806,.F.);
#9806 = EDGE_LOOP('',(#9807,#9808,#9809,#9810));
#9807 = ORIENTED_EDGE('',*,*,#9694,.F.);
#9808 = ORIENTED_EDGE('',*,*,#9764,.T.);
#9809 = ORIENTED_EDGE('',*,*,#9734,.T.);
#9810 = ORIENTED_EDGE('',*,*,#9786,.F.);
#9811 = PLANE('',#9812);
#9812 = AXIS2_PLACEMENT_3D('',#9813,#9814,#9815);
#9813 = CARTESIAN_POINT('',(3.1,2.71,0.));
#9814 = DIRECTION('',(0.,0.,1.));
#9815 = DIRECTION('',(1.,0.,-0.));
#9816 = ADVANCED_FACE('',(#9817),#9823,.T.);
#9817 = FACE_BOUND('',#9818,.T.);
#9818 = EDGE_LOOP('',(#9819,#9820,#9821,#9822));
#9819 = ORIENTED_EDGE('',*,*,#9710,.F.);
#9820 = ORIENTED_EDGE('',*,*,#9771,.T.);
#9821 = ORIENTED_EDGE('',*,*,#9750,.T.);
#9822 = ORIENTED_EDGE('',*,*,#9793,.F.);
#9823 = PLANE('',#9824);
#9824 = AXIS2_PLACEMENT_3D('',#9825,#9826,#9827);
#9825 = CARTESIAN_POINT('',(3.1,2.71,0.203));
#9826 = DIRECTION('',(0.,0.,1.));
#9827 = DIRECTION('',(1.,0.,-0.));
#9828 = MANIFOLD_SOLID_BREP('',#9829);
#9829 = CLOSED_SHELL('',(#9830,#9863,#9872));
#9830 = ADVANCED_FACE('',(#9831),#9858,.T.);
#9831 = FACE_BOUND('',#9832,.T.);
#9832 = EDGE_LOOP('',(#9833,#9842,#9850,#9857));
#9833 = ORIENTED_EDGE('',*,*,#9834,.F.);
#9834 = EDGE_CURVE('',#9835,#9835,#9837,.T.);
#9835 = VERTEX_POINT('',#9836);
#9836 = CARTESIAN_POINT('',(-2.65,-2.85,0.85));
#9837 = CIRCLE('',#9838,0.2);
#9838 = AXIS2_PLACEMENT_3D('',#9839,#9840,#9841);
#9839 = CARTESIAN_POINT('',(-2.85,-2.85,0.85));
#9840 = DIRECTION('',(0.,0.,1.));
#9841 = DIRECTION('',(1.,0.,-0.));
#9842 = ORIENTED_EDGE('',*,*,#9843,.F.);
#9843 = EDGE_CURVE('',#9844,#9835,#9846,.T.);
#9844 = VERTEX_POINT('',#9845);
#9845 = CARTESIAN_POINT('',(-2.65,-2.85,0.79));
#9846 = LINE('',#9847,#9848);
#9847 = CARTESIAN_POINT('',(-2.65,-2.85,0.79));
#9848 = VECTOR('',#9849,1.);
#9849 = DIRECTION('',(0.,0.,1.));
#9850 = ORIENTED_EDGE('',*,*,#9851,.T.);
#9851 = EDGE_CURVE('',#9844,#9844,#9852,.T.);
#9852 = CIRCLE('',#9853,0.2);
#9853 = AXIS2_PLACEMENT_3D('',#9854,#9855,#9856);
#9854 = CARTESIAN_POINT('',(-2.85,-2.85,0.79));
#9855 = DIRECTION('',(0.,0.,1.));
#9856 = DIRECTION('',(1.,0.,-0.));
#9857 = ORIENTED_EDGE('',*,*,#9843,.T.);
#9858 = CYLINDRICAL_SURFACE('',#9859,0.2);
#9859 = AXIS2_PLACEMENT_3D('',#9860,#9861,#9862);
#9860 = CARTESIAN_POINT('',(-2.85,-2.85,0.79));
#9861 = DIRECTION('',(0.,0.,1.));
#9862 = DIRECTION('',(1.,0.,-0.));
#9863 = ADVANCED_FACE('',(#9864),#9867,.T.);
#9864 = FACE_BOUND('',#9865,.T.);
#9865 = EDGE_LOOP('',(#9866));
#9866 = ORIENTED_EDGE('',*,*,#9834,.T.);
#9867 = PLANE('',#9868);
#9868 = AXIS2_PLACEMENT_3D('',#9869,#9870,#9871);
#9869 = CARTESIAN_POINT('',(-2.85,-2.85,0.85));
#9870 = DIRECTION('',(0.,0.,1.));
#9871 = DIRECTION('',(1.,0.,-0.));
#9872 = ADVANCED_FACE('',(#9873),#9876,.F.);
#9873 = FACE_BOUND('',#9874,.T.);
#9874 = EDGE_LOOP('',(#9875));
#9875 = ORIENTED_EDGE('',*,*,#9851,.F.);
#9876 = PLANE('',#9877);
#9877 = AXIS2_PLACEMENT_3D('',#9878,#9879,#9880);
#9878 = CARTESIAN_POINT('',(-2.85,-2.85,0.79));
#9879 = DIRECTION('',(0.,0.,1.));
#9880 = DIRECTION('',(1.,0.,-0.));
#9881 = ( GEOMETRIC_REPRESENTATION_CONTEXT(3) 
GLOBAL_UNCERTAINTY_ASSIGNED_CONTEXT((#9885)) 
GLOBAL_UNIT_ASSIGNED_CONTEXT((#9882,#9883,#9884)) REPRESENTATION_CONTEXT
('Context #1','3D Context with UNIT and UNCERTAINTY') );
#9882 = ( LENGTH_UNIT() NAMED_UNIT(*) SI_UNIT(.MILLI.,.METRE.) );
#9883 = ( NAMED_UNIT(*) PLANE_ANGLE_UNIT() SI_UNIT($,.RADIAN.) );
#9884 = ( NAMED_UNIT(*) SI_UNIT($,.STERADIAN.) SOLID_ANGLE_UNIT() );
#9885 = UNCERTAINTY_MEASURE_WITH_UNIT(LENGTH_MEASURE(1.E-07),#9882,
  'distance_accuracy_value','confusion accuracy');
#9886 = PRODUCT_RELATED_PRODUCT_CATEGORY('part',$,(#7));
#9887 = COLOUR_RGB('',0.147999998088,0.145000001626,0.145000001626);
#9888 = FILL_AREA_STYLE_COLOUR('',#9887);
#9889 = FILL_AREA_STYLE('',(#9888));
#9890 = SURFACE_STYLE_FILL_AREA(#9889);
#9891 = SURFACE_SIDE_STYLE('',(#9890));
#9892 = SURFACE_STYLE_USAGE(.BOTH.,#9891);
#9893 = PRESENTATION_STYLE_ASSIGNMENT((#9892));
#9894 = COLOUR_RGB('',0.823999987314,0.819999987296,0.781000009244);
#9895 = FILL_AREA_STYLE_COLOUR('',#9894);
#9896 = FILL_AREA_STYLE('',(#9895));
#9897 = SURFACE_STYLE_FILL_AREA(#9896);
#9898 = SURFACE_SIDE_STYLE('',(#9897));
#9899 = SURFACE_STYLE_USAGE(.BOTH.,#9898);
#9900 = PRESENTATION_STYLE_ASSIGNMENT((#9899));
#9901 = COLOUR_RGB('',0.690999998585,0.664000007176,0.597999987832);
#9902 = FILL_AREA_STYLE_COLOUR('',#9901);
#9903 = FILL_AREA_STYLE('',(#9902));
#9904 = SURFACE_STYLE_FILL_AREA(#9903);
#9905 = SURFACE_SIDE_STYLE('',(#9904));
#9906 = SURFACE_STYLE_USAGE(.BOTH.,#9905);
#9907 = PRESENTATION_STYLE_ASSIGNMENT((#9906));
#9908 = STYLED_ITEM('color',(#9893),#15);
#9909 = STYLED_ITEM('color',(#9900),#678);
#9910 = STYLED_ITEM('color',(#9900),#828);
#9911 = STYLED_ITEM('color',(#9900),#978);
#9912 = STYLED_ITEM('color',(#9900),#1128);
#9913 = STYLED_ITEM('color',(#9900),#1278);
#9914 = STYLED_ITEM('color',(#9900),#1428);
#9915 = STYLED_ITEM('color',(#9900),#1578);
#9916 = STYLED_ITEM('color',(#9900),#1728);
#9917 = STYLED_ITEM('color',(#9900),#1878);
#9918 = STYLED_ITEM('color',(#9900),#2028);
#9919 = STYLED_ITEM('color',(#9900),#2178);
#9920 = STYLED_ITEM('color',(#9900),#2328);
#9921 = STYLED_ITEM('color',(#9900),#2478);
#9922 = STYLED_ITEM('color',(#9900),#2628);
#9923 = STYLED_ITEM('color',(#9900),#2778);
#9924 = STYLED_ITEM('color',(#9900),#2928);
#9925 = STYLED_ITEM('color',(#9900),#3078);
#9926 = STYLED_ITEM('color',(#9900),#3228);
#9927 = STYLED_ITEM('color',(#9900),#3378);
#9928 = STYLED_ITEM('color',(#9900),#3528);
#9929 = STYLED_ITEM('color',(#9900),#3678);
#9930 = STYLED_ITEM('color',(#9900),#3828);
#9931 = STYLED_ITEM('color',(#9900),#3978);
#9932 = STYLED_ITEM('color',(#9900),#4128);
#9933 = STYLED_ITEM('color',(#9900),#4278);
#9934 = STYLED_ITEM('color',(#9900),#4428);
#9935 = STYLED_ITEM('color',(#9900),#4578);
#9936 = STYLED_ITEM('color',(#9900),#4728);
#9937 = STYLED_ITEM('color',(#9900),#4878);
#9938 = STYLED_ITEM('color',(#9900),#5028);
#9939 = STYLED_ITEM('color',(#9900),#5178);
#9940 = STYLED_ITEM('color',(#9900),#5328);
#9941 = STYLED_ITEM('color',(#9900),#5478);
#9942 = STYLED_ITEM('color',(#9900),#5628);
#9943 = STYLED_ITEM('color',(#9900),#5778);
#9944 = STYLED_ITEM('color',(#9900),#5928);
#9945 = STYLED_ITEM('color',(#9900),#6078);
#9946 = STYLED_ITEM('color',(#9900),#6228);
#9947 = STYLED_ITEM('color',(#9900),#6378);
#9948 = STYLED_ITEM('color',(#9900),#6528);
#9949 = STYLED_ITEM('color',(#9900),#6678);
#9950 = STYLED_ITEM('color',(#9900),#6828);
#9951 = STYLED_ITEM('color',(#9900),#6978);
#9952 = STYLED_ITEM('color',(#9900),#7128);
#9953 = STYLED_ITEM('color',(#9900),#7278);
#9954 = STYLED_ITEM('color',(#9900),#7428);
#9955 = STYLED_ITEM('color',(#9900),#7578);
#9956 = STYLED_ITEM('color',(#9900),#7728);
#9957 = STYLED_ITEM('color',(#9900),#7878);
#9958 = STYLED_ITEM('color',(#9900),#8028);
#9959 = STYLED_ITEM('color',(#9900),#8178);
#9960 = STYLED_ITEM('color',(#9900),#8328);
#9961 = STYLED_ITEM('color',(#9900),#8478);
#9962 = STYLED_ITEM('color',(#9900),#8628);
#9963 = STYLED_ITEM('color',(#9900),#8778);
#9964 = STYLED_ITEM('color',(#9900),#8928);
#9965 = STYLED_ITEM('color',(#9900),#9078);
#9966 = STYLED_ITEM('color',(#9900),#9228);
#9967 = STYLED_ITEM('color',(#9900),#9378);
#9968 = STYLED_ITEM('color',(#9900),#9528);
#9969 = STYLED_ITEM('color',(#9900),#9678);
#9970 = STYLED_ITEM('color',(#9907),#9828);
#9971 = MECHANICAL_DESIGN_GEOMETRIC_PRESENTATION_REPRESENTATION('',(#9908,#9909,#9910,#9911,#9912,#9913,#9914,#9915,#9916,#9917,#9918,#9919,#9920,#9921,#9922,#9923,#9924,#9925,#9926,#9927,#9928,#9929,#9930,#9931,#9932,#9933,#9934,#9935,#9936,#9937,#9938,#9939,#9940,#9941,#9942,#9943,#9944,#9945,#9946,#9947,#9948,#9949,#9950,#9951,#9952,#9953,#9954,#9955,#9956,#9957,#9958,#9959,#9960,#9961,#9962,#9963,#9964,#9965,#9966,#9967,#9968,#9969,#9970),#9881);
ENDSEC;
END-ISO-10303-21;
